stem	scene	obj	part	instruction_path	positive_path	pos_shape	pos_min	pos_max	instruction_preview	instruction_len
0b5a946368b49b87460c5b6ce1f69c2f93cb236f3f8f572a094de58634d1d9ed_1_1	0b5a946368b49b87460c5b6ce1f69c2f93cb236f3f8f572a094de58634d1d9ed	1	1	/mnt/data/grasp-anything-lgd/data/processed/grasp-anything-pp/grasp_instructions/grasp_instructions/0b5a946368b49b87460c5b6ce1f69c2f93cb236f3f8f572a094de58634d1d9ed_1_1.pkl	/mnt/data/grasp-anything-lgd/data/processed/grasp-anything-pp/grasp_label_positive/grasp_label_positive/0b5a946368b49b87460c5b6ce1f69c2f93cb236f3f8f572a094de58634d1d9ed_1_1.pt	7x6	0.053264	228.275131	Take hold of eraser on its shape.	33
a506cad7ce65697913b2b2271960bc4d8811881fc3bcba3ca64e9fb23b48ad4b_0_1	a506cad7ce65697913b2b2271960bc4d8811881fc3bcba3ca64e9fb23b48ad4b	0	1	/mnt/data/grasp-anything-lgd/data/processed/grasp-anything-pp/grasp_instructions/grasp_instructions/a506cad7ce65697913b2b2271960bc4d8811881fc3bcba3ca64e9fb23b48ad4b_0_1.pkl	/mnt/data/grasp-anything-lgd/data/processed/grasp-anything-pp/grasp_label_positive/grasp_label_positive/a506cad7ce65697913b2b2271960bc4d8811881fc3bcba3ca64e9fb23b48ad4b_0_1.pt	1x6	0.021777	292.361694	Take stapler by its metal clasp.	32
8b4af2b94cba751346f2bfa654643b88bd190648ed413bbe4aeaeb41b519bfdb_1_1	8b4af2b94cba751346f2bfa654643b88bd190648ed413bbe4aeaeb41b519bfdb	1	1	/mnt/data/grasp-anything-lgd/data/processed/grasp-anything-pp/grasp_instructions/grasp_instructions/8b4af2b94cba751346f2bfa654643b88bd190648ed413bbe4aeaeb41b519bfdb_1_1.pkl	/mnt/data/grasp-anything-lgd/data/processed/grasp-anything-pp/grasp_label_positive/grasp_label_positive/8b4af2b94cba751346f2bfa654643b88bd190648ed413bbe4aeaeb41b519bfdb_1_1.pt	17x6	0.032329	385.61377	Grip pencil on its lead.	24
e7326f8d14bde257f9aa49e89a9a6770c3bf5d9ba6da6ee1ee4de18358d3f5ac_1_2	e7326f8d14bde257f9aa49e89a9a6770c3bf5d9ba6da6ee1ee4de18358d3f5ac	1	2	/mnt/data/grasp-anything-lgd/data/processed/grasp-anything-pp/grasp_instructions/grasp_instructions/e7326f8d14bde257f9aa49e89a9a6770c3bf5d9ba6da6ee1ee4de18358d3f5ac_1_2.pkl	/mnt/data/grasp-anything-lgd/data/processed/grasp-anything-pp/grasp_label_positive/grasp_label_positive/e7326f8d14bde257f9aa49e89a9a6770c3bf5d9ba6da6ee1ee4de18358d3f5ac_1_2.pt	2x6	0.056152	166.513611	Fetch apple by its seeds.	25
57d8b0ce36f98a2a47c8f660ff39617bd4bf005193a36e4fefe0b8fcf8c62d12_1_2	57d8b0ce36f98a2a47c8f660ff39617bd4bf005193a36e4fefe0b8fcf8c62d12	1	2	/mnt/data/grasp-anything-lgd/data/processed/grasp-anything-pp/grasp_instructions/grasp_instructions/57d8b0ce36f98a2a47c8f660ff39617bd4bf005193a36e4fefe0b8fcf8c62d12_1_2.pkl	/mnt/data/grasp-anything-lgd/data/processed/grasp-anything-pp/grasp_label_positive/grasp_label_positive/57d8b0ce36f98a2a47c8f660ff39617bd4bf005193a36e4fefe0b8fcf8c62d12_1_2.pt	16x6	0.01597	225.387421	Take hold of soldier on its pose.	33
30be9fc8c4e7516b9cb89f7f32bc229741d008a476eb3df39c8f23e1a971a397_1_0	30be9fc8c4e7516b9cb89f7f32bc229741d008a476eb3df39c8f23e1a971a397	1	0	/mnt/data/grasp-anything-lgd/data/processed/grasp-anything-pp/grasp_instructions/grasp_instructions/30be9fc8c4e7516b9cb89f7f32bc229741d008a476eb3df39c8f23e1a971a397_1_0.pkl	/mnt/data/grasp-anything-lgd/data/processed/grasp-anything-pp/grasp_label_positive/grasp_label_positive/30be9fc8c4e7516b9cb89f7f32bc229741d008a476eb3df39c8f23e1a971a397_1_0.pt	4x6	0.110058	294.068756	Take paperclip by its metal or plastic.	39
562719c111d6dcdf3d45c8e34931a31edce7b958c50760483371887ed5ca00e1_0_2	562719c111d6dcdf3d45c8e34931a31edce7b958c50760483371887ed5ca00e1	0	2	/mnt/data/grasp-anything-lgd/data/processed/grasp-anything-pp/grasp_instructions/grasp_instructions/562719c111d6dcdf3d45c8e34931a31edce7b958c50760483371887ed5ca00e1_0_2.pkl	/mnt/data/grasp-anything-lgd/data/processed/grasp-anything-pp/grasp_label_positive/grasp_label_positive/562719c111d6dcdf3d45c8e34931a31edce7b958c50760483371887ed5ca00e1_0_2.pt	2x6	0.012932	326.566528	Lift stapler by its base.	25
bad6ad0cd6a742879d1623cde770f4250b44527dd2003cd9570bc2ee7f806de4_0_1	bad6ad0cd6a742879d1623cde770f4250b44527dd2003cd9570bc2ee7f806de4	0	1	/mnt/data/grasp-anything-lgd/data/processed/grasp-anything-pp/grasp_instructions/grasp_instructions/bad6ad0cd6a742879d1623cde770f4250b44527dd2003cd9570bc2ee7f806de4_0_1.pkl	/mnt/data/grasp-anything-lgd/data/processed/grasp-anything-pp/grasp_label_positive/grasp_label_positive/bad6ad0cd6a742879d1623cde770f4250b44527dd2003cd9570bc2ee7f806de4_0_1.pt	5x6	0.067473	354.984894	Take hold of pen on its ink or lead.	36
9d00d35d63a834a6d266ca00b61972a07ce526a1132a1994bd9b9d63ea0eed2d_0_2	9d00d35d63a834a6d266ca00b61972a07ce526a1132a1994bd9b9d63ea0eed2d	0	2	/mnt/data/grasp-anything-lgd/data/processed/grasp-anything-pp/grasp_instructions/grasp_instructions/9d00d35d63a834a6d266ca00b61972a07ce526a1132a1994bd9b9d63ea0eed2d_0_2.pkl	/mnt/data/grasp-anything-lgd/data/processed/grasp-anything-pp/grasp_label_positive/grasp_label_positive/9d00d35d63a834a6d266ca00b61972a07ce526a1132a1994bd9b9d63ea0eed2d_0_2.pt	11x6	0.055413	361.562225	Fetch key by its ring.	22
1740d9dfd076bd3ecf6a0e66dc9537f0246d7eb46de468cd33070e17da9abe30_0_2	1740d9dfd076bd3ecf6a0e66dc9537f0246d7eb46de468cd33070e17da9abe30	0	2	/mnt/data/grasp-anything-lgd/data/processed/grasp-anything-pp/grasp_instructions/grasp_instructions/1740d9dfd076bd3ecf6a0e66dc9537f0246d7eb46de468cd33070e17da9abe30_0_2.pkl	/mnt/data/grasp-anything-lgd/data/processed/grasp-anything-pp/grasp_label_positive/grasp_label_positive/1740d9dfd076bd3ecf6a0e66dc9537f0246d7eb46de468cd33070e17da9abe30_0_2.pt	13x6	0.028709	326.183289	Take pen by its cap.	20
56e1c28147aa1dff2cc606a1b6c0280b3ee6786abb1335edfb551c997b474122_0_0	56e1c28147aa1dff2cc606a1b6c0280b3ee6786abb1335edfb551c997b474122	0	0	/mnt/data/grasp-anything-lgd/data/processed/grasp-anything-pp/grasp_instructions/grasp_instructions/56e1c28147aa1dff2cc606a1b6c0280b3ee6786abb1335edfb551c997b474122_0_0.pkl	/mnt/data/grasp-anything-lgd/data/processed/grasp-anything-pp/grasp_label_positive/grasp_label_positive/56e1c28147aa1dff2cc606a1b6c0280b3ee6786abb1335edfb551c997b474122_0_0.pt	4x6	0.025831	259.594879	Fetch marker by its body.	25
702af332221c3fbbf7dbdb809dc5ea916447df51cadd3186bc5fc2b6f50873d6_1_2	702af332221c3fbbf7dbdb809dc5ea916447df51cadd3186bc5fc2b6f50873d6	1	2	/mnt/data/grasp-anything-lgd/data/processed/grasp-anything-pp/grasp_instructions/grasp_instructions/702af332221c3fbbf7dbdb809dc5ea916447df51cadd3186bc5fc2b6f50873d6_1_2.pkl	/mnt/data/grasp-anything-lgd/data/processed/grasp-anything-pp/grasp_label_positive/grasp_label_positive/702af332221c3fbbf7dbdb809dc5ea916447df51cadd3186bc5fc2b6f50873d6_1_2.pt	1x6	0.226008	0.987892	Take apple by its seeds.	24
3299e44e57c07d9ab8dd2473d7d86ad4f9f261a80c5765f8998a928d133c5039_1_0	3299e44e57c07d9ab8dd2473d7d86ad4f9f261a80c5765f8998a928d133c5039	1	0	/mnt/data/grasp-anything-lgd/data/processed/grasp-anything-pp/grasp_instructions/grasp_instructions/3299e44e57c07d9ab8dd2473d7d86ad4f9f261a80c5765f8998a928d133c5039_1_0.pkl	/mnt/data/grasp-anything-lgd/data/processed/grasp-anything-pp/grasp_label_positive/grasp_label_positive/3299e44e57c07d9ab8dd2473d7d86ad4f9f261a80c5765f8998a928d133c5039_1_0.pt	6x6	0.009421	372.939728	Take hairbrush by its bristles.	31
12bef568a1bc7c854e744c03af38d721f0359ce3f351ca14f2d6b705cdc757ef_1_2	12bef568a1bc7c854e744c03af38d721f0359ce3f351ca14f2d6b705cdc757ef	1	2	/mnt/data/grasp-anything-lgd/data/processed/grasp-anything-pp/grasp_instructions/grasp_instructions/12bef568a1bc7c854e744c03af38d721f0359ce3f351ca14f2d6b705cdc757ef_1_2.pkl	/mnt/data/grasp-anything-lgd/data/processed/grasp-anything-pp/grasp_label_positive/grasp_label_positive/12bef568a1bc7c854e744c03af38d721f0359ce3f351ca14f2d6b705cdc757ef_1_2.pt	1x6	0.071639	168.278427	Lift apple by its seeds.	24
9b3882c4ca99b0be1ee349518b46d7f0d94c7ed7a2486650032bca3089c53431_0_1	9b3882c4ca99b0be1ee349518b46d7f0d94c7ed7a2486650032bca3089c53431	0	1	/mnt/data/grasp-anything-lgd/data/processed/grasp-anything-pp/grasp_instructions/grasp_instructions/9b3882c4ca99b0be1ee349518b46d7f0d94c7ed7a2486650032bca3089c53431_0_1.pkl	/mnt/data/grasp-anything-lgd/data/processed/grasp-anything-pp/grasp_label_positive/grasp_label_positive/9b3882c4ca99b0be1ee349518b46d7f0d94c7ed7a2486650032bca3089c53431_0_1.pt	29x6	0.014332	353.647125	Fetch key by its notches.	25
6c9fe15b41f49a737847af08a9be19aac0f944288dcb444a82efcae098899a5d_0_1	6c9fe15b41f49a737847af08a9be19aac0f944288dcb444a82efcae098899a5d	0	1	/mnt/data/grasp-anything-lgd/data/processed/grasp-anything-pp/grasp_instructions/grasp_instructions/6c9fe15b41f49a737847af08a9be19aac0f944288dcb444a82efcae098899a5d_0_1.pkl	/mnt/data/grasp-anything-lgd/data/processed/grasp-anything-pp/grasp_label_positive/grasp_label_positive/6c9fe15b41f49a737847af08a9be19aac0f944288dcb444a82efcae098899a5d_0_1.pt	3x6	0.030855	365.562469	Grab marker on its tip.	23
c9c6ae71245e3015d6869f7f515004481c19a02bd7d1769d6f408a105be0453c_0_2	c9c6ae71245e3015d6869f7f515004481c19a02bd7d1769d6f408a105be0453c	0	2	/mnt/data/grasp-anything-lgd/data/processed/grasp-anything-pp/grasp_instructions/grasp_instructions/c9c6ae71245e3015d6869f7f515004481c19a02bd7d1769d6f408a105be0453c_0_2.pkl	/mnt/data/grasp-anything-lgd/data/processed/grasp-anything-pp/grasp_label_positive/grasp_label_positive/c9c6ae71245e3015d6869f7f515004481c19a02bd7d1769d6f408a105be0453c_0_2.pt	1x6	0.046937	241.992218	Lift mug by its interior.	25
f1c2b7c5521cf8a4ef805ee08765f1f5bf305e7eb6055934a0dc971143bbd381_0_1	f1c2b7c5521cf8a4ef805ee08765f1f5bf305e7eb6055934a0dc971143bbd381	0	1	/mnt/data/grasp-anything-lgd/data/processed/grasp-anything-pp/grasp_instructions/grasp_instructions/f1c2b7c5521cf8a4ef805ee08765f1f5bf305e7eb6055934a0dc971143bbd381_0_1.pkl	/mnt/data/grasp-anything-lgd/data/processed/grasp-anything-pp/grasp_label_positive/grasp_label_positive/f1c2b7c5521cf8a4ef805ee08765f1f5bf305e7eb6055934a0dc971143bbd381_0_1.pt	5x6	0.009015	338.968536	Pick up mug by its rim.	23
f50a306ed6c005e3143e09623ef7136f23151f896e2cb3f776c968dc87a8f9ba_0_2	f50a306ed6c005e3143e09623ef7136f23151f896e2cb3f776c968dc87a8f9ba	0	2	/mnt/data/grasp-anything-lgd/data/processed/grasp-anything-pp/grasp_instructions/grasp_instructions/f50a306ed6c005e3143e09623ef7136f23151f896e2cb3f776c968dc87a8f9ba_0_2.pkl	/mnt/data/grasp-anything-lgd/data/processed/grasp-anything-pp/grasp_label_positive/grasp_label_positive/f50a306ed6c005e3143e09623ef7136f23151f896e2cb3f776c968dc87a8f9ba_0_2.pt	16x6	0.032883	299.27124	Pick up spoon by its handle.	28
0525d82b8c3bef1733afc57e364b37f9963bf37304a11543cf7f976299966898_1_0	0525d82b8c3bef1733afc57e364b37f9963bf37304a11543cf7f976299966898	1	0	/mnt/data/grasp-anything-lgd/data/processed/grasp-anything-pp/grasp_instructions/grasp_instructions/0525d82b8c3bef1733afc57e364b37f9963bf37304a11543cf7f976299966898_1_0.pkl	/mnt/data/grasp-anything-lgd/data/processed/grasp-anything-pp/grasp_label_positive/grasp_label_positive/0525d82b8c3bef1733afc57e364b37f9963bf37304a11543cf7f976299966898_1_0.pt	2x6	0.021133	361.779083	Pick up scissors by its cutting blades.	39
1bb39543e718c01545cb95be1a4c72c9f6cdf5e240aeb361618f1078059943ca_1_2	1bb39543e718c01545cb95be1a4c72c9f6cdf5e240aeb361618f1078059943ca	1	2	/mnt/data/grasp-anything-lgd/data/processed/grasp-anything-pp/grasp_instructions/grasp_instructions/1bb39543e718c01545cb95be1a4c72c9f6cdf5e240aeb361618f1078059943ca_1_2.pkl	/mnt/data/grasp-anything-lgd/data/processed/grasp-anything-pp/grasp_label_positive/grasp_label_positive/1bb39543e718c01545cb95be1a4c72c9f6cdf5e240aeb361618f1078059943ca_1_2.pt	10x6	0.023874	385.281769	Take highlighter by its cap.	28
38f856668b385c37be898c9aff6e45dbe55c6dab7962db0496f43a6ea765cc7a_1_1	38f856668b385c37be898c9aff6e45dbe55c6dab7962db0496f43a6ea765cc7a	1	1	/mnt/data/grasp-anything-lgd/data/processed/grasp-anything-pp/grasp_instructions/grasp_instructions/38f856668b385c37be898c9aff6e45dbe55c6dab7962db0496f43a6ea765cc7a_1_1.pkl	/mnt/data/grasp-anything-lgd/data/processed/grasp-anything-pp/grasp_label_positive/grasp_label_positive/38f856668b385c37be898c9aff6e45dbe55c6dab7962db0496f43a6ea765cc7a_1_1.pt	3x6	0.018364	328.160278	Hold fork at its handle.	24
43e8b6c051a646896a6724cfc001e34341b92778d26ec33ff2d128dd6db78c05_0_1	43e8b6c051a646896a6724cfc001e34341b92778d26ec33ff2d128dd6db78c05	0	1	/mnt/data/grasp-anything-lgd/data/processed/grasp-anything-pp/grasp_instructions/grasp_instructions/43e8b6c051a646896a6724cfc001e34341b92778d26ec33ff2d128dd6db78c05_0_1.pkl	/mnt/data/grasp-anything-lgd/data/processed/grasp-anything-pp/grasp_label_positive/grasp_label_positive/43e8b6c051a646896a6724cfc001e34341b92778d26ec33ff2d128dd6db78c05_0_1.pt	6x6	0.044745	370.891235	Take hold of pencil on its lead.	32
43e3dc9c6c5ccf1b503b3dc96ce1e231ca8f1314001cbbff8317eceb364b734c_0_1	43e3dc9c6c5ccf1b503b3dc96ce1e231ca8f1314001cbbff8317eceb364b734c	0	1	/mnt/data/grasp-anything-lgd/data/processed/grasp-anything-pp/grasp_instructions/grasp_instructions/43e3dc9c6c5ccf1b503b3dc96ce1e231ca8f1314001cbbff8317eceb364b734c_0_1.pkl	/mnt/data/grasp-anything-lgd/data/processed/grasp-anything-pp/grasp_label_positive/grasp_label_positive/43e3dc9c6c5ccf1b503b3dc96ce1e231ca8f1314001cbbff8317eceb364b734c_0_1.pt	8x6	0.039085	379.674286	Grab spoon on its bowl-shaped.	30
26d40a7af341066e024b24644b6c9dc7c39c263312c1cba4d37471c16d8a63f0_2_1	26d40a7af341066e024b24644b6c9dc7c39c263312c1cba4d37471c16d8a63f0	2	1	/mnt/data/grasp-anything-lgd/data/processed/grasp-anything-pp/grasp_instructions/grasp_instructions/26d40a7af341066e024b24644b6c9dc7c39c263312c1cba4d37471c16d8a63f0_2_1.pkl	/mnt/data/grasp-anything-lgd/data/processed/grasp-anything-pp/grasp_label_positive/grasp_label_positive/26d40a7af341066e024b24644b6c9dc7c39c263312c1cba4d37471c16d8a63f0_2_1.pt	1x6	0.040694	248.879745	Hold highlighter at its bright color.	37
c340fe770034f435e019582b22589a7aadf271c720095c5cdafed57ebcfee393_2_1	c340fe770034f435e019582b22589a7aadf271c720095c5cdafed57ebcfee393	2	1	/mnt/data/grasp-anything-lgd/data/processed/grasp-anything-pp/grasp_instructions/grasp_instructions/c340fe770034f435e019582b22589a7aadf271c720095c5cdafed57ebcfee393_2_1.pkl	/mnt/data/grasp-anything-lgd/data/processed/grasp-anything-pp/grasp_label_positive/grasp_label_positive/c340fe770034f435e019582b22589a7aadf271c720095c5cdafed57ebcfee393_2_1.pt	1x6	0.087026	368.047729	Fetch sharpener by its sharpening mechanism.	44
117278c893aec0922d8f14ad44c1809838995d1374b42cb86827414a3af4d30d_1_2	117278c893aec0922d8f14ad44c1809838995d1374b42cb86827414a3af4d30d	1	2	/mnt/data/grasp-anything-lgd/data/processed/grasp-anything-pp/grasp_instructions/grasp_instructions/117278c893aec0922d8f14ad44c1809838995d1374b42cb86827414a3af4d30d_1_2.pkl	/mnt/data/grasp-anything-lgd/data/processed/grasp-anything-pp/grasp_label_positive/grasp_label_positive/117278c893aec0922d8f14ad44c1809838995d1374b42cb86827414a3af4d30d_1_2.pt	2x6	0.054385	269.038391	Grip tomato on its juicy.	25
b8c94be7c0d92cdeff52f6d9587c9eaf579736d8aedf649e56b2f3674424e04f_1_2	b8c94be7c0d92cdeff52f6d9587c9eaf579736d8aedf649e56b2f3674424e04f	1	2	/mnt/data/grasp-anything-lgd/data/processed/grasp-anything-pp/grasp_instructions/grasp_instructions/b8c94be7c0d92cdeff52f6d9587c9eaf579736d8aedf649e56b2f3674424e04f_1_2.pkl	/mnt/data/grasp-anything-lgd/data/processed/grasp-anything-pp/grasp_label_positive/grasp_label_positive/b8c94be7c0d92cdeff52f6d9587c9eaf579736d8aedf649e56b2f3674424e04f_1_2.pt	1x6	0.012326	365.07132	Fetch note by its information.	30
6a2aaf2ca23182c2b245d446ac7d31096bf7b13f66ea80c8b95dcc3622c83966_1_1	6a2aaf2ca23182c2b245d446ac7d31096bf7b13f66ea80c8b95dcc3622c83966	1	1	/mnt/data/grasp-anything-lgd/data/processed/grasp-anything-pp/grasp_instructions/grasp_instructions/6a2aaf2ca23182c2b245d446ac7d31096bf7b13f66ea80c8b95dcc3622c83966_1_1.pkl	/mnt/data/grasp-anything-lgd/data/processed/grasp-anything-pp/grasp_label_positive/grasp_label_positive/6a2aaf2ca23182c2b245d446ac7d31096bf7b13f66ea80c8b95dcc3622c83966_1_1.pt	19x6	0.010551	357.811768	Pick up eraser by its shape.	28
1f889c607417b5b9752fe71f12043baf3e7c0c5de526901301c1713f28988f5b_1_0	1f889c607417b5b9752fe71f12043baf3e7c0c5de526901301c1713f28988f5b	1	0	/mnt/data/grasp-anything-lgd/data/processed/grasp-anything-pp/grasp_instructions/grasp_instructions/1f889c607417b5b9752fe71f12043baf3e7c0c5de526901301c1713f28988f5b_1_0.pkl	/mnt/data/grasp-anything-lgd/data/processed/grasp-anything-pp/grasp_label_positive/grasp_label_positive/1f889c607417b5b9752fe71f12043baf3e7c0c5de526901301c1713f28988f5b_1_0.pt	6x6	0.020617	338.021973	Hold highlighter at its marker.	31
6f8b78884bd5f89a9d7aa6d5ad49b6ed1bf45378f80547eaf1213785fb904feb_0_2	6f8b78884bd5f89a9d7aa6d5ad49b6ed1bf45378f80547eaf1213785fb904feb	0	2	/mnt/data/grasp-anything-lgd/data/processed/grasp-anything-pp/grasp_instructions/grasp_instructions/6f8b78884bd5f89a9d7aa6d5ad49b6ed1bf45378f80547eaf1213785fb904feb_0_2.pkl	/mnt/data/grasp-anything-lgd/data/processed/grasp-anything-pp/grasp_label_positive/grasp_label_positive/6f8b78884bd5f89a9d7aa6d5ad49b6ed1bf45378f80547eaf1213785fb904feb_0_2.pt	11x6	0.011744	359.614777	Grab keychain on its keys.	26
d0fbb7e42254ab17ecfecaddd0832dcc420a9877ddffb26e51f59844cd6da175_0_0	d0fbb7e42254ab17ecfecaddd0832dcc420a9877ddffb26e51f59844cd6da175	0	0	/mnt/data/grasp-anything-lgd/data/processed/grasp-anything-pp/grasp_instructions/grasp_instructions/d0fbb7e42254ab17ecfecaddd0832dcc420a9877ddffb26e51f59844cd6da175_0_0.pkl	/mnt/data/grasp-anything-lgd/data/processed/grasp-anything-pp/grasp_label_positive/grasp_label_positive/d0fbb7e42254ab17ecfecaddd0832dcc420a9877ddffb26e51f59844cd6da175_0_0.pt	1x6	0.014267	310.856476	Fetch hairbrush by its bristles.	32
a831e751599d3e765f33e643be70cfce8928621859510b947423a341f8b07f6d_0_2	a831e751599d3e765f33e643be70cfce8928621859510b947423a341f8b07f6d	0	2	/mnt/data/grasp-anything-lgd/data/processed/grasp-anything-pp/grasp_instructions/grasp_instructions/a831e751599d3e765f33e643be70cfce8928621859510b947423a341f8b07f6d_0_2.pkl	/mnt/data/grasp-anything-lgd/data/processed/grasp-anything-pp/grasp_label_positive/grasp_label_positive/a831e751599d3e765f33e643be70cfce8928621859510b947423a341f8b07f6d_0_2.pt	19x6	0.01433	354.13031	Fetch pencil by its eraser.	27
aa797eee6e5c2c47985af87aa3afe272987f75725efc9bf718626266b68d6608_0_1	aa797eee6e5c2c47985af87aa3afe272987f75725efc9bf718626266b68d6608	0	1	/mnt/data/grasp-anything-lgd/data/processed/grasp-anything-pp/grasp_instructions/grasp_instructions/aa797eee6e5c2c47985af87aa3afe272987f75725efc9bf718626266b68d6608_0_1.pkl	/mnt/data/grasp-anything-lgd/data/processed/grasp-anything-pp/grasp_label_positive/grasp_label_positive/aa797eee6e5c2c47985af87aa3afe272987f75725efc9bf718626266b68d6608_0_1.pt	3x6	0.032204	294.168549	Grasp hairbrush at its handle.	30
dc3e4b70b50f4ec0c769e1c0ef55838a76eabda13476054c9a6b73fdd945a060_1_2	dc3e4b70b50f4ec0c769e1c0ef55838a76eabda13476054c9a6b73fdd945a060	1	2	/mnt/data/grasp-anything-lgd/data/processed/grasp-anything-pp/grasp_instructions/grasp_instructions/dc3e4b70b50f4ec0c769e1c0ef55838a76eabda13476054c9a6b73fdd945a060_1_2.pkl	/mnt/data/grasp-anything-lgd/data/processed/grasp-anything-pp/grasp_label_positive/grasp_label_positive/dc3e4b70b50f4ec0c769e1c0ef55838a76eabda13476054c9a6b73fdd945a060_1_2.pt	35x6	0.010489	372.311005	Grasp pencil at its eraser.	27
0dfa8308decaf789b462623c6a9e24830ebf740fdf9ec464da21f2f56e9b3dfa_1_2	0dfa8308decaf789b462623c6a9e24830ebf740fdf9ec464da21f2f56e9b3dfa	1	2	/mnt/data/grasp-anything-lgd/data/processed/grasp-anything-pp/grasp_instructions/grasp_instructions/0dfa8308decaf789b462623c6a9e24830ebf740fdf9ec464da21f2f56e9b3dfa_1_2.pkl	/mnt/data/grasp-anything-lgd/data/processed/grasp-anything-pp/grasp_label_positive/grasp_label_positive/0dfa8308decaf789b462623c6a9e24830ebf740fdf9ec464da21f2f56e9b3dfa_1_2.pt	6x6	0.068332	169.582153	Hold pen at its cap.	20
6c5ff7e457fb34d3e491a788e7f39444ef2fba1940219f498b19a9336165eb96_2_0	6c5ff7e457fb34d3e491a788e7f39444ef2fba1940219f498b19a9336165eb96	2	0	/mnt/data/grasp-anything-lgd/data/processed/grasp-anything-pp/grasp_instructions/grasp_instructions/6c5ff7e457fb34d3e491a788e7f39444ef2fba1940219f498b19a9336165eb96_2_0.pkl	/mnt/data/grasp-anything-lgd/data/processed/grasp-anything-pp/grasp_label_positive/grasp_label_positive/6c5ff7e457fb34d3e491a788e7f39444ef2fba1940219f498b19a9336165eb96_2_0.pt	7x6	0.017671	355.894043	Grasp key at its metal or plastic.	34
a756eebc6a4d5b3938da9ce4a033db552bfca3adf8fc96ac088a9976f64abc39_0_2	a756eebc6a4d5b3938da9ce4a033db552bfca3adf8fc96ac088a9976f64abc39	0	2	/mnt/data/grasp-anything-lgd/data/processed/grasp-anything-pp/grasp_instructions/grasp_instructions/a756eebc6a4d5b3938da9ce4a033db552bfca3adf8fc96ac088a9976f64abc39_0_2.pkl	/mnt/data/grasp-anything-lgd/data/processed/grasp-anything-pp/grasp_label_positive/grasp_label_positive/a756eebc6a4d5b3938da9ce4a033db552bfca3adf8fc96ac088a9976f64abc39_0_2.pt	14x6	0.012058	372.96698	Fetch carrot by its top.	24
f273b38440e7509d4ebc4965fa444f8c60b42570dbf507838cdd1cda7259ef90_0_2	f273b38440e7509d4ebc4965fa444f8c60b42570dbf507838cdd1cda7259ef90	0	2	/mnt/data/grasp-anything-lgd/data/processed/grasp-anything-pp/grasp_instructions/grasp_instructions/f273b38440e7509d4ebc4965fa444f8c60b42570dbf507838cdd1cda7259ef90_0_2.pkl	/mnt/data/grasp-anything-lgd/data/processed/grasp-anything-pp/grasp_label_positive/grasp_label_positive/f273b38440e7509d4ebc4965fa444f8c60b42570dbf507838cdd1cda7259ef90_0_2.pt	4x6	0.015432	245.801208	Hold pen at its cap.	20
6d4ba13324194566f10622a8263d0c7deb8fb86f068adfc824858bf5ef93fd6a_1_3	6d4ba13324194566f10622a8263d0c7deb8fb86f068adfc824858bf5ef93fd6a	1	3	/mnt/data/grasp-anything-lgd/data/processed/grasp-anything-pp/grasp_instructions/grasp_instructions/6d4ba13324194566f10622a8263d0c7deb8fb86f068adfc824858bf5ef93fd6a_1_3.pkl	/mnt/data/grasp-anything-lgd/data/processed/grasp-anything-pp/grasp_label_positive/grasp_label_positive/6d4ba13324194566f10622a8263d0c7deb8fb86f068adfc824858bf5ef93fd6a_1_3.pt	1x6	-0.004426	159.031311	Grasp apple at its stem.	24
e111b61e01f8300f1984778c807095f99a4776ee35d3d58612ee086de1dbd5b0_1_2	e111b61e01f8300f1984778c807095f99a4776ee35d3d58612ee086de1dbd5b0	1	2	/mnt/data/grasp-anything-lgd/data/processed/grasp-anything-pp/grasp_instructions/grasp_instructions/e111b61e01f8300f1984778c807095f99a4776ee35d3d58612ee086de1dbd5b0_1_2.pkl	/mnt/data/grasp-anything-lgd/data/processed/grasp-anything-pp/grasp_label_positive/grasp_label_positive/e111b61e01f8300f1984778c807095f99a4776ee35d3d58612ee086de1dbd5b0_1_2.pt	1x6	0.021116	202.405914	Grip wallet on its closure.	27
47ad15b82846470420845826b33c9fe658146ea066eb24d6cdf6c21d4b284290_0_2	47ad15b82846470420845826b33c9fe658146ea066eb24d6cdf6c21d4b284290	0	2	/mnt/data/grasp-anything-lgd/data/processed/grasp-anything-pp/grasp_instructions/grasp_instructions/47ad15b82846470420845826b33c9fe658146ea066eb24d6cdf6c21d4b284290_0_2.pkl	/mnt/data/grasp-anything-lgd/data/processed/grasp-anything-pp/grasp_label_positive/grasp_label_positive/47ad15b82846470420845826b33c9fe658146ea066eb24d6cdf6c21d4b284290_0_2.pt	2x6	0.046621	303.170502	Grasp toy at its function.	26
9a89d72ccbd1aa49a9cd516b3b42c5021488b97735a451b61d55399e411bd6f4_0_1	9a89d72ccbd1aa49a9cd516b3b42c5021488b97735a451b61d55399e411bd6f4	0	1	/mnt/data/grasp-anything-lgd/data/processed/grasp-anything-pp/grasp_instructions/grasp_instructions/9a89d72ccbd1aa49a9cd516b3b42c5021488b97735a451b61d55399e411bd6f4_0_1.pkl	/mnt/data/grasp-anything-lgd/data/processed/grasp-anything-pp/grasp_label_positive/grasp_label_positive/9a89d72ccbd1aa49a9cd516b3b42c5021488b97735a451b61d55399e411bd6f4_0_1.pt	10x6	0.051364	271.723145	Hold duck at its bill.	22
332a1aac4d2a0ccf2bfe94b5f012ba33b5999926acb6260a7e086caa8ff654bf_0_2	332a1aac4d2a0ccf2bfe94b5f012ba33b5999926acb6260a7e086caa8ff654bf	0	2	/mnt/data/grasp-anything-lgd/data/processed/grasp-anything-pp/grasp_instructions/grasp_instructions/332a1aac4d2a0ccf2bfe94b5f012ba33b5999926acb6260a7e086caa8ff654bf_0_2.pkl	/mnt/data/grasp-anything-lgd/data/processed/grasp-anything-pp/grasp_label_positive/grasp_label_positive/332a1aac4d2a0ccf2bfe94b5f012ba33b5999926acb6260a7e086caa8ff654bf_0_2.pt	8x6	0.052287	360.374908	Fetch hairbrush by its grip.	28
315052c433a56e6cd92828935b7221bb0587116c514a547a60377773ec7f4caa_0_0	315052c433a56e6cd92828935b7221bb0587116c514a547a60377773ec7f4caa	0	0	/mnt/data/grasp-anything-lgd/data/processed/grasp-anything-pp/grasp_instructions/grasp_instructions/315052c433a56e6cd92828935b7221bb0587116c514a547a60377773ec7f4caa_0_0.pkl	/mnt/data/grasp-anything-lgd/data/processed/grasp-anything-pp/grasp_label_positive/grasp_label_positive/315052c433a56e6cd92828935b7221bb0587116c514a547a60377773ec7f4caa_0_0.pt	6x6	0.014104	299.272766	Take plant by its leaves.	25
63b17fbe53da3a0643e527da171210b06f9fb676dc77be01e38aa45622491d2e_3_2	63b17fbe53da3a0643e527da171210b06f9fb676dc77be01e38aa45622491d2e	3	2	/mnt/data/grasp-anything-lgd/data/processed/grasp-anything-pp/grasp_instructions/grasp_instructions/63b17fbe53da3a0643e527da171210b06f9fb676dc77be01e38aa45622491d2e_3_2.pkl	/mnt/data/grasp-anything-lgd/data/processed/grasp-anything-pp/grasp_label_positive/grasp_label_positive/63b17fbe53da3a0643e527da171210b06f9fb676dc77be01e38aa45622491d2e_3_2.pt	1x6	0.014075	370.181824	Lift comb by its material.	26
b7d3ec11e45f7670f146d9c842471f88099befb734febb66f6b28031be9df2ff_0_1	b7d3ec11e45f7670f146d9c842471f88099befb734febb66f6b28031be9df2ff	0	1	/mnt/data/grasp-anything-lgd/data/processed/grasp-anything-pp/grasp_instructions/grasp_instructions/b7d3ec11e45f7670f146d9c842471f88099befb734febb66f6b28031be9df2ff_0_1.pkl	/mnt/data/grasp-anything-lgd/data/processed/grasp-anything-pp/grasp_label_positive/grasp_label_positive/b7d3ec11e45f7670f146d9c842471f88099befb734febb66f6b28031be9df2ff_0_1.pt	4x6	0.042692	390.437225	Hold pen at its ink or lead.	28
af9eb072fde5b9a82e16973751aacb9a81b6400b3d00e7f0eb12ad5957cb03f9_0_1	af9eb072fde5b9a82e16973751aacb9a81b6400b3d00e7f0eb12ad5957cb03f9	0	1	/mnt/data/grasp-anything-lgd/data/processed/grasp-anything-pp/grasp_instructions/grasp_instructions/af9eb072fde5b9a82e16973751aacb9a81b6400b3d00e7f0eb12ad5957cb03f9_0_1.pkl	/mnt/data/grasp-anything-lgd/data/processed/grasp-anything-pp/grasp_label_positive/grasp_label_positive/af9eb072fde5b9a82e16973751aacb9a81b6400b3d00e7f0eb12ad5957cb03f9_0_1.pt	6x6	0.072381	369.123108	Fetch pencil by its lead.	25
e038d545ee689c7519a568ce4d7207c54a767a213a0f8884976aa6280e3ac825_0_2	e038d545ee689c7519a568ce4d7207c54a767a213a0f8884976aa6280e3ac825	0	2	/mnt/data/grasp-anything-lgd/data/processed/grasp-anything-pp/grasp_instructions/grasp_instructions/e038d545ee689c7519a568ce4d7207c54a767a213a0f8884976aa6280e3ac825_0_2.pkl	/mnt/data/grasp-anything-lgd/data/processed/grasp-anything-pp/grasp_label_positive/grasp_label_positive/e038d545ee689c7519a568ce4d7207c54a767a213a0f8884976aa6280e3ac825_0_2.pt	15x6	0.01111	369.510803	Grip spoon on its handle.	25
1d0a3ed1cfc05d54c970f494ad52db42dd8a224ec31027fb742acfe0503816c7_0_0	1d0a3ed1cfc05d54c970f494ad52db42dd8a224ec31027fb742acfe0503816c7	0	0	/mnt/data/grasp-anything-lgd/data/processed/grasp-anything-pp/grasp_instructions/grasp_instructions/1d0a3ed1cfc05d54c970f494ad52db42dd8a224ec31027fb742acfe0503816c7_0_0.pkl	/mnt/data/grasp-anything-lgd/data/processed/grasp-anything-pp/grasp_label_positive/grasp_label_positive/1d0a3ed1cfc05d54c970f494ad52db42dd8a224ec31027fb742acfe0503816c7_0_0.pt	13x6	0.016096	292.471954	Grab hairbrush on its bristles.	31
5f8f8a1dbb96a8089ee1e18124614a22d1bab4af4729d1d07a1f5c3ba1d9491d_0_2	5f8f8a1dbb96a8089ee1e18124614a22d1bab4af4729d1d07a1f5c3ba1d9491d	0	2	/mnt/data/grasp-anything-lgd/data/processed/grasp-anything-pp/grasp_instructions/grasp_instructions/5f8f8a1dbb96a8089ee1e18124614a22d1bab4af4729d1d07a1f5c3ba1d9491d_0_2.pkl	/mnt/data/grasp-anything-lgd/data/processed/grasp-anything-pp/grasp_label_positive/grasp_label_positive/5f8f8a1dbb96a8089ee1e18124614a22d1bab4af4729d1d07a1f5c3ba1d9491d_0_2.pt	11x6	0.011736	375.828674	Grab marker on its cap.	23
cef0d2fe02c02e6661308cfee7b25643924aec12f9ca484f1d264a10eb84c4b3_1_3	cef0d2fe02c02e6661308cfee7b25643924aec12f9ca484f1d264a10eb84c4b3	1	3	/mnt/data/grasp-anything-lgd/data/processed/grasp-anything-pp/grasp_instructions/grasp_instructions/cef0d2fe02c02e6661308cfee7b25643924aec12f9ca484f1d264a10eb84c4b3_1_3.pkl	/mnt/data/grasp-anything-lgd/data/processed/grasp-anything-pp/grasp_label_positive/grasp_label_positive/cef0d2fe02c02e6661308cfee7b25643924aec12f9ca484f1d264a10eb84c4b3_1_3.pt	3x6	0.059908	173.297333	Hold apple at its stem.	23
2ffa2f1315d0d19bce252b3711180d2356c124847814bf65f137f5f25ab969d2_1_1	2ffa2f1315d0d19bce252b3711180d2356c124847814bf65f137f5f25ab969d2	1	1	/mnt/data/grasp-anything-lgd/data/processed/grasp-anything-pp/grasp_instructions/grasp_instructions/2ffa2f1315d0d19bce252b3711180d2356c124847814bf65f137f5f25ab969d2_1_1.pkl	/mnt/data/grasp-anything-lgd/data/processed/grasp-anything-pp/grasp_label_positive/grasp_label_positive/2ffa2f1315d0d19bce252b3711180d2356c124847814bf65f137f5f25ab969d2_1_1.pt	5x6	0.044974	212.640747	Grip remote on its buttons.	27
9783f879f504f064e5bf95cc41094e32f4c43f8700cfc4e80bf6f58690e56922_0_2	9783f879f504f064e5bf95cc41094e32f4c43f8700cfc4e80bf6f58690e56922	0	2	/mnt/data/grasp-anything-lgd/data/processed/grasp-anything-pp/grasp_instructions/grasp_instructions/9783f879f504f064e5bf95cc41094e32f4c43f8700cfc4e80bf6f58690e56922_0_2.pkl	/mnt/data/grasp-anything-lgd/data/processed/grasp-anything-pp/grasp_label_positive/grasp_label_positive/9783f879f504f064e5bf95cc41094e32f4c43f8700cfc4e80bf6f58690e56922_0_2.pt	4x6	0.010595	331.843597	Take banana by its peel.	24
2f7801c10356bb14436f4cf97e55361bef01178a81ceb9c21efbbd6d75726d57_1_3	2f7801c10356bb14436f4cf97e55361bef01178a81ceb9c21efbbd6d75726d57	1	3	/mnt/data/grasp-anything-lgd/data/processed/grasp-anything-pp/grasp_instructions/grasp_instructions/2f7801c10356bb14436f4cf97e55361bef01178a81ceb9c21efbbd6d75726d57_1_3.pkl	/mnt/data/grasp-anything-lgd/data/processed/grasp-anything-pp/grasp_label_positive/grasp_label_positive/2f7801c10356bb14436f4cf97e55361bef01178a81ceb9c21efbbd6d75726d57_1_3.pt	1x6	-0.004363	176.145035	Hold apple at its stem.	23
090793cb6c8a50bc1592080a3bf70b4e092bb57457b3b09d25079997bdeeba5c_1_0	090793cb6c8a50bc1592080a3bf70b4e092bb57457b3b09d25079997bdeeba5c	1	0	/mnt/data/grasp-anything-lgd/data/processed/grasp-anything-pp/grasp_instructions/grasp_instructions/090793cb6c8a50bc1592080a3bf70b4e092bb57457b3b09d25079997bdeeba5c_1_0.pkl	/mnt/data/grasp-anything-lgd/data/processed/grasp-anything-pp/grasp_label_positive/grasp_label_positive/090793cb6c8a50bc1592080a3bf70b4e092bb57457b3b09d25079997bdeeba5c_1_0.pt	4x6	0.053648	172.743652	Take hold of apple on its skin.	31
c90c822fa2b2ddc708ea9495e6428d0af57dc596ed81322b7e58d3a3eff382d7_2_2	c90c822fa2b2ddc708ea9495e6428d0af57dc596ed81322b7e58d3a3eff382d7	2	2	/mnt/data/grasp-anything-lgd/data/processed/grasp-anything-pp/grasp_instructions/grasp_instructions/c90c822fa2b2ddc708ea9495e6428d0af57dc596ed81322b7e58d3a3eff382d7_2_2.pkl	/mnt/data/grasp-anything-lgd/data/processed/grasp-anything-pp/grasp_label_positive/grasp_label_positive/c90c822fa2b2ddc708ea9495e6428d0af57dc596ed81322b7e58d3a3eff382d7_2_2.pt	5x6	0.026729	275.704041	Hold key at its ring.	21
ecc2df93658f4075be9667be0bef682070400f4703d5c4a7036103ca3fbc758f_2_2	ecc2df93658f4075be9667be0bef682070400f4703d5c4a7036103ca3fbc758f	2	2	/mnt/data/grasp-anything-lgd/data/processed/grasp-anything-pp/grasp_instructions/grasp_instructions/ecc2df93658f4075be9667be0bef682070400f4703d5c4a7036103ca3fbc758f_2_2.pkl	/mnt/data/grasp-anything-lgd/data/processed/grasp-anything-pp/grasp_label_positive/grasp_label_positive/ecc2df93658f4075be9667be0bef682070400f4703d5c4a7036103ca3fbc758f_2_2.pt	1x6	0.047854	209.835999	Hold pencil at its eraser.	26
7f8bf69d948274328fb1301dc5b4a65e2b66c583341738d7085674ef7be3980a_1_3	7f8bf69d948274328fb1301dc5b4a65e2b66c583341738d7085674ef7be3980a	1	3	/mnt/data/grasp-anything-lgd/data/processed/grasp-anything-pp/grasp_instructions/grasp_instructions/7f8bf69d948274328fb1301dc5b4a65e2b66c583341738d7085674ef7be3980a_1_3.pkl	/mnt/data/grasp-anything-lgd/data/processed/grasp-anything-pp/grasp_label_positive/grasp_label_positive/7f8bf69d948274328fb1301dc5b4a65e2b66c583341738d7085674ef7be3980a_1_3.pt	4x6	0.127723	174.413223	Grip apple on its stem.	23
51db1e1dd59f60e15187a5da09fae6bcf3f11deeab64cc8fca3f9dda471c6c21_0_0	51db1e1dd59f60e15187a5da09fae6bcf3f11deeab64cc8fca3f9dda471c6c21	0	0	/mnt/data/grasp-anything-lgd/data/processed/grasp-anything-pp/grasp_instructions/grasp_instructions/51db1e1dd59f60e15187a5da09fae6bcf3f11deeab64cc8fca3f9dda471c6c21_0_0.pkl	/mnt/data/grasp-anything-lgd/data/processed/grasp-anything-pp/grasp_label_positive/grasp_label_positive/51db1e1dd59f60e15187a5da09fae6bcf3f11deeab64cc8fca3f9dda471c6c21_0_0.pt	24x6	0.016416	332.169281	Grip pen on its barrel.	23
32f4f8fec2d2bb6b4e871ff7804f95cb372457b02e319fd626fc27af2e94a486_0_2	32f4f8fec2d2bb6b4e871ff7804f95cb372457b02e319fd626fc27af2e94a486	0	2	/mnt/data/grasp-anything-lgd/data/processed/grasp-anything-pp/grasp_instructions/grasp_instructions/32f4f8fec2d2bb6b4e871ff7804f95cb372457b02e319fd626fc27af2e94a486_0_2.pkl	/mnt/data/grasp-anything-lgd/data/processed/grasp-anything-pp/grasp_label_positive/grasp_label_positive/32f4f8fec2d2bb6b4e871ff7804f95cb372457b02e319fd626fc27af2e94a486_0_2.pt	3x6	0.06991	344.81662	Fetch pen by its cap.	21
21ce3be171d9b3752091e6e5f87417204a3395c86de37bcac41c5515a276c6f6_1_3	21ce3be171d9b3752091e6e5f87417204a3395c86de37bcac41c5515a276c6f6	1	3	/mnt/data/grasp-anything-lgd/data/processed/grasp-anything-pp/grasp_instructions/grasp_instructions/21ce3be171d9b3752091e6e5f87417204a3395c86de37bcac41c5515a276c6f6_1_3.pkl	/mnt/data/grasp-anything-lgd/data/processed/grasp-anything-pp/grasp_label_positive/grasp_label_positive/21ce3be171d9b3752091e6e5f87417204a3395c86de37bcac41c5515a276c6f6_1_3.pt	1x6	-0.006302	178.043686	Grab apple on its stem.	23
3d69f1b2ef3c06e2a6cb5f9411c547fd448897d739bbe77fa8d7ccdf703e5175_0_2	3d69f1b2ef3c06e2a6cb5f9411c547fd448897d739bbe77fa8d7ccdf703e5175	0	2	/mnt/data/grasp-anything-lgd/data/processed/grasp-anything-pp/grasp_instructions/grasp_instructions/3d69f1b2ef3c06e2a6cb5f9411c547fd448897d739bbe77fa8d7ccdf703e5175_0_2.pkl	/mnt/data/grasp-anything-lgd/data/processed/grasp-anything-pp/grasp_label_positive/grasp_label_positive/3d69f1b2ef3c06e2a6cb5f9411c547fd448897d739bbe77fa8d7ccdf703e5175_0_2.pt	12x6	0.035377	366.860992	Grip spoon on its handle.	25
1b6f231e2e309be57e416fd9f24aaf9f58b7231d3174c322f39793587fff1814_0_0	1b6f231e2e309be57e416fd9f24aaf9f58b7231d3174c322f39793587fff1814	0	0	/mnt/data/grasp-anything-lgd/data/processed/grasp-anything-pp/grasp_instructions/grasp_instructions/1b6f231e2e309be57e416fd9f24aaf9f58b7231d3174c322f39793587fff1814_0_0.pkl	/mnt/data/grasp-anything-lgd/data/processed/grasp-anything-pp/grasp_label_positive/grasp_label_positive/1b6f231e2e309be57e416fd9f24aaf9f58b7231d3174c322f39793587fff1814_0_0.pt	2x6	0.018785	370.33316	Lift hairbrush by its bristles.	31
7267167bfaba0d52359360c331c3a66f4cfc4b333427a54e79c3fc8eec31a7db_1_2	7267167bfaba0d52359360c331c3a66f4cfc4b333427a54e79c3fc8eec31a7db	1	2	/mnt/data/grasp-anything-lgd/data/processed/grasp-anything-pp/grasp_instructions/grasp_instructions/7267167bfaba0d52359360c331c3a66f4cfc4b333427a54e79c3fc8eec31a7db_1_2.pkl	/mnt/data/grasp-anything-lgd/data/processed/grasp-anything-pp/grasp_label_positive/grasp_label_positive/7267167bfaba0d52359360c331c3a66f4cfc4b333427a54e79c3fc8eec31a7db_1_2.pt	5x6	0.020557	333.735687	Take pepper by its shaker or container.	39
f032ca3da887a1904592c9e785011107a8b686827c28d69673d02c317770c77e_0_1	f032ca3da887a1904592c9e785011107a8b686827c28d69673d02c317770c77e	0	1	/mnt/data/grasp-anything-lgd/data/processed/grasp-anything-pp/grasp_instructions/grasp_instructions/f032ca3da887a1904592c9e785011107a8b686827c28d69673d02c317770c77e_0_1.pkl	/mnt/data/grasp-anything-lgd/data/processed/grasp-anything-pp/grasp_label_positive/grasp_label_positive/f032ca3da887a1904592c9e785011107a8b686827c28d69673d02c317770c77e_0_1.pt	8x6	0.041203	185.547089	Grip spoon on its bowl-shaped.	30
e0a2c03e229c55adf4463c5708a2fa6afcc1d267f15c915221c6b63dbbf17f09_1_2	e0a2c03e229c55adf4463c5708a2fa6afcc1d267f15c915221c6b63dbbf17f09	1	2	/mnt/data/grasp-anything-lgd/data/processed/grasp-anything-pp/grasp_instructions/grasp_instructions/e0a2c03e229c55adf4463c5708a2fa6afcc1d267f15c915221c6b63dbbf17f09_1_2.pkl	/mnt/data/grasp-anything-lgd/data/processed/grasp-anything-pp/grasp_label_positive/grasp_label_positive/e0a2c03e229c55adf4463c5708a2fa6afcc1d267f15c915221c6b63dbbf17f09_1_2.pt	18x6	0.012116	334.994812	Pick up keychain by its keys.	29
d4bd0df8147bb63a343fdb01d58e98038e31da14bef207c096f5216abad0c434_1_2	d4bd0df8147bb63a343fdb01d58e98038e31da14bef207c096f5216abad0c434	1	2	/mnt/data/grasp-anything-lgd/data/processed/grasp-anything-pp/grasp_instructions/grasp_instructions/d4bd0df8147bb63a343fdb01d58e98038e31da14bef207c096f5216abad0c434_1_2.pkl	/mnt/data/grasp-anything-lgd/data/processed/grasp-anything-pp/grasp_label_positive/grasp_label_positive/d4bd0df8147bb63a343fdb01d58e98038e31da14bef207c096f5216abad0c434_1_2.pt	7x6	0.043581	323.578278	Grip duck on its webbed feet.	29
305d30f93b0ea203b6f825f8fe9fcde3b1021155ffa63b3cfdd735ef3c782427_1_1	305d30f93b0ea203b6f825f8fe9fcde3b1021155ffa63b3cfdd735ef3c782427	1	1	/mnt/data/grasp-anything-lgd/data/processed/grasp-anything-pp/grasp_instructions/grasp_instructions/305d30f93b0ea203b6f825f8fe9fcde3b1021155ffa63b3cfdd735ef3c782427_1_1.pkl	/mnt/data/grasp-anything-lgd/data/processed/grasp-anything-pp/grasp_label_positive/grasp_label_positive/305d30f93b0ea203b6f825f8fe9fcde3b1021155ffa63b3cfdd735ef3c782427_1_1.pt	1x6	0.101406	209.577728	Hold ball at its material.	26
b7144b11429968bc16f2e2482de6c9e75927643e186ec70ad6f95c88315341b8_0_2	b7144b11429968bc16f2e2482de6c9e75927643e186ec70ad6f95c88315341b8	0	2	/mnt/data/grasp-anything-lgd/data/processed/grasp-anything-pp/grasp_instructions/grasp_instructions/b7144b11429968bc16f2e2482de6c9e75927643e186ec70ad6f95c88315341b8_0_2.pkl	/mnt/data/grasp-anything-lgd/data/processed/grasp-anything-pp/grasp_label_positive/grasp_label_positive/b7144b11429968bc16f2e2482de6c9e75927643e186ec70ad6f95c88315341b8_0_2.pt	7x6	0.018992	230.586761	Grab phone on its camera.	25
89bc86e373d0b245eb5d734d823130c828e3c39f59004e2af1b45e2fb6b6bcaf_1_2	89bc86e373d0b245eb5d734d823130c828e3c39f59004e2af1b45e2fb6b6bcaf	1	2	/mnt/data/grasp-anything-lgd/data/processed/grasp-anything-pp/grasp_instructions/grasp_instructions/89bc86e373d0b245eb5d734d823130c828e3c39f59004e2af1b45e2fb6b6bcaf_1_2.pkl	/mnt/data/grasp-anything-lgd/data/processed/grasp-anything-pp/grasp_label_positive/grasp_label_positive/89bc86e373d0b245eb5d734d823130c828e3c39f59004e2af1b45e2fb6b6bcaf_1_2.pt	7x6	0.103195	176.904205	Hold lemon at its seeds.	24
90b091e471a67da7e9a394d94554926d3e6d9c6132faa21310abf50873db928e_1_1	90b091e471a67da7e9a394d94554926d3e6d9c6132faa21310abf50873db928e	1	1	/mnt/data/grasp-anything-lgd/data/processed/grasp-anything-pp/grasp_instructions/grasp_instructions/90b091e471a67da7e9a394d94554926d3e6d9c6132faa21310abf50873db928e_1_1.pkl	/mnt/data/grasp-anything-lgd/data/processed/grasp-anything-pp/grasp_label_positive/grasp_label_positive/90b091e471a67da7e9a394d94554926d3e6d9c6132faa21310abf50873db928e_1_1.pt	10x6	0.009859	385.298737	Take fork by its handle.	24
848196533f96fdc2ff96ae772dc4e237fa82e4eb129b0e3db189a78ce2b8e413_0_1	848196533f96fdc2ff96ae772dc4e237fa82e4eb129b0e3db189a78ce2b8e413	0	1	/mnt/data/grasp-anything-lgd/data/processed/grasp-anything-pp/grasp_instructions/grasp_instructions/848196533f96fdc2ff96ae772dc4e237fa82e4eb129b0e3db189a78ce2b8e413_0_1.pkl	/mnt/data/grasp-anything-lgd/data/processed/grasp-anything-pp/grasp_label_positive/grasp_label_positive/848196533f96fdc2ff96ae772dc4e237fa82e4eb129b0e3db189a78ce2b8e413_0_1.pt	7x6	0.097877	387.858154	Hold button at its material.	28
33fd5319f1fe6c3d6bbbaf3fca5c4580b978eb57301ec3ad38b1431ca6e8f9dc_1_1	33fd5319f1fe6c3d6bbbaf3fca5c4580b978eb57301ec3ad38b1431ca6e8f9dc	1	1	/mnt/data/grasp-anything-lgd/data/processed/grasp-anything-pp/grasp_instructions/grasp_instructions/33fd5319f1fe6c3d6bbbaf3fca5c4580b978eb57301ec3ad38b1431ca6e8f9dc_1_1.pkl	/mnt/data/grasp-anything-lgd/data/processed/grasp-anything-pp/grasp_label_positive/grasp_label_positive/33fd5319f1fe6c3d6bbbaf3fca5c4580b978eb57301ec3ad38b1431ca6e8f9dc_1_1.pt	8x6	0.011817	289.328613	Hold key at its notches.	24
8b9cd51438406b174a5a98dacb3fd3e0a3dd51b2adae02028f5396f6c05a3193_0_1	8b9cd51438406b174a5a98dacb3fd3e0a3dd51b2adae02028f5396f6c05a3193	0	1	/mnt/data/grasp-anything-lgd/data/processed/grasp-anything-pp/grasp_instructions/grasp_instructions/8b9cd51438406b174a5a98dacb3fd3e0a3dd51b2adae02028f5396f6c05a3193_0_1.pkl	/mnt/data/grasp-anything-lgd/data/processed/grasp-anything-pp/grasp_label_positive/grasp_label_positive/8b9cd51438406b174a5a98dacb3fd3e0a3dd51b2adae02028f5396f6c05a3193_0_1.pt	7x6	0.022533	341.523468	Lift stapler by its metal clasp.	32
b8e222dbff9fcc1280f21e75f193178af7a0d1517c3fcdff36833d66fedbcc11_1_1	b8e222dbff9fcc1280f21e75f193178af7a0d1517c3fcdff36833d66fedbcc11	1	1	/mnt/data/grasp-anything-lgd/data/processed/grasp-anything-pp/grasp_instructions/grasp_instructions/b8e222dbff9fcc1280f21e75f193178af7a0d1517c3fcdff36833d66fedbcc11_1_1.pkl	/mnt/data/grasp-anything-lgd/data/processed/grasp-anything-pp/grasp_label_positive/grasp_label_positive/b8e222dbff9fcc1280f21e75f193178af7a0d1517c3fcdff36833d66fedbcc11_1_1.pt	4x6	0.102759	206.877426	Take hold of pear on its flesh.	31
53a7863df98a26287585a659de721660585f4adda36bc9b074b95b2382242e83_0_1	53a7863df98a26287585a659de721660585f4adda36bc9b074b95b2382242e83	0	1	/mnt/data/grasp-anything-lgd/data/processed/grasp-anything-pp/grasp_instructions/grasp_instructions/53a7863df98a26287585a659de721660585f4adda36bc9b074b95b2382242e83_0_1.pkl	/mnt/data/grasp-anything-lgd/data/processed/grasp-anything-pp/grasp_label_positive/grasp_label_positive/53a7863df98a26287585a659de721660585f4adda36bc9b074b95b2382242e83_0_1.pt	2x6	0.018149	381.860291	Grasp marker at its tip.	24
0f131b2b9d14fdf145e139bcd00ce997a3080b676d8a6ad9adf072ae7e52244c_0_0	0f131b2b9d14fdf145e139bcd00ce997a3080b676d8a6ad9adf072ae7e52244c	0	0	/mnt/data/grasp-anything-lgd/data/processed/grasp-anything-pp/grasp_instructions/grasp_instructions/0f131b2b9d14fdf145e139bcd00ce997a3080b676d8a6ad9adf072ae7e52244c_0_0.pkl	/mnt/data/grasp-anything-lgd/data/processed/grasp-anything-pp/grasp_label_positive/grasp_label_positive/0f131b2b9d14fdf145e139bcd00ce997a3080b676d8a6ad9adf072ae7e52244c_0_0.pt	9x6	0.082252	172.797638	Take hold of lime on its skin.	30
3748e2de2b3d6e91e1aadea296eb2be0ad433ab651c103f7b19f564c40a121d8_0_2	3748e2de2b3d6e91e1aadea296eb2be0ad433ab651c103f7b19f564c40a121d8	0	2	/mnt/data/grasp-anything-lgd/data/processed/grasp-anything-pp/grasp_instructions/grasp_instructions/3748e2de2b3d6e91e1aadea296eb2be0ad433ab651c103f7b19f564c40a121d8_0_2.pkl	/mnt/data/grasp-anything-lgd/data/processed/grasp-anything-pp/grasp_label_positive/grasp_label_positive/3748e2de2b3d6e91e1aadea296eb2be0ad433ab651c103f7b19f564c40a121d8_0_2.pt	6x6	0.059732	268.904663	Grab apple on its seeds.	24
913559d1fb3568f0727d9b4c060a8bf7622da8720e929178ef16cb55cf43656e_0_2	913559d1fb3568f0727d9b4c060a8bf7622da8720e929178ef16cb55cf43656e	0	2	/mnt/data/grasp-anything-lgd/data/processed/grasp-anything-pp/grasp_instructions/grasp_instructions/913559d1fb3568f0727d9b4c060a8bf7622da8720e929178ef16cb55cf43656e_0_2.pkl	/mnt/data/grasp-anything-lgd/data/processed/grasp-anything-pp/grasp_label_positive/grasp_label_positive/913559d1fb3568f0727d9b4c060a8bf7622da8720e929178ef16cb55cf43656e_0_2.pt	6x6	0.141534	207.888199	Grab pencil on its eraser.	26
ef74c730bdc40e03b73ac4dad8b5838e4b82b0aaf32d7719fa9ab2e0cfebb91e_0_0	ef74c730bdc40e03b73ac4dad8b5838e4b82b0aaf32d7719fa9ab2e0cfebb91e	0	0	/mnt/data/grasp-anything-lgd/data/processed/grasp-anything-pp/grasp_instructions/grasp_instructions/ef74c730bdc40e03b73ac4dad8b5838e4b82b0aaf32d7719fa9ab2e0cfebb91e_0_0.pkl	/mnt/data/grasp-anything-lgd/data/processed/grasp-anything-pp/grasp_label_positive/grasp_label_positive/ef74c730bdc40e03b73ac4dad8b5838e4b82b0aaf32d7719fa9ab2e0cfebb91e_0_0.pt	11x6	0.035644	712.592285	Grasp banana at its skin.	25
e4a93976690485dcf63b2c4a30fba858964723f6905227bf1bbbedd96f5b933e_1_2	e4a93976690485dcf63b2c4a30fba858964723f6905227bf1bbbedd96f5b933e	1	2	/mnt/data/grasp-anything-lgd/data/processed/grasp-anything-pp/grasp_instructions/grasp_instructions/e4a93976690485dcf63b2c4a30fba858964723f6905227bf1bbbedd96f5b933e_1_2.pkl	/mnt/data/grasp-anything-lgd/data/processed/grasp-anything-pp/grasp_label_positive/grasp_label_positive/e4a93976690485dcf63b2c4a30fba858964723f6905227bf1bbbedd96f5b933e_1_2.pt	17x6	0.017737	385.717834	Take pencil by its eraser.	26
8bbd8e53ab81eede60e72e5d696ff2daf9ac73fb689949543798d6e3d70f65e0_0_2	8bbd8e53ab81eede60e72e5d696ff2daf9ac73fb689949543798d6e3d70f65e0	0	2	/mnt/data/grasp-anything-lgd/data/processed/grasp-anything-pp/grasp_instructions/grasp_instructions/8bbd8e53ab81eede60e72e5d696ff2daf9ac73fb689949543798d6e3d70f65e0_0_2.pkl	/mnt/data/grasp-anything-lgd/data/processed/grasp-anything-pp/grasp_label_positive/grasp_label_positive/8bbd8e53ab81eede60e72e5d696ff2daf9ac73fb689949543798d6e3d70f65e0_0_2.pt	2x6	0.022293	371.675232	Lift jar by its contents.	25
55d59171fd20daf227363ddb8fefcd4bb2313fcbb67da3efa81a8b18cfd93bd1_0_1	55d59171fd20daf227363ddb8fefcd4bb2313fcbb67da3efa81a8b18cfd93bd1	0	1	/mnt/data/grasp-anything-lgd/data/processed/grasp-anything-pp/grasp_instructions/grasp_instructions/55d59171fd20daf227363ddb8fefcd4bb2313fcbb67da3efa81a8b18cfd93bd1_0_1.pkl	/mnt/data/grasp-anything-lgd/data/processed/grasp-anything-pp/grasp_label_positive/grasp_label_positive/55d59171fd20daf227363ddb8fefcd4bb2313fcbb67da3efa81a8b18cfd93bd1_0_1.pt	7x6	0.035965	257.719513	Grab spoon on its bowl-shaped.	30
2eef38baad24fb869dea12887249a9a4fa1bde25b855b7ff9eec0583c2f58168_1_2	2eef38baad24fb869dea12887249a9a4fa1bde25b855b7ff9eec0583c2f58168	1	2	/mnt/data/grasp-anything-lgd/data/processed/grasp-anything-pp/grasp_instructions/grasp_instructions/2eef38baad24fb869dea12887249a9a4fa1bde25b855b7ff9eec0583c2f58168_1_2.pkl	/mnt/data/grasp-anything-lgd/data/processed/grasp-anything-pp/grasp_label_positive/grasp_label_positive/2eef38baad24fb869dea12887249a9a4fa1bde25b855b7ff9eec0583c2f58168_1_2.pt	2x6	0.015808	300.008301	Grasp keychain at its keys.	27
ddae3b021060a409e4825d1109810d55f6c2cd5504de0aa0caacecf2205e954f_0_2	ddae3b021060a409e4825d1109810d55f6c2cd5504de0aa0caacecf2205e954f	0	2	/mnt/data/grasp-anything-lgd/data/processed/grasp-anything-pp/grasp_instructions/grasp_instructions/ddae3b021060a409e4825d1109810d55f6c2cd5504de0aa0caacecf2205e954f_0_2.pkl	/mnt/data/grasp-anything-lgd/data/processed/grasp-anything-pp/grasp_label_positive/grasp_label_positive/ddae3b021060a409e4825d1109810d55f6c2cd5504de0aa0caacecf2205e954f_0_2.pt	2x6	0.035326	202.8647	Grip marker on its cap.	23
aa96f304058e2e5b2e14f0c543879d0a68d52c0be8d0dc19cd158750bbc4ed80_1_0	aa96f304058e2e5b2e14f0c543879d0a68d52c0be8d0dc19cd158750bbc4ed80	1	0	/mnt/data/grasp-anything-lgd/data/processed/grasp-anything-pp/grasp_instructions/grasp_instructions/aa96f304058e2e5b2e14f0c543879d0a68d52c0be8d0dc19cd158750bbc4ed80_1_0.pkl	/mnt/data/grasp-anything-lgd/data/processed/grasp-anything-pp/grasp_label_positive/grasp_label_positive/aa96f304058e2e5b2e14f0c543879d0a68d52c0be8d0dc19cd158750bbc4ed80_1_0.pt	2x6	0.006954	367.178711	Fetch spoon by its utensil.	27
b82314371d1110e523ef34bc2fec7650a40796d7377d45601dbbec55e6902b70_1_2	b82314371d1110e523ef34bc2fec7650a40796d7377d45601dbbec55e6902b70	1	2	/mnt/data/grasp-anything-lgd/data/processed/grasp-anything-pp/grasp_instructions/grasp_instructions/b82314371d1110e523ef34bc2fec7650a40796d7377d45601dbbec55e6902b70_1_2.pkl	/mnt/data/grasp-anything-lgd/data/processed/grasp-anything-pp/grasp_label_positive/grasp_label_positive/b82314371d1110e523ef34bc2fec7650a40796d7377d45601dbbec55e6902b70_1_2.pt	5x6	0.088037	257.906189	Pick up ball by its bounce.	27
afdd84bcf9b03ca7ce9bdf0372a87e7aafb24d0e069ec09dd314e4ad1adb1779_0_2	afdd84bcf9b03ca7ce9bdf0372a87e7aafb24d0e069ec09dd314e4ad1adb1779	0	2	/mnt/data/grasp-anything-lgd/data/processed/grasp-anything-pp/grasp_instructions/grasp_instructions/afdd84bcf9b03ca7ce9bdf0372a87e7aafb24d0e069ec09dd314e4ad1adb1779_0_2.pkl	/mnt/data/grasp-anything-lgd/data/processed/grasp-anything-pp/grasp_label_positive/grasp_label_positive/afdd84bcf9b03ca7ce9bdf0372a87e7aafb24d0e069ec09dd314e4ad1adb1779_0_2.pt	4x6	0.075397	370.58194	Lift ball by its bounce.	24
34fd9b7dea6cbd7f0c51354cc1d37a34cbd220fba58ae5eb7f09d534edaaa281_1_0	34fd9b7dea6cbd7f0c51354cc1d37a34cbd220fba58ae5eb7f09d534edaaa281	1	0	/mnt/data/grasp-anything-lgd/data/processed/grasp-anything-pp/grasp_instructions/grasp_instructions/34fd9b7dea6cbd7f0c51354cc1d37a34cbd220fba58ae5eb7f09d534edaaa281_1_0.pkl	/mnt/data/grasp-anything-lgd/data/processed/grasp-anything-pp/grasp_label_positive/grasp_label_positive/34fd9b7dea6cbd7f0c51354cc1d37a34cbd220fba58ae5eb7f09d534edaaa281_1_0.pt	10x6	0.03407	371.108826	Lift pen by its barrel.	23
d0e8ae332d383dc846eda5c7a0a122acff7d135d7fcf449ea7f5914d3534dcb5_0_2	d0e8ae332d383dc846eda5c7a0a122acff7d135d7fcf449ea7f5914d3534dcb5	0	2	/mnt/data/grasp-anything-lgd/data/processed/grasp-anything-pp/grasp_instructions/grasp_instructions/d0e8ae332d383dc846eda5c7a0a122acff7d135d7fcf449ea7f5914d3534dcb5_0_2.pkl	/mnt/data/grasp-anything-lgd/data/processed/grasp-anything-pp/grasp_label_positive/grasp_label_positive/d0e8ae332d383dc846eda5c7a0a122acff7d135d7fcf449ea7f5914d3534dcb5_0_2.pt	10x6	0.019306	368.528107	Lift eraser by its texture.	27
cf98b8f923dcf55582ea2b9b3f282aa4bf764bfe304b17880fb2595798d43d97_0_3	cf98b8f923dcf55582ea2b9b3f282aa4bf764bfe304b17880fb2595798d43d97	0	3	/mnt/data/grasp-anything-lgd/data/processed/grasp-anything-pp/grasp_instructions/grasp_instructions/cf98b8f923dcf55582ea2b9b3f282aa4bf764bfe304b17880fb2595798d43d97_0_3.pkl	/mnt/data/grasp-anything-lgd/data/processed/grasp-anything-pp/grasp_label_positive/grasp_label_positive/cf98b8f923dcf55582ea2b9b3f282aa4bf764bfe304b17880fb2595798d43d97_0_3.pt	3x6	0.013976	293.580353	Grab apple on its stem.	23
1f471d23c19b0bd57934104a7f261f9d0a9895f50b62509168d1222633bc597c_0_0	1f471d23c19b0bd57934104a7f261f9d0a9895f50b62509168d1222633bc597c	0	0	/mnt/data/grasp-anything-lgd/data/processed/grasp-anything-pp/grasp_instructions/grasp_instructions/1f471d23c19b0bd57934104a7f261f9d0a9895f50b62509168d1222633bc597c_0_0.pkl	/mnt/data/grasp-anything-lgd/data/processed/grasp-anything-pp/grasp_label_positive/grasp_label_positive/1f471d23c19b0bd57934104a7f261f9d0a9895f50b62509168d1222633bc597c_0_0.pt	4x6	0.064929	204.238159	Fetch apple by its skin.	24
8b966e0ad236be0c548f20ee7412e3fe7802d093a568dc5a8800ce6e13ad2c72_0_1	8b966e0ad236be0c548f20ee7412e3fe7802d093a568dc5a8800ce6e13ad2c72	0	1	/mnt/data/grasp-anything-lgd/data/processed/grasp-anything-pp/grasp_instructions/grasp_instructions/8b966e0ad236be0c548f20ee7412e3fe7802d093a568dc5a8800ce6e13ad2c72_0_1.pkl	/mnt/data/grasp-anything-lgd/data/processed/grasp-anything-pp/grasp_label_positive/grasp_label_positive/8b966e0ad236be0c548f20ee7412e3fe7802d093a568dc5a8800ce6e13ad2c72_0_1.pt	10x6	0.030279	385.404907	Grab key on its notches.	24
3bb1d63a66f6557cd8d937175e18e3d7fbd6e3e2db2e90f14f05c025ed8ab145_0_0	3bb1d63a66f6557cd8d937175e18e3d7fbd6e3e2db2e90f14f05c025ed8ab145	0	0	/mnt/data/grasp-anything-lgd/data/processed/grasp-anything-pp/grasp_instructions/grasp_instructions/3bb1d63a66f6557cd8d937175e18e3d7fbd6e3e2db2e90f14f05c025ed8ab145_0_0.pkl	/mnt/data/grasp-anything-lgd/data/processed/grasp-anything-pp/grasp_label_positive/grasp_label_positive/3bb1d63a66f6557cd8d937175e18e3d7fbd6e3e2db2e90f14f05c025ed8ab145_0_0.pt	5x6	0.011776	359.795349	Take hold of hairbrush on its bristles.	39
c2d40d59eb22deb726bdc15cb36c4e34652c64c6ce1383c5852861e1ddf87a4d_1_2	c2d40d59eb22deb726bdc15cb36c4e34652c64c6ce1383c5852861e1ddf87a4d	1	2	/mnt/data/grasp-anything-lgd/data/processed/grasp-anything-pp/grasp_instructions/grasp_instructions/c2d40d59eb22deb726bdc15cb36c4e34652c64c6ce1383c5852861e1ddf87a4d_1_2.pkl	/mnt/data/grasp-anything-lgd/data/processed/grasp-anything-pp/grasp_label_positive/grasp_label_positive/c2d40d59eb22deb726bdc15cb36c4e34652c64c6ce1383c5852861e1ddf87a4d_1_2.pt	25x6	0.009804	356.276367	Lift fork by its prongs.	24
f0cd1c08e78a6bb98c42f9a6b8aa39eb624395568db28ebcdbc11a95c4181813_0_2	f0cd1c08e78a6bb98c42f9a6b8aa39eb624395568db28ebcdbc11a95c4181813	0	2	/mnt/data/grasp-anything-lgd/data/processed/grasp-anything-pp/grasp_instructions/grasp_instructions/f0cd1c08e78a6bb98c42f9a6b8aa39eb624395568db28ebcdbc11a95c4181813_0_2.pkl	/mnt/data/grasp-anything-lgd/data/processed/grasp-anything-pp/grasp_label_positive/grasp_label_positive/f0cd1c08e78a6bb98c42f9a6b8aa39eb624395568db28ebcdbc11a95c4181813_0_2.pt	23x6	0.012378	368.865326	Fetch spoon by its handle.	26
5cee09ab953cd2e4400f267c7b818a5c6e919ea17a77236a7b581814bb82d177_1_0	5cee09ab953cd2e4400f267c7b818a5c6e919ea17a77236a7b581814bb82d177	1	0	/mnt/data/grasp-anything-lgd/data/processed/grasp-anything-pp/grasp_instructions/grasp_instructions/5cee09ab953cd2e4400f267c7b818a5c6e919ea17a77236a7b581814bb82d177_1_0.pkl	/mnt/data/grasp-anything-lgd/data/processed/grasp-anything-pp/grasp_label_positive/grasp_label_positive/5cee09ab953cd2e4400f267c7b818a5c6e919ea17a77236a7b581814bb82d177_1_0.pt	9x6	0.080695	176.482193	Grab lime on its skin.	22
c0e56550586454c9354164ec20b0fc94036b3249c02a317e5656c3f479832105_0_2	c0e56550586454c9354164ec20b0fc94036b3249c02a317e5656c3f479832105	0	2	/mnt/data/grasp-anything-lgd/data/processed/grasp-anything-pp/grasp_instructions/grasp_instructions/c0e56550586454c9354164ec20b0fc94036b3249c02a317e5656c3f479832105_0_2.pkl	/mnt/data/grasp-anything-lgd/data/processed/grasp-anything-pp/grasp_label_positive/grasp_label_positive/c0e56550586454c9354164ec20b0fc94036b3249c02a317e5656c3f479832105_0_2.pt	1x6	1.531052	197.479492	Pick up marker by its cap.	26
6f2587200111dd03758396bc68da3e3c4829f520339152e09a411be5dd84c502_0_2	6f2587200111dd03758396bc68da3e3c4829f520339152e09a411be5dd84c502	0	2	/mnt/data/grasp-anything-lgd/data/processed/grasp-anything-pp/grasp_instructions/grasp_instructions/6f2587200111dd03758396bc68da3e3c4829f520339152e09a411be5dd84c502_0_2.pkl	/mnt/data/grasp-anything-lgd/data/processed/grasp-anything-pp/grasp_label_positive/grasp_label_positive/6f2587200111dd03758396bc68da3e3c4829f520339152e09a411be5dd84c502_0_2.pt	18x6	0.013572	264.382507	Grab spoon on its handle.	25
31da79e487b4565c92158f85561de0a2c58135326a3cf09e86ed2696f7df943c_1_2	31da79e487b4565c92158f85561de0a2c58135326a3cf09e86ed2696f7df943c	1	2	/mnt/data/grasp-anything-lgd/data/processed/grasp-anything-pp/grasp_instructions/grasp_instructions/31da79e487b4565c92158f85561de0a2c58135326a3cf09e86ed2696f7df943c_1_2.pkl	/mnt/data/grasp-anything-lgd/data/processed/grasp-anything-pp/grasp_label_positive/grasp_label_positive/31da79e487b4565c92158f85561de0a2c58135326a3cf09e86ed2696f7df943c_1_2.pt	9x6	0.039084	339.234314	Pick up remote by its infrared sensor.	38
866c96b4f36fb8d82e62e4eb0060ba9a8cb2eab4cbca302bd9f0d014be791df6_0_1	866c96b4f36fb8d82e62e4eb0060ba9a8cb2eab4cbca302bd9f0d014be791df6	0	1	/mnt/data/grasp-anything-lgd/data/processed/grasp-anything-pp/grasp_instructions/grasp_instructions/866c96b4f36fb8d82e62e4eb0060ba9a8cb2eab4cbca302bd9f0d014be791df6_0_1.pkl	/mnt/data/grasp-anything-lgd/data/processed/grasp-anything-pp/grasp_label_positive/grasp_label_positive/866c96b4f36fb8d82e62e4eb0060ba9a8cb2eab4cbca302bd9f0d014be791df6_0_1.pt	11x6	0.0089	376.219299	Take hold of notebook on its pages.	35
9946fc9a236ff43b4217cc2336c89b229d89153498e888e23e93901b92b83a95_1_2	9946fc9a236ff43b4217cc2336c89b229d89153498e888e23e93901b92b83a95	1	2	/mnt/data/grasp-anything-lgd/data/processed/grasp-anything-pp/grasp_instructions/grasp_instructions/9946fc9a236ff43b4217cc2336c89b229d89153498e888e23e93901b92b83a95_1_2.pkl	/mnt/data/grasp-anything-lgd/data/processed/grasp-anything-pp/grasp_label_positive/grasp_label_positive/9946fc9a236ff43b4217cc2336c89b229d89153498e888e23e93901b92b83a95_1_2.pt	1x6	0.131743	296.832611	Hold apple at its seeds.	24
ef7c84def98e8282653e112d3bb3031459259d4c7e3574b8be0dd2eccf84d86e_0_0	ef7c84def98e8282653e112d3bb3031459259d4c7e3574b8be0dd2eccf84d86e	0	0	/mnt/data/grasp-anything-lgd/data/processed/grasp-anything-pp/grasp_instructions/grasp_instructions/ef7c84def98e8282653e112d3bb3031459259d4c7e3574b8be0dd2eccf84d86e_0_0.pkl	/mnt/data/grasp-anything-lgd/data/processed/grasp-anything-pp/grasp_label_positive/grasp_label_positive/ef7c84def98e8282653e112d3bb3031459259d4c7e3574b8be0dd2eccf84d86e_0_0.pt	4x6	0.030301	368.926178	Fetch mug by its handle.	24
9faf75b6abe311ebef7cb13436bd023ee59d864ba331299d641122688af08280_1_1	9faf75b6abe311ebef7cb13436bd023ee59d864ba331299d641122688af08280	1	1	/mnt/data/grasp-anything-lgd/data/processed/grasp-anything-pp/grasp_instructions/grasp_instructions/9faf75b6abe311ebef7cb13436bd023ee59d864ba331299d641122688af08280_1_1.pkl	/mnt/data/grasp-anything-lgd/data/processed/grasp-anything-pp/grasp_label_positive/grasp_label_positive/9faf75b6abe311ebef7cb13436bd023ee59d864ba331299d641122688af08280_1_1.pt	9x6	0.010621	332.403168	Grip flashlight on its bulb.	28
ef8f922c616bddd4b4200ffb23727d3be527457b6944bcca4d14d51680056cf8_2_0	ef8f922c616bddd4b4200ffb23727d3be527457b6944bcca4d14d51680056cf8	2	0	/mnt/data/grasp-anything-lgd/data/processed/grasp-anything-pp/grasp_instructions/grasp_instructions/ef8f922c616bddd4b4200ffb23727d3be527457b6944bcca4d14d51680056cf8_2_0.pkl	/mnt/data/grasp-anything-lgd/data/processed/grasp-anything-pp/grasp_label_positive/grasp_label_positive/ef8f922c616bddd4b4200ffb23727d3be527457b6944bcca4d14d51680056cf8_2_0.pt	4x6	0.026102	213.7565	Lift pen by its barrel.	23
218626198e4884955bebbb7703bb68990976cda54279b10d5db026c43945d924_1_0	218626198e4884955bebbb7703bb68990976cda54279b10d5db026c43945d924	1	0	/mnt/data/grasp-anything-lgd/data/processed/grasp-anything-pp/grasp_instructions/grasp_instructions/218626198e4884955bebbb7703bb68990976cda54279b10d5db026c43945d924_1_0.pkl	/mnt/data/grasp-anything-lgd/data/processed/grasp-anything-pp/grasp_label_positive/grasp_label_positive/218626198e4884955bebbb7703bb68990976cda54279b10d5db026c43945d924_1_0.pt	33x6	0.007629	360.501068	Grip pencil on its wooden or plastic.	37
6bb5e1fce1d0d5a6646f3a8570af35688e805699f927a88cb1e0f83da11d1034_0_2	6bb5e1fce1d0d5a6646f3a8570af35688e805699f927a88cb1e0f83da11d1034	0	2	/mnt/data/grasp-anything-lgd/data/processed/grasp-anything-pp/grasp_instructions/grasp_instructions/6bb5e1fce1d0d5a6646f3a8570af35688e805699f927a88cb1e0f83da11d1034_0_2.pkl	/mnt/data/grasp-anything-lgd/data/processed/grasp-anything-pp/grasp_label_positive/grasp_label_positive/6bb5e1fce1d0d5a6646f3a8570af35688e805699f927a88cb1e0f83da11d1034_0_2.pt	5x6	0.027016	374.286163	Lift lime by its seeds.	23
1e26d7ceb7adca2b82f80f189f44e6859330cc05927c66952b9ac40db2b659c3_0_1	1e26d7ceb7adca2b82f80f189f44e6859330cc05927c66952b9ac40db2b659c3	0	1	/mnt/data/grasp-anything-lgd/data/processed/grasp-anything-pp/grasp_instructions/grasp_instructions/1e26d7ceb7adca2b82f80f189f44e6859330cc05927c66952b9ac40db2b659c3_0_1.pkl	/mnt/data/grasp-anything-lgd/data/processed/grasp-anything-pp/grasp_label_positive/grasp_label_positive/1e26d7ceb7adca2b82f80f189f44e6859330cc05927c66952b9ac40db2b659c3_0_1.pt	7x6	0.114778	239.588806	Pick up lemon by its flesh.	27
43b675b6b7a52c0f5304cdb15907c3ed606eb017f09dfec4cb1237dbdf075010_0_0	43b675b6b7a52c0f5304cdb15907c3ed606eb017f09dfec4cb1237dbdf075010	0	0	/mnt/data/grasp-anything-lgd/data/processed/grasp-anything-pp/grasp_instructions/grasp_instructions/43b675b6b7a52c0f5304cdb15907c3ed606eb017f09dfec4cb1237dbdf075010_0_0.pkl	/mnt/data/grasp-anything-lgd/data/processed/grasp-anything-pp/grasp_label_positive/grasp_label_positive/43b675b6b7a52c0f5304cdb15907c3ed606eb017f09dfec4cb1237dbdf075010_0_0.pt	2x6	0.020297	190.596832	Take pencil by its wooden or plastic.	37
3adaf71ebde74ff9a50635fe4bcab534856359845118ed6db1af317e26fd3625_0_1	3adaf71ebde74ff9a50635fe4bcab534856359845118ed6db1af317e26fd3625	0	1	/mnt/data/grasp-anything-lgd/data/processed/grasp-anything-pp/grasp_instructions/grasp_instructions/3adaf71ebde74ff9a50635fe4bcab534856359845118ed6db1af317e26fd3625_0_1.pkl	/mnt/data/grasp-anything-lgd/data/processed/grasp-anything-pp/grasp_label_positive/grasp_label_positive/3adaf71ebde74ff9a50635fe4bcab534856359845118ed6db1af317e26fd3625_0_1.pt	1x6	0.081502	370.636963	Hold notebook at its pages.	27
0b69b6a45e67db89dd4deef1df77c637b57c6532b6308beecef635c9681c7cad_1_2	0b69b6a45e67db89dd4deef1df77c637b57c6532b6308beecef635c9681c7cad	1	2	/mnt/data/grasp-anything-lgd/data/processed/grasp-anything-pp/grasp_instructions/grasp_instructions/0b69b6a45e67db89dd4deef1df77c637b57c6532b6308beecef635c9681c7cad_1_2.pkl	/mnt/data/grasp-anything-lgd/data/processed/grasp-anything-pp/grasp_label_positive/grasp_label_positive/0b69b6a45e67db89dd4deef1df77c637b57c6532b6308beecef635c9681c7cad_1_2.pt	1x6	0.031286	144.658066	Take pepper by its shaker or container.	39
8e6699ceba69045b71d161be9ae06923c896a2436293997fb9818daa3c9b6bad_1_1	8e6699ceba69045b71d161be9ae06923c896a2436293997fb9818daa3c9b6bad	1	1	/mnt/data/grasp-anything-lgd/data/processed/grasp-anything-pp/grasp_instructions/grasp_instructions/8e6699ceba69045b71d161be9ae06923c896a2436293997fb9818daa3c9b6bad_1_1.pkl	/mnt/data/grasp-anything-lgd/data/processed/grasp-anything-pp/grasp_label_positive/grasp_label_positive/8e6699ceba69045b71d161be9ae06923c896a2436293997fb9818daa3c9b6bad_1_1.pt	5x6	0.010974	302.942841	Fetch clip by its hinge.	24
815887383f4d28c4f12edeecb606f2b4249c02e3240151202cd3c011ab324813_1_2	815887383f4d28c4f12edeecb606f2b4249c02e3240151202cd3c011ab324813	1	2	/mnt/data/grasp-anything-lgd/data/processed/grasp-anything-pp/grasp_instructions/grasp_instructions/815887383f4d28c4f12edeecb606f2b4249c02e3240151202cd3c011ab324813_1_2.pkl	/mnt/data/grasp-anything-lgd/data/processed/grasp-anything-pp/grasp_label_positive/grasp_label_positive/815887383f4d28c4f12edeecb606f2b4249c02e3240151202cd3c011ab324813_1_2.pt	1x6	0.010672	275.758972	Grasp spoon at its handle.	26
29beb001b8fdee34b3617ac6e256f7ee89e48fbe771d22012487692626b31b89_0_0	29beb001b8fdee34b3617ac6e256f7ee89e48fbe771d22012487692626b31b89	0	0	/mnt/data/grasp-anything-lgd/data/processed/grasp-anything-pp/grasp_instructions/grasp_instructions/29beb001b8fdee34b3617ac6e256f7ee89e48fbe771d22012487692626b31b89_0_0.pkl	/mnt/data/grasp-anything-lgd/data/processed/grasp-anything-pp/grasp_label_positive/grasp_label_positive/29beb001b8fdee34b3617ac6e256f7ee89e48fbe771d22012487692626b31b89_0_0.pt	17x6	0.030521	381.138885	Grab spoon on its utensil.	26
7946994ebf1e4b6e9095a6a17f64ae666e7697211d85915bc317ac2cee71fda0_0_3	7946994ebf1e4b6e9095a6a17f64ae666e7697211d85915bc317ac2cee71fda0	0	3	/mnt/data/grasp-anything-lgd/data/processed/grasp-anything-pp/grasp_instructions/grasp_instructions/7946994ebf1e4b6e9095a6a17f64ae666e7697211d85915bc317ac2cee71fda0_0_3.pkl	/mnt/data/grasp-anything-lgd/data/processed/grasp-anything-pp/grasp_label_positive/grasp_label_positive/7946994ebf1e4b6e9095a6a17f64ae666e7697211d85915bc317ac2cee71fda0_0_3.pt	4x6	0.078228	198.682022	Lift apple by its stem.	23
4b01f70b89c8011a19c5841994f2774bd10cbd8f8a7e7c17018fca0369ef743e_1_1	4b01f70b89c8011a19c5841994f2774bd10cbd8f8a7e7c17018fca0369ef743e	1	1	/mnt/data/grasp-anything-lgd/data/processed/grasp-anything-pp/grasp_instructions/grasp_instructions/4b01f70b89c8011a19c5841994f2774bd10cbd8f8a7e7c17018fca0369ef743e_1_1.pkl	/mnt/data/grasp-anything-lgd/data/processed/grasp-anything-pp/grasp_label_positive/grasp_label_positive/4b01f70b89c8011a19c5841994f2774bd10cbd8f8a7e7c17018fca0369ef743e_1_1.pt	1x6	0.34999	261.986847	Pick up spoon by its bowl-shaped.	33
a0d3e9a64047a551e2bb7fb877d8bdb21a40062eb269396333ce9d0c80abc23f_0_2	a0d3e9a64047a551e2bb7fb877d8bdb21a40062eb269396333ce9d0c80abc23f	0	2	/mnt/data/grasp-anything-lgd/data/processed/grasp-anything-pp/grasp_instructions/grasp_instructions/a0d3e9a64047a551e2bb7fb877d8bdb21a40062eb269396333ce9d0c80abc23f_0_2.pkl	/mnt/data/grasp-anything-lgd/data/processed/grasp-anything-pp/grasp_label_positive/grasp_label_positive/a0d3e9a64047a551e2bb7fb877d8bdb21a40062eb269396333ce9d0c80abc23f_0_2.pt	2x6	0.079306	368.039978	Fetch apple by its seeds.	25
e0a41406b5cdf89ccefdf39a4db71f61812d44d7f957c46ae0cd37938492af8e_0_0	e0a41406b5cdf89ccefdf39a4db71f61812d44d7f957c46ae0cd37938492af8e	0	0	/mnt/data/grasp-anything-lgd/data/processed/grasp-anything-pp/grasp_instructions/grasp_instructions/e0a41406b5cdf89ccefdf39a4db71f61812d44d7f957c46ae0cd37938492af8e_0_0.pkl	/mnt/data/grasp-anything-lgd/data/processed/grasp-anything-pp/grasp_label_positive/grasp_label_positive/e0a41406b5cdf89ccefdf39a4db71f61812d44d7f957c46ae0cd37938492af8e_0_0.pt	1x6	0.132837	0.939039	Pick up notebook by its cover.	30
4387b2c87d209b0fc1c884b861b9641f290dd9268a5d6d529e167c0106ed526a_0_0	4387b2c87d209b0fc1c884b861b9641f290dd9268a5d6d529e167c0106ed526a	0	0	/mnt/data/grasp-anything-lgd/data/processed/grasp-anything-pp/grasp_instructions/grasp_instructions/4387b2c87d209b0fc1c884b861b9641f290dd9268a5d6d529e167c0106ed526a_0_0.pkl	/mnt/data/grasp-anything-lgd/data/processed/grasp-anything-pp/grasp_label_positive/grasp_label_positive/4387b2c87d209b0fc1c884b861b9641f290dd9268a5d6d529e167c0106ed526a_0_0.pt	1x6	2.972458	328.367035	Grip apple on its skin.	23
c2dcfd388faa069f58aff726468dd187ccd6e8b8e2d0096e7013a4fcaf018fa7_0_3	c2dcfd388faa069f58aff726468dd187ccd6e8b8e2d0096e7013a4fcaf018fa7	0	3	/mnt/data/grasp-anything-lgd/data/processed/grasp-anything-pp/grasp_instructions/grasp_instructions/c2dcfd388faa069f58aff726468dd187ccd6e8b8e2d0096e7013a4fcaf018fa7_0_3.pkl	/mnt/data/grasp-anything-lgd/data/processed/grasp-anything-pp/grasp_label_positive/grasp_label_positive/c2dcfd388faa069f58aff726468dd187ccd6e8b8e2d0096e7013a4fcaf018fa7_0_3.pt	4x6	0.045038	200.90036	Grab apple on its stem.	23
60ca624b97b9f0ea795926f98958f4537a404773dc7b366165a5e5bcdd6ceee9_0_0	60ca624b97b9f0ea795926f98958f4537a404773dc7b366165a5e5bcdd6ceee9	0	0	/mnt/data/grasp-anything-lgd/data/processed/grasp-anything-pp/grasp_instructions/grasp_instructions/60ca624b97b9f0ea795926f98958f4537a404773dc7b366165a5e5bcdd6ceee9_0_0.pkl	/mnt/data/grasp-anything-lgd/data/processed/grasp-anything-pp/grasp_label_positive/grasp_label_positive/60ca624b97b9f0ea795926f98958f4537a404773dc7b366165a5e5bcdd6ceee9_0_0.pt	4x6	0.038873	238.445724	Hold key at its metal or plastic.	33
064df74cdc6755f6e3d19856bd5742a54c3d889a2be804acfbf2627206e0e49b_1_1	064df74cdc6755f6e3d19856bd5742a54c3d889a2be804acfbf2627206e0e49b	1	1	/mnt/data/grasp-anything-lgd/data/processed/grasp-anything-pp/grasp_instructions/grasp_instructions/064df74cdc6755f6e3d19856bd5742a54c3d889a2be804acfbf2627206e0e49b_1_1.pkl	/mnt/data/grasp-anything-lgd/data/processed/grasp-anything-pp/grasp_label_positive/grasp_label_positive/064df74cdc6755f6e3d19856bd5742a54c3d889a2be804acfbf2627206e0e49b_1_1.pt	3x6	0.060448	263.693848	Grab highlighter on its bright color.	37
ee8e923d4edbd643b57e7de6bfb516e95cc221021b6e5acc09eaaa282ccd9fde_0_2	ee8e923d4edbd643b57e7de6bfb516e95cc221021b6e5acc09eaaa282ccd9fde	0	2	/mnt/data/grasp-anything-lgd/data/processed/grasp-anything-pp/grasp_instructions/grasp_instructions/ee8e923d4edbd643b57e7de6bfb516e95cc221021b6e5acc09eaaa282ccd9fde_0_2.pkl	/mnt/data/grasp-anything-lgd/data/processed/grasp-anything-pp/grasp_label_positive/grasp_label_positive/ee8e923d4edbd643b57e7de6bfb516e95cc221021b6e5acc09eaaa282ccd9fde_0_2.pt	8x6	0.028635	323.989441	Grasp block at its size.	24
8349f31418e64ac76d544cc4a8bee66ebe8e6fc121246505492a1b420be63680_1_2	8349f31418e64ac76d544cc4a8bee66ebe8e6fc121246505492a1b420be63680	1	2	/mnt/data/grasp-anything-lgd/data/processed/grasp-anything-pp/grasp_instructions/grasp_instructions/8349f31418e64ac76d544cc4a8bee66ebe8e6fc121246505492a1b420be63680_1_2.pkl	/mnt/data/grasp-anything-lgd/data/processed/grasp-anything-pp/grasp_label_positive/grasp_label_positive/8349f31418e64ac76d544cc4a8bee66ebe8e6fc121246505492a1b420be63680_1_2.pt	8x6	0.036634	262.702332	Take scissors by its pivot.	27
853653ff55d629bc7486e326648db8ff3b6e30668f96ef8157d433df7360a7a2_1_2	853653ff55d629bc7486e326648db8ff3b6e30668f96ef8157d433df7360a7a2	1	2	/mnt/data/grasp-anything-lgd/data/processed/grasp-anything-pp/grasp_instructions/grasp_instructions/853653ff55d629bc7486e326648db8ff3b6e30668f96ef8157d433df7360a7a2_1_2.pkl	/mnt/data/grasp-anything-lgd/data/processed/grasp-anything-pp/grasp_label_positive/grasp_label_positive/853653ff55d629bc7486e326648db8ff3b6e30668f96ef8157d433df7360a7a2_1_2.pt	34x6	0.014904	385.309082	Pick up eraser by its texture.	30
1450b03a09ff636dcd4dcf96edcd5abe99fa7b9cb21babc6daa3f28465306883_2_0	1450b03a09ff636dcd4dcf96edcd5abe99fa7b9cb21babc6daa3f28465306883	2	0	/mnt/data/grasp-anything-lgd/data/processed/grasp-anything-pp/grasp_instructions/grasp_instructions/1450b03a09ff636dcd4dcf96edcd5abe99fa7b9cb21babc6daa3f28465306883_2_0.pkl	/mnt/data/grasp-anything-lgd/data/processed/grasp-anything-pp/grasp_label_positive/grasp_label_positive/1450b03a09ff636dcd4dcf96edcd5abe99fa7b9cb21babc6daa3f28465306883_2_0.pt	8x6	0.054691	385.651855	Grab rubber on its elastic material.	36
fdf31a3ab2aefce080c0de91bce8a25135606873cec154efcccf34856fd342b3_2_2	fdf31a3ab2aefce080c0de91bce8a25135606873cec154efcccf34856fd342b3	2	2	/mnt/data/grasp-anything-lgd/data/processed/grasp-anything-pp/grasp_instructions/grasp_instructions/fdf31a3ab2aefce080c0de91bce8a25135606873cec154efcccf34856fd342b3_2_2.pkl	/mnt/data/grasp-anything-lgd/data/processed/grasp-anything-pp/grasp_label_positive/grasp_label_positive/fdf31a3ab2aefce080c0de91bce8a25135606873cec154efcccf34856fd342b3_2_2.pt	7x6	0.010199	375.623596	Take knife by its sharp edge.	29
46a772b60ccb46704cb2efb26e860913a963638e5c0cd990637a2d1b2f32af72_2_2	46a772b60ccb46704cb2efb26e860913a963638e5c0cd990637a2d1b2f32af72	2	2	/mnt/data/grasp-anything-lgd/data/processed/grasp-anything-pp/grasp_instructions/grasp_instructions/46a772b60ccb46704cb2efb26e860913a963638e5c0cd990637a2d1b2f32af72_2_2.pkl	/mnt/data/grasp-anything-lgd/data/processed/grasp-anything-pp/grasp_label_positive/grasp_label_positive/46a772b60ccb46704cb2efb26e860913a963638e5c0cd990637a2d1b2f32af72_2_2.pt	2x6	0.015798	165.729034	Grab pen on its cap.	20
98dabb174bb2d35b286982612aff135e1bb92b0736757afb2e7e77f64471a04d_0_0	98dabb174bb2d35b286982612aff135e1bb92b0736757afb2e7e77f64471a04d	0	0	/mnt/data/grasp-anything-lgd/data/processed/grasp-anything-pp/grasp_instructions/grasp_instructions/98dabb174bb2d35b286982612aff135e1bb92b0736757afb2e7e77f64471a04d_0_0.pkl	/mnt/data/grasp-anything-lgd/data/processed/grasp-anything-pp/grasp_label_positive/grasp_label_positive/98dabb174bb2d35b286982612aff135e1bb92b0736757afb2e7e77f64471a04d_0_0.pt	12x6	0.036614	229.370087	Grip mug on its handle.	23
0ad223a004425d9368fce187160bd129ce5e7058efeb63542c8fe195a40c886c_0_1	0ad223a004425d9368fce187160bd129ce5e7058efeb63542c8fe195a40c886c	0	1	/mnt/data/grasp-anything-lgd/data/processed/grasp-anything-pp/grasp_instructions/grasp_instructions/0ad223a004425d9368fce187160bd129ce5e7058efeb63542c8fe195a40c886c_0_1.pkl	/mnt/data/grasp-anything-lgd/data/processed/grasp-anything-pp/grasp_label_positive/grasp_label_positive/0ad223a004425d9368fce187160bd129ce5e7058efeb63542c8fe195a40c886c_0_1.pt	1x6	0.036403	274.986145	Grip stapler on its metal clasp.	32
591f51200b3e29eb62be8f5f935492bf5db8cf0284fa45d2e079f7ae8cf83411_0_3	591f51200b3e29eb62be8f5f935492bf5db8cf0284fa45d2e079f7ae8cf83411	0	3	/mnt/data/grasp-anything-lgd/data/processed/grasp-anything-pp/grasp_instructions/grasp_instructions/591f51200b3e29eb62be8f5f935492bf5db8cf0284fa45d2e079f7ae8cf83411_0_3.pkl	/mnt/data/grasp-anything-lgd/data/processed/grasp-anything-pp/grasp_label_positive/grasp_label_positive/591f51200b3e29eb62be8f5f935492bf5db8cf0284fa45d2e079f7ae8cf83411_0_3.pt	1x6	-0.004724	176.872971	Take hold of apple on its stem.	31
c8002d8348385c5041a61e538c9ede1824a8f4d2c1957235eed110948943e458_1_2	c8002d8348385c5041a61e538c9ede1824a8f4d2c1957235eed110948943e458	1	2	/mnt/data/grasp-anything-lgd/data/processed/grasp-anything-pp/grasp_instructions/grasp_instructions/c8002d8348385c5041a61e538c9ede1824a8f4d2c1957235eed110948943e458_1_2.pkl	/mnt/data/grasp-anything-lgd/data/processed/grasp-anything-pp/grasp_label_positive/grasp_label_positive/c8002d8348385c5041a61e538c9ede1824a8f4d2c1957235eed110948943e458_1_2.pt	4x6	0.071829	309.467865	Grip lime on its seeds.	23
af670a7d6ab1a53222d3a549933e02d2a74e17f79e5da3d25e839230c6ab956d_1_1	af670a7d6ab1a53222d3a549933e02d2a74e17f79e5da3d25e839230c6ab956d	1	1	/mnt/data/grasp-anything-lgd/data/processed/grasp-anything-pp/grasp_instructions/grasp_instructions/af670a7d6ab1a53222d3a549933e02d2a74e17f79e5da3d25e839230c6ab956d_1_1.pkl	/mnt/data/grasp-anything-lgd/data/processed/grasp-anything-pp/grasp_label_positive/grasp_label_positive/af670a7d6ab1a53222d3a549933e02d2a74e17f79e5da3d25e839230c6ab956d_1_1.pt	1x6	0.039851	366.041107	Grip note on its writing.	25
8c272011f5e9d12c742d0bc44e7b269f6e5f1c6a3057b120d18ea57235888980_2_2	8c272011f5e9d12c742d0bc44e7b269f6e5f1c6a3057b120d18ea57235888980	2	2	/mnt/data/grasp-anything-lgd/data/processed/grasp-anything-pp/grasp_instructions/grasp_instructions/8c272011f5e9d12c742d0bc44e7b269f6e5f1c6a3057b120d18ea57235888980_2_2.pkl	/mnt/data/grasp-anything-lgd/data/processed/grasp-anything-pp/grasp_label_positive/grasp_label_positive/8c272011f5e9d12c742d0bc44e7b269f6e5f1c6a3057b120d18ea57235888980_2_2.pt	3x6	0.020811	290.063751	Take sunglasses by its frame.	29
6afb42a835be79aa1d3602f767578944055a56a37e7411339ebb39fc72a79fc8_1_0	6afb42a835be79aa1d3602f767578944055a56a37e7411339ebb39fc72a79fc8	1	0	/mnt/data/grasp-anything-lgd/data/processed/grasp-anything-pp/grasp_instructions/grasp_instructions/6afb42a835be79aa1d3602f767578944055a56a37e7411339ebb39fc72a79fc8_1_0.pkl	/mnt/data/grasp-anything-lgd/data/processed/grasp-anything-pp/grasp_label_positive/grasp_label_positive/6afb42a835be79aa1d3602f767578944055a56a37e7411339ebb39fc72a79fc8_1_0.pt	1x6	0.069732	170.106995	Grab lemon on its skin.	23
0f266e9f80f87f78648f5bb2452ec9b04d4ec4600459b309be7b817ebfed86a4_2_2	0f266e9f80f87f78648f5bb2452ec9b04d4ec4600459b309be7b817ebfed86a4	2	2	/mnt/data/grasp-anything-lgd/data/processed/grasp-anything-pp/grasp_instructions/grasp_instructions/0f266e9f80f87f78648f5bb2452ec9b04d4ec4600459b309be7b817ebfed86a4_2_2.pkl	/mnt/data/grasp-anything-lgd/data/processed/grasp-anything-pp/grasp_label_positive/grasp_label_positive/0f266e9f80f87f78648f5bb2452ec9b04d4ec4600459b309be7b817ebfed86a4_2_2.pt	14x6	0.037843	297.555267	Grip flower on its blossom.	27
ca4d475750b6b93b516abfe188da9eb82b411a598d8796e3d3a10a9915c2e98c_0_2	ca4d475750b6b93b516abfe188da9eb82b411a598d8796e3d3a10a9915c2e98c	0	2	/mnt/data/grasp-anything-lgd/data/processed/grasp-anything-pp/grasp_instructions/grasp_instructions/ca4d475750b6b93b516abfe188da9eb82b411a598d8796e3d3a10a9915c2e98c_0_2.pkl	/mnt/data/grasp-anything-lgd/data/processed/grasp-anything-pp/grasp_label_positive/grasp_label_positive/ca4d475750b6b93b516abfe188da9eb82b411a598d8796e3d3a10a9915c2e98c_0_2.pt	8x6	0.059095	371.857452	Hold highlighter at its cap.	28
5152a19bdc66315cf69e700d2bca9f4374179a8b7523478812a768c288b8ec28_1_1	5152a19bdc66315cf69e700d2bca9f4374179a8b7523478812a768c288b8ec28	1	1	/mnt/data/grasp-anything-lgd/data/processed/grasp-anything-pp/grasp_instructions/grasp_instructions/5152a19bdc66315cf69e700d2bca9f4374179a8b7523478812a768c288b8ec28_1_1.pkl	/mnt/data/grasp-anything-lgd/data/processed/grasp-anything-pp/grasp_label_positive/grasp_label_positive/5152a19bdc66315cf69e700d2bca9f4374179a8b7523478812a768c288b8ec28_1_1.pt	9x6	0.140356	303.086182	Fetch lime by its flesh.	24
a11b258bf37987188e1ba951a0e5733b93cc41bd00813379d7901933d61bf888_0_1	a11b258bf37987188e1ba951a0e5733b93cc41bd00813379d7901933d61bf888	0	1	/mnt/data/grasp-anything-lgd/data/processed/grasp-anything-pp/grasp_instructions/grasp_instructions/a11b258bf37987188e1ba951a0e5733b93cc41bd00813379d7901933d61bf888_0_1.pkl	/mnt/data/grasp-anything-lgd/data/processed/grasp-anything-pp/grasp_label_positive/grasp_label_positive/a11b258bf37987188e1ba951a0e5733b93cc41bd00813379d7901933d61bf888_0_1.pt	11x6	0.033583	297.341614	Pick up headphones by its cables.	33
d2b4f6eb08bffa18efc128a8f528a52b3a5f43b946938eb3cbac70b4542ee679_1_0	d2b4f6eb08bffa18efc128a8f528a52b3a5f43b946938eb3cbac70b4542ee679	1	0	/mnt/data/grasp-anything-lgd/data/processed/grasp-anything-pp/grasp_instructions/grasp_instructions/d2b4f6eb08bffa18efc128a8f528a52b3a5f43b946938eb3cbac70b4542ee679_1_0.pkl	/mnt/data/grasp-anything-lgd/data/processed/grasp-anything-pp/grasp_label_positive/grasp_label_positive/d2b4f6eb08bffa18efc128a8f528a52b3a5f43b946938eb3cbac70b4542ee679_1_0.pt	10x6	0.037896	370.757507	Lift spoon by its utensil.	26
50a7b2675704423d7745cde5f22d1fd7b91b102df21b1c13a64516fda6079a97_0_1	50a7b2675704423d7745cde5f22d1fd7b91b102df21b1c13a64516fda6079a97	0	1	/mnt/data/grasp-anything-lgd/data/processed/grasp-anything-pp/grasp_instructions/grasp_instructions/50a7b2675704423d7745cde5f22d1fd7b91b102df21b1c13a64516fda6079a97_0_1.pkl	/mnt/data/grasp-anything-lgd/data/processed/grasp-anything-pp/grasp_label_positive/grasp_label_positive/50a7b2675704423d7745cde5f22d1fd7b91b102df21b1c13a64516fda6079a97_0_1.pt	2x6	0.041493	204.678223	Take ball by its material.	26
05fe20519ed12b9e79675734d848c28a4b732174a95c8076af0a82421a232f6f_1_1	05fe20519ed12b9e79675734d848c28a4b732174a95c8076af0a82421a232f6f	1	1	/mnt/data/grasp-anything-lgd/data/processed/grasp-anything-pp/grasp_instructions/grasp_instructions/05fe20519ed12b9e79675734d848c28a4b732174a95c8076af0a82421a232f6f_1_1.pkl	/mnt/data/grasp-anything-lgd/data/processed/grasp-anything-pp/grasp_label_positive/grasp_label_positive/05fe20519ed12b9e79675734d848c28a4b732174a95c8076af0a82421a232f6f_1_1.pt	11x6	0.018783	298.530579	Grip walnut on its shell.	25
ffaefa2ea18f7de54fe0081165bace9198965a3ab934e93a63a0100e07648b5a_1_2	ffaefa2ea18f7de54fe0081165bace9198965a3ab934e93a63a0100e07648b5a	1	2	/mnt/data/grasp-anything-lgd/data/processed/grasp-anything-pp/grasp_instructions/grasp_instructions/ffaefa2ea18f7de54fe0081165bace9198965a3ab934e93a63a0100e07648b5a_1_2.pkl	/mnt/data/grasp-anything-lgd/data/processed/grasp-anything-pp/grasp_label_positive/grasp_label_positive/ffaefa2ea18f7de54fe0081165bace9198965a3ab934e93a63a0100e07648b5a_1_2.pt	6x6	0.042029	378.131378	Hold hairbrush at its grip.	27
e5333d918cb98d54f3cfe37ab6f627f884c25f432ec3c2d7edfff26f5437a2d6_1_2	e5333d918cb98d54f3cfe37ab6f627f884c25f432ec3c2d7edfff26f5437a2d6	1	2	/mnt/data/grasp-anything-lgd/data/processed/grasp-anything-pp/grasp_instructions/grasp_instructions/e5333d918cb98d54f3cfe37ab6f627f884c25f432ec3c2d7edfff26f5437a2d6_1_2.pkl	/mnt/data/grasp-anything-lgd/data/processed/grasp-anything-pp/grasp_label_positive/grasp_label_positive/e5333d918cb98d54f3cfe37ab6f627f884c25f432ec3c2d7edfff26f5437a2d6_1_2.pt	14x6	0.012604	385.69754	Grip pencil on its eraser.	26
af1817d3bfef6dd8b11eabc5fdf6f74b5c31fa4fa2be4f85197e1b7b6730d13d_1_2	af1817d3bfef6dd8b11eabc5fdf6f74b5c31fa4fa2be4f85197e1b7b6730d13d	1	2	/mnt/data/grasp-anything-lgd/data/processed/grasp-anything-pp/grasp_instructions/grasp_instructions/af1817d3bfef6dd8b11eabc5fdf6f74b5c31fa4fa2be4f85197e1b7b6730d13d_1_2.pkl	/mnt/data/grasp-anything-lgd/data/processed/grasp-anything-pp/grasp_label_positive/grasp_label_positive/af1817d3bfef6dd8b11eabc5fdf6f74b5c31fa4fa2be4f85197e1b7b6730d13d_1_2.pt	3x6	0.0675	203.309158	Grip cherry on its pit.	23
5c93378006e67b48a682db8745ed58e232a83b296247fb4c235d12268dd7eacb_1_0	5c93378006e67b48a682db8745ed58e232a83b296247fb4c235d12268dd7eacb	1	0	/mnt/data/grasp-anything-lgd/data/processed/grasp-anything-pp/grasp_instructions/grasp_instructions/5c93378006e67b48a682db8745ed58e232a83b296247fb4c235d12268dd7eacb_1_0.pkl	/mnt/data/grasp-anything-lgd/data/processed/grasp-anything-pp/grasp_label_positive/grasp_label_positive/5c93378006e67b48a682db8745ed58e232a83b296247fb4c235d12268dd7eacb_1_0.pt	2x6	0.05313	228.494293	Lift apple by its skin.	23
9ba6dc66c0d5c613f144ef24a557e36b4816ebed1961db6ad20a8cf25219dd85_1_1	9ba6dc66c0d5c613f144ef24a557e36b4816ebed1961db6ad20a8cf25219dd85	1	1	/mnt/data/grasp-anything-lgd/data/processed/grasp-anything-pp/grasp_instructions/grasp_instructions/9ba6dc66c0d5c613f144ef24a557e36b4816ebed1961db6ad20a8cf25219dd85_1_1.pkl	/mnt/data/grasp-anything-lgd/data/processed/grasp-anything-pp/grasp_label_positive/grasp_label_positive/9ba6dc66c0d5c613f144ef24a557e36b4816ebed1961db6ad20a8cf25219dd85_1_1.pt	5x6	0.069499	212.09314	Hold apple at its flesh.	24
95f31c67cbd658cabdd166370f9d030fcb38724f5ca0c9ddc85d45132924ce1e_1_2	95f31c67cbd658cabdd166370f9d030fcb38724f5ca0c9ddc85d45132924ce1e	1	2	/mnt/data/grasp-anything-lgd/data/processed/grasp-anything-pp/grasp_instructions/grasp_instructions/95f31c67cbd658cabdd166370f9d030fcb38724f5ca0c9ddc85d45132924ce1e_1_2.pkl	/mnt/data/grasp-anything-lgd/data/processed/grasp-anything-pp/grasp_label_positive/grasp_label_positive/95f31c67cbd658cabdd166370f9d030fcb38724f5ca0c9ddc85d45132924ce1e_1_2.pt	31x6	0.011963	389.682526	Take hold of paperclip on its clipping ends.	44
dcbd6005b80221bb4288c575602efef35e2ed93519d0069a65e5a0e78bdc03ba_0_1	dcbd6005b80221bb4288c575602efef35e2ed93519d0069a65e5a0e78bdc03ba	0	1	/mnt/data/grasp-anything-lgd/data/processed/grasp-anything-pp/grasp_instructions/grasp_instructions/dcbd6005b80221bb4288c575602efef35e2ed93519d0069a65e5a0e78bdc03ba_0_1.pkl	/mnt/data/grasp-anything-lgd/data/processed/grasp-anything-pp/grasp_label_positive/grasp_label_positive/dcbd6005b80221bb4288c575602efef35e2ed93519d0069a65e5a0e78bdc03ba_0_1.pt	14x6	0.022819	325.025024	Pick up banana by its flesh.	28
ffb424bd67d2de5d6ecbf57743d8fdc5ee41bcd73c89249c456df0bb83719da8_1_1	ffb424bd67d2de5d6ecbf57743d8fdc5ee41bcd73c89249c456df0bb83719da8	1	1	/mnt/data/grasp-anything-lgd/data/processed/grasp-anything-pp/grasp_instructions/grasp_instructions/ffb424bd67d2de5d6ecbf57743d8fdc5ee41bcd73c89249c456df0bb83719da8_1_1.pkl	/mnt/data/grasp-anything-lgd/data/processed/grasp-anything-pp/grasp_label_positive/grasp_label_positive/ffb424bd67d2de5d6ecbf57743d8fdc5ee41bcd73c89249c456df0bb83719da8_1_1.pt	4x6	0.070445	329.397888	Hold note at its writing.	25
c8100882307d0478a32e4c1efa60c0fd067fc164c89ebfbf2f014c2fa9a62f2e_1_2	c8100882307d0478a32e4c1efa60c0fd067fc164c89ebfbf2f014c2fa9a62f2e	1	2	/mnt/data/grasp-anything-lgd/data/processed/grasp-anything-pp/grasp_instructions/grasp_instructions/c8100882307d0478a32e4c1efa60c0fd067fc164c89ebfbf2f014c2fa9a62f2e_1_2.pkl	/mnt/data/grasp-anything-lgd/data/processed/grasp-anything-pp/grasp_label_positive/grasp_label_positive/c8100882307d0478a32e4c1efa60c0fd067fc164c89ebfbf2f014c2fa9a62f2e_1_2.pt	19x6	0.018474	229.386215	Grab spoon on its handle.	25
11162b4b9cf43a593f0117ad5939d5d1eb63dfa4cf03be50f342daefe82257a4_1_2	11162b4b9cf43a593f0117ad5939d5d1eb63dfa4cf03be50f342daefe82257a4	1	2	/mnt/data/grasp-anything-lgd/data/processed/grasp-anything-pp/grasp_instructions/grasp_instructions/11162b4b9cf43a593f0117ad5939d5d1eb63dfa4cf03be50f342daefe82257a4_1_2.pkl	/mnt/data/grasp-anything-lgd/data/processed/grasp-anything-pp/grasp_label_positive/grasp_label_positive/11162b4b9cf43a593f0117ad5939d5d1eb63dfa4cf03be50f342daefe82257a4_1_2.pt	6x6	0.06264	193.015045	Fetch pen by its cap.	21
65bac4638d6f1e264019bd4838c8a1ce25080da8e0da44022f60aa3f2004ae5e_0_0	65bac4638d6f1e264019bd4838c8a1ce25080da8e0da44022f60aa3f2004ae5e	0	0	/mnt/data/grasp-anything-lgd/data/processed/grasp-anything-pp/grasp_instructions/grasp_instructions/65bac4638d6f1e264019bd4838c8a1ce25080da8e0da44022f60aa3f2004ae5e_0_0.pkl	/mnt/data/grasp-anything-lgd/data/processed/grasp-anything-pp/grasp_label_positive/grasp_label_positive/65bac4638d6f1e264019bd4838c8a1ce25080da8e0da44022f60aa3f2004ae5e_0_0.pt	4x6	0.046826	374.484375	Grip vase on its container.	27
a49fb661d22cfd4a9e7dec72d8ae9a9613b0eebe7f0a88617cd46fff38843765_0_2	a49fb661d22cfd4a9e7dec72d8ae9a9613b0eebe7f0a88617cd46fff38843765	0	2	/mnt/data/grasp-anything-lgd/data/processed/grasp-anything-pp/grasp_instructions/grasp_instructions/a49fb661d22cfd4a9e7dec72d8ae9a9613b0eebe7f0a88617cd46fff38843765_0_2.pkl	/mnt/data/grasp-anything-lgd/data/processed/grasp-anything-pp/grasp_label_positive/grasp_label_positive/a49fb661d22cfd4a9e7dec72d8ae9a9613b0eebe7f0a88617cd46fff38843765_0_2.pt	10x6	0.018326	358.260742	Take hold of hairbrush on its grip.	35
ec52048e1f5736e4e020374424a0a7aafdaa6b097c2dd1e6afb631a45a9ea174_0_0	ec52048e1f5736e4e020374424a0a7aafdaa6b097c2dd1e6afb631a45a9ea174	0	0	/mnt/data/grasp-anything-lgd/data/processed/grasp-anything-pp/grasp_instructions/grasp_instructions/ec52048e1f5736e4e020374424a0a7aafdaa6b097c2dd1e6afb631a45a9ea174_0_0.pkl	/mnt/data/grasp-anything-lgd/data/processed/grasp-anything-pp/grasp_label_positive/grasp_label_positive/ec52048e1f5736e4e020374424a0a7aafdaa6b097c2dd1e6afb631a45a9ea174_0_0.pt	8x6	0.031355	372.352753	Fetch mug by its handle.	24
4090a6e237e5f61fe2ebec381e1b4af429128dcd9e8b53e0a27157a6c03688c8_0_2	4090a6e237e5f61fe2ebec381e1b4af429128dcd9e8b53e0a27157a6c03688c8	0	2	/mnt/data/grasp-anything-lgd/data/processed/grasp-anything-pp/grasp_instructions/grasp_instructions/4090a6e237e5f61fe2ebec381e1b4af429128dcd9e8b53e0a27157a6c03688c8_0_2.pkl	/mnt/data/grasp-anything-lgd/data/processed/grasp-anything-pp/grasp_label_positive/grasp_label_positive/4090a6e237e5f61fe2ebec381e1b4af429128dcd9e8b53e0a27157a6c03688c8_0_2.pt	1x6	0.211935	363.885956	Take eraser by its texture.	27
b2dbd1009aa7a0b4f73d354680bbc012c77bf222eff8008db23393f970352c58_0_0	b2dbd1009aa7a0b4f73d354680bbc012c77bf222eff8008db23393f970352c58	0	0	/mnt/data/grasp-anything-lgd/data/processed/grasp-anything-pp/grasp_instructions/grasp_instructions/b2dbd1009aa7a0b4f73d354680bbc012c77bf222eff8008db23393f970352c58_0_0.pkl	/mnt/data/grasp-anything-lgd/data/processed/grasp-anything-pp/grasp_label_positive/grasp_label_positive/b2dbd1009aa7a0b4f73d354680bbc012c77bf222eff8008db23393f970352c58_0_0.pt	11x6	0.047153	238.859467	Take hold of pencil on its wooden or plastic.	45
2b9e652a859d5fcbb45b65d986a459cce404bfb39a750f38f5a9253d3778f1e7_0_1	2b9e652a859d5fcbb45b65d986a459cce404bfb39a750f38f5a9253d3778f1e7	0	1	/mnt/data/grasp-anything-lgd/data/processed/grasp-anything-pp/grasp_instructions/grasp_instructions/2b9e652a859d5fcbb45b65d986a459cce404bfb39a750f38f5a9253d3778f1e7_0_1.pkl	/mnt/data/grasp-anything-lgd/data/processed/grasp-anything-pp/grasp_label_positive/grasp_label_positive/2b9e652a859d5fcbb45b65d986a459cce404bfb39a750f38f5a9253d3778f1e7_0_1.pt	15x6	0.02882	385.164948	Hold hairbrush at its handle.	29
eeb7005da1328d11c8c0b68afc03bc7638032fc56bd3969293e864d0d686b06f_0_0	eeb7005da1328d11c8c0b68afc03bc7638032fc56bd3969293e864d0d686b06f	0	0	/mnt/data/grasp-anything-lgd/data/processed/grasp-anything-pp/grasp_instructions/grasp_instructions/eeb7005da1328d11c8c0b68afc03bc7638032fc56bd3969293e864d0d686b06f_0_0.pkl	/mnt/data/grasp-anything-lgd/data/processed/grasp-anything-pp/grasp_label_positive/grasp_label_positive/eeb7005da1328d11c8c0b68afc03bc7638032fc56bd3969293e864d0d686b06f_0_0.pt	9x6	0.026636	299.18811	Fetch pen by its barrel.	24
6cccf187e2e5518f0ae9536e5cc724538b36efd1dcbe21de1de1fb9263a96b4a_1_1	6cccf187e2e5518f0ae9536e5cc724538b36efd1dcbe21de1de1fb9263a96b4a	1	1	/mnt/data/grasp-anything-lgd/data/processed/grasp-anything-pp/grasp_instructions/grasp_instructions/6cccf187e2e5518f0ae9536e5cc724538b36efd1dcbe21de1de1fb9263a96b4a_1_1.pkl	/mnt/data/grasp-anything-lgd/data/processed/grasp-anything-pp/grasp_label_positive/grasp_label_positive/6cccf187e2e5518f0ae9536e5cc724538b36efd1dcbe21de1de1fb9263a96b4a_1_1.pt	15x6	0.022639	297.188354	Grip ball on its material.	26
908f992a4622d848abbfb1e4a58f8c34d0f631c9473b740aad4613b011b5ec86_1_2	908f992a4622d848abbfb1e4a58f8c34d0f631c9473b740aad4613b011b5ec86	1	2	/mnt/data/grasp-anything-lgd/data/processed/grasp-anything-pp/grasp_instructions/grasp_instructions/908f992a4622d848abbfb1e4a58f8c34d0f631c9473b740aad4613b011b5ec86_1_2.pkl	/mnt/data/grasp-anything-lgd/data/processed/grasp-anything-pp/grasp_label_positive/grasp_label_positive/908f992a4622d848abbfb1e4a58f8c34d0f631c9473b740aad4613b011b5ec86_1_2.pt	10x6	0.049095	291.086945	Take hold of smartphone on its apps.	36
fadd0dd0413a815cea8e1ce47a76e98d6d841bb34fd90922fb9c1bb18beef35f_1_2	fadd0dd0413a815cea8e1ce47a76e98d6d841bb34fd90922fb9c1bb18beef35f	1	2	/mnt/data/grasp-anything-lgd/data/processed/grasp-anything-pp/grasp_instructions/grasp_instructions/fadd0dd0413a815cea8e1ce47a76e98d6d841bb34fd90922fb9c1bb18beef35f_1_2.pkl	/mnt/data/grasp-anything-lgd/data/processed/grasp-anything-pp/grasp_label_positive/grasp_label_positive/fadd0dd0413a815cea8e1ce47a76e98d6d841bb34fd90922fb9c1bb18beef35f_1_2.pt	4x6	0.015519	305.442078	Take hold of stapler on its base.	33
39adb6f965109cc45ad46e68bac8ad988d4554422939b808ffb626916c1bfa8f_1_2	39adb6f965109cc45ad46e68bac8ad988d4554422939b808ffb626916c1bfa8f	1	2	/mnt/data/grasp-anything-lgd/data/processed/grasp-anything-pp/grasp_instructions/grasp_instructions/39adb6f965109cc45ad46e68bac8ad988d4554422939b808ffb626916c1bfa8f_1_2.pkl	/mnt/data/grasp-anything-lgd/data/processed/grasp-anything-pp/grasp_label_positive/grasp_label_positive/39adb6f965109cc45ad46e68bac8ad988d4554422939b808ffb626916c1bfa8f_1_2.pt	4x6	0.157426	213.479492	Pick up pad by its padding.	27
b0cf8d2125618bbedbe3615b8282f5700bfc354984b2194d1199d88ec38cc50e_2_0	b0cf8d2125618bbedbe3615b8282f5700bfc354984b2194d1199d88ec38cc50e	2	0	/mnt/data/grasp-anything-lgd/data/processed/grasp-anything-pp/grasp_instructions/grasp_instructions/b0cf8d2125618bbedbe3615b8282f5700bfc354984b2194d1199d88ec38cc50e_2_0.pkl	/mnt/data/grasp-anything-lgd/data/processed/grasp-anything-pp/grasp_label_positive/grasp_label_positive/b0cf8d2125618bbedbe3615b8282f5700bfc354984b2194d1199d88ec38cc50e_2_0.pt	2x6	0.071518	340.312592	Hold remote at its control device.	34
212e6b94f13b3fc4659abd3bc56ad5e518aceb0f8879c56972662dd940d5d7af_0_1	212e6b94f13b3fc4659abd3bc56ad5e518aceb0f8879c56972662dd940d5d7af	0	1	/mnt/data/grasp-anything-lgd/data/processed/grasp-anything-pp/grasp_instructions/grasp_instructions/212e6b94f13b3fc4659abd3bc56ad5e518aceb0f8879c56972662dd940d5d7af_0_1.pkl	/mnt/data/grasp-anything-lgd/data/processed/grasp-anything-pp/grasp_label_positive/grasp_label_positive/212e6b94f13b3fc4659abd3bc56ad5e518aceb0f8879c56972662dd940d5d7af_0_1.pt	1x6	0.068246	357.078583	Lift apple by its flesh.	24
fdf3fce94ad5f45eebed335f6fd6afbb24f69c467876d51d435c0c6f91ac6f6d_0_2	fdf3fce94ad5f45eebed335f6fd6afbb24f69c467876d51d435c0c6f91ac6f6d	0	2	/mnt/data/grasp-anything-lgd/data/processed/grasp-anything-pp/grasp_instructions/grasp_instructions/fdf3fce94ad5f45eebed335f6fd6afbb24f69c467876d51d435c0c6f91ac6f6d_0_2.pkl	/mnt/data/grasp-anything-lgd/data/processed/grasp-anything-pp/grasp_label_positive/grasp_label_positive/fdf3fce94ad5f45eebed335f6fd6afbb24f69c467876d51d435c0c6f91ac6f6d_0_2.pt	15x6	0.029831	325.073975	Fetch grape by its seeds.	25
801cde5f48d77a176694c4af4eb306c9565f076f6dd1fcca8f9532412370c63f_0_2	801cde5f48d77a176694c4af4eb306c9565f076f6dd1fcca8f9532412370c63f	0	2	/mnt/data/grasp-anything-lgd/data/processed/grasp-anything-pp/grasp_instructions/grasp_instructions/801cde5f48d77a176694c4af4eb306c9565f076f6dd1fcca8f9532412370c63f_0_2.pkl	/mnt/data/grasp-anything-lgd/data/processed/grasp-anything-pp/grasp_label_positive/grasp_label_positive/801cde5f48d77a176694c4af4eb306c9565f076f6dd1fcca8f9532412370c63f_0_2.pt	6x6	0.080436	292.529938	Hold marble at its color.	25
47309f85a69b92d7e7360de16af0a7e744a650087cd10768f8c6b5faf9626b10_1_1	47309f85a69b92d7e7360de16af0a7e744a650087cd10768f8c6b5faf9626b10	1	1	/mnt/data/grasp-anything-lgd/data/processed/grasp-anything-pp/grasp_instructions/grasp_instructions/47309f85a69b92d7e7360de16af0a7e744a650087cd10768f8c6b5faf9626b10_1_1.pkl	/mnt/data/grasp-anything-lgd/data/processed/grasp-anything-pp/grasp_label_positive/grasp_label_positive/47309f85a69b92d7e7360de16af0a7e744a650087cd10768f8c6b5faf9626b10_1_1.pt	10x6	0.02862	327.61441	Take spoon by its bowl-shaped.	30
165178af58b440ed4d395a331888c602a05b8bd70e5390d1bfbd71d0e1bd0353_0_2	165178af58b440ed4d395a331888c602a05b8bd70e5390d1bfbd71d0e1bd0353	0	2	/mnt/data/grasp-anything-lgd/data/processed/grasp-anything-pp/grasp_instructions/grasp_instructions/165178af58b440ed4d395a331888c602a05b8bd70e5390d1bfbd71d0e1bd0353_0_2.pkl	/mnt/data/grasp-anything-lgd/data/processed/grasp-anything-pp/grasp_label_positive/grasp_label_positive/165178af58b440ed4d395a331888c602a05b8bd70e5390d1bfbd71d0e1bd0353_0_2.pt	2x6	0.010357	372.501678	Take hold of spoon on its handle.	33
393629d164f6ba83f2e6494c852e54c531885396d1a1245cabae7608156bd96e_0_2	393629d164f6ba83f2e6494c852e54c531885396d1a1245cabae7608156bd96e	0	2	/mnt/data/grasp-anything-lgd/data/processed/grasp-anything-pp/grasp_instructions/grasp_instructions/393629d164f6ba83f2e6494c852e54c531885396d1a1245cabae7608156bd96e_0_2.pkl	/mnt/data/grasp-anything-lgd/data/processed/grasp-anything-pp/grasp_label_positive/grasp_label_positive/393629d164f6ba83f2e6494c852e54c531885396d1a1245cabae7608156bd96e_0_2.pt	8x6	0.022101	195.944412	Take hold of duck on its webbed feet.	37
339108402a93b131d8ceb58dab72b0d565a6696cdf019cfb87c8a3572aaccda4_1_0	339108402a93b131d8ceb58dab72b0d565a6696cdf019cfb87c8a3572aaccda4	1	0	/mnt/data/grasp-anything-lgd/data/processed/grasp-anything-pp/grasp_instructions/grasp_instructions/339108402a93b131d8ceb58dab72b0d565a6696cdf019cfb87c8a3572aaccda4_1_0.pkl	/mnt/data/grasp-anything-lgd/data/processed/grasp-anything-pp/grasp_label_positive/grasp_label_positive/339108402a93b131d8ceb58dab72b0d565a6696cdf019cfb87c8a3572aaccda4_1_0.pt	12x6	0.026653	366.528229	Grasp eraser at its rubber or material.	39
ecd48f3c2a71fee6b7d559169cec5a5497371972f8b8332cbe206e9b0ed61a31_1_2	ecd48f3c2a71fee6b7d559169cec5a5497371972f8b8332cbe206e9b0ed61a31	1	2	/mnt/data/grasp-anything-lgd/data/processed/grasp-anything-pp/grasp_instructions/grasp_instructions/ecd48f3c2a71fee6b7d559169cec5a5497371972f8b8332cbe206e9b0ed61a31_1_2.pkl	/mnt/data/grasp-anything-lgd/data/processed/grasp-anything-pp/grasp_label_positive/grasp_label_positive/ecd48f3c2a71fee6b7d559169cec5a5497371972f8b8332cbe206e9b0ed61a31_1_2.pt	1x6	0.53136	275.881134	Lift book by its binding.	25
a8438cd45b905358fd843e1e8f95a2289b792472ed1d01f23600f8ad7616b4e4_1_2	a8438cd45b905358fd843e1e8f95a2289b792472ed1d01f23600f8ad7616b4e4	1	2	/mnt/data/grasp-anything-lgd/data/processed/grasp-anything-pp/grasp_instructions/grasp_instructions/a8438cd45b905358fd843e1e8f95a2289b792472ed1d01f23600f8ad7616b4e4_1_2.pkl	/mnt/data/grasp-anything-lgd/data/processed/grasp-anything-pp/grasp_label_positive/grasp_label_positive/a8438cd45b905358fd843e1e8f95a2289b792472ed1d01f23600f8ad7616b4e4_1_2.pt	2x6	0.00656	358.348816	Grip clip on its clamping ends.	31
810a9089198aad73986056eb817f15427001385007994f2f206ff9b168469f85_2_2	810a9089198aad73986056eb817f15427001385007994f2f206ff9b168469f85	2	2	/mnt/data/grasp-anything-lgd/data/processed/grasp-anything-pp/grasp_instructions/grasp_instructions/810a9089198aad73986056eb817f15427001385007994f2f206ff9b168469f85_2_2.pkl	/mnt/data/grasp-anything-lgd/data/processed/grasp-anything-pp/grasp_label_positive/grasp_label_positive/810a9089198aad73986056eb817f15427001385007994f2f206ff9b168469f85_2_2.pt	7x6	0.007983	377.191681	Grab highlighter on its cap.	28
fa170e62a78637b74cbb0bddc5746a5e2e1791ed718e85e1f913b468dbf412a7_2_1	fa170e62a78637b74cbb0bddc5746a5e2e1791ed718e85e1f913b468dbf412a7	2	1	/mnt/data/grasp-anything-lgd/data/processed/grasp-anything-pp/grasp_instructions/grasp_instructions/fa170e62a78637b74cbb0bddc5746a5e2e1791ed718e85e1f913b468dbf412a7_2_1.pkl	/mnt/data/grasp-anything-lgd/data/processed/grasp-anything-pp/grasp_label_positive/grasp_label_positive/fa170e62a78637b74cbb0bddc5746a5e2e1791ed718e85e1f913b468dbf412a7_2_1.pt	3x6	0.032945	377.182526	Pick up block by its material.	30
12a79684b6d9cce98528b3f1ae0bdbad52e1d93e1e9f1952be6a78038eb22d17_0_2	12a79684b6d9cce98528b3f1ae0bdbad52e1d93e1e9f1952be6a78038eb22d17	0	2	/mnt/data/grasp-anything-lgd/data/processed/grasp-anything-pp/grasp_instructions/grasp_instructions/12a79684b6d9cce98528b3f1ae0bdbad52e1d93e1e9f1952be6a78038eb22d17_0_2.pkl	/mnt/data/grasp-anything-lgd/data/processed/grasp-anything-pp/grasp_label_positive/grasp_label_positive/12a79684b6d9cce98528b3f1ae0bdbad52e1d93e1e9f1952be6a78038eb22d17_0_2.pt	11x6	0.080571	296.273712	Lift apple by its seeds.	24
33f2bd9ba3b309061a92245173e24b6ba8e9c30cec4694d5bc96f176b12129b6_0_0	33f2bd9ba3b309061a92245173e24b6ba8e9c30cec4694d5bc96f176b12129b6	0	0	/mnt/data/grasp-anything-lgd/data/processed/grasp-anything-pp/grasp_instructions/grasp_instructions/33f2bd9ba3b309061a92245173e24b6ba8e9c30cec4694d5bc96f176b12129b6_0_0.pkl	/mnt/data/grasp-anything-lgd/data/processed/grasp-anything-pp/grasp_label_positive/grasp_label_positive/33f2bd9ba3b309061a92245173e24b6ba8e9c30cec4694d5bc96f176b12129b6_0_0.pt	8x6	0.009197	387.318237	Fetch spoon by its utensil.	27
b0bb1b5eb8cc6a8fcfa9fb587e8a7adb789a0d0c062c3aaf32e1ba7530585f36_0_0	b0bb1b5eb8cc6a8fcfa9fb587e8a7adb789a0d0c062c3aaf32e1ba7530585f36	0	0	/mnt/data/grasp-anything-lgd/data/processed/grasp-anything-pp/grasp_instructions/grasp_instructions/b0bb1b5eb8cc6a8fcfa9fb587e8a7adb789a0d0c062c3aaf32e1ba7530585f36_0_0.pkl	/mnt/data/grasp-anything-lgd/data/processed/grasp-anything-pp/grasp_label_positive/grasp_label_positive/b0bb1b5eb8cc6a8fcfa9fb587e8a7adb789a0d0c062c3aaf32e1ba7530585f36_0_0.pt	13x6	0.021528	328.5802	Grip banana on its skin.	24
ca55ba45aaa3bf43234704f26bc7619a9d12917798c77ec6601b416579815659_0_0	ca55ba45aaa3bf43234704f26bc7619a9d12917798c77ec6601b416579815659	0	0	/mnt/data/grasp-anything-lgd/data/processed/grasp-anything-pp/grasp_instructions/grasp_instructions/ca55ba45aaa3bf43234704f26bc7619a9d12917798c77ec6601b416579815659_0_0.pkl	/mnt/data/grasp-anything-lgd/data/processed/grasp-anything-pp/grasp_label_positive/grasp_label_positive/ca55ba45aaa3bf43234704f26bc7619a9d12917798c77ec6601b416579815659_0_0.pt	2x6	0.042615	215.640213	Hold apple at its skin.	23
c74f48378b6dd716d104867a66569426bbb977048670d04e3763ddea69668de2_1_0	c74f48378b6dd716d104867a66569426bbb977048670d04e3763ddea69668de2	1	0	/mnt/data/grasp-anything-lgd/data/processed/grasp-anything-pp/grasp_instructions/grasp_instructions/c74f48378b6dd716d104867a66569426bbb977048670d04e3763ddea69668de2_1_0.pkl	/mnt/data/grasp-anything-lgd/data/processed/grasp-anything-pp/grasp_label_positive/grasp_label_positive/c74f48378b6dd716d104867a66569426bbb977048670d04e3763ddea69668de2_1_0.pt	5x6	0.03797	175.166214	Hold note at its paper.	23
6a066aed454561c739ad451189a7101349ba7469a369ad8d72e16008aced3ba9_2_2	6a066aed454561c739ad451189a7101349ba7469a369ad8d72e16008aced3ba9	2	2	/mnt/data/grasp-anything-lgd/data/processed/grasp-anything-pp/grasp_instructions/grasp_instructions/6a066aed454561c739ad451189a7101349ba7469a369ad8d72e16008aced3ba9_2_2.pkl	/mnt/data/grasp-anything-lgd/data/processed/grasp-anything-pp/grasp_label_positive/grasp_label_positive/6a066aed454561c739ad451189a7101349ba7469a369ad8d72e16008aced3ba9_2_2.pt	1x6	0.020745	248.486267	Lift keychain by its keys.	26
c66ab6cfd7129ec78995bcd13273d5c55542ce0be18a4ea9049614bdb3e1ebb2_1_0	c66ab6cfd7129ec78995bcd13273d5c55542ce0be18a4ea9049614bdb3e1ebb2	1	0	/mnt/data/grasp-anything-lgd/data/processed/grasp-anything-pp/grasp_instructions/grasp_instructions/c66ab6cfd7129ec78995bcd13273d5c55542ce0be18a4ea9049614bdb3e1ebb2_1_0.pkl	/mnt/data/grasp-anything-lgd/data/processed/grasp-anything-pp/grasp_label_positive/grasp_label_positive/c66ab6cfd7129ec78995bcd13273d5c55542ce0be18a4ea9049614bdb3e1ebb2_1_0.pt	4x6	0.093091	326.335876	Grab lemon on its skin.	23
bbb85c07a4ce34399a1ab287a82655ceb7ad5d5d306e6bdca82a262f35f58eed_0_2	bbb85c07a4ce34399a1ab287a82655ceb7ad5d5d306e6bdca82a262f35f58eed	0	2	/mnt/data/grasp-anything-lgd/data/processed/grasp-anything-pp/grasp_instructions/grasp_instructions/bbb85c07a4ce34399a1ab287a82655ceb7ad5d5d306e6bdca82a262f35f58eed_0_2.pkl	/mnt/data/grasp-anything-lgd/data/processed/grasp-anything-pp/grasp_label_positive/grasp_label_positive/bbb85c07a4ce34399a1ab287a82655ceb7ad5d5d306e6bdca82a262f35f58eed_0_2.pt	4x6	0.019965	200.791504	Pick up stapler by its base.	28
4128e55e8cea694eb997414259ff914cad836d35c537e016ea9511fd4f06b425_1_0	4128e55e8cea694eb997414259ff914cad836d35c537e016ea9511fd4f06b425	1	0	/mnt/data/grasp-anything-lgd/data/processed/grasp-anything-pp/grasp_instructions/grasp_instructions/4128e55e8cea694eb997414259ff914cad836d35c537e016ea9511fd4f06b425_1_0.pkl	/mnt/data/grasp-anything-lgd/data/processed/grasp-anything-pp/grasp_label_positive/grasp_label_positive/4128e55e8cea694eb997414259ff914cad836d35c537e016ea9511fd4f06b425_1_0.pt	25x6	0.014029	330.566986	Pick up pencil by its wooden or plastic.	40
cff00d0f3732b9ef9fa4fe06d0e1309a6e9be500e1c1948af2b9933b540d7d52_1_2	cff00d0f3732b9ef9fa4fe06d0e1309a6e9be500e1c1948af2b9933b540d7d52	1	2	/mnt/data/grasp-anything-lgd/data/processed/grasp-anything-pp/grasp_instructions/grasp_instructions/cff00d0f3732b9ef9fa4fe06d0e1309a6e9be500e1c1948af2b9933b540d7d52_1_2.pkl	/mnt/data/grasp-anything-lgd/data/processed/grasp-anything-pp/grasp_label_positive/grasp_label_positive/cff00d0f3732b9ef9fa4fe06d0e1309a6e9be500e1c1948af2b9933b540d7d52_1_2.pt	5x6	0.069172	179.527283	Pick up ball by its bounce.	27
e94e3a7c021851e3572920b4af1eaaaf09ecadb14f699ae6e83a320b2545ebe3_0_0	e94e3a7c021851e3572920b4af1eaaaf09ecadb14f699ae6e83a320b2545ebe3	0	0	/mnt/data/grasp-anything-lgd/data/processed/grasp-anything-pp/grasp_instructions/grasp_instructions/e94e3a7c021851e3572920b4af1eaaaf09ecadb14f699ae6e83a320b2545ebe3_0_0.pkl	/mnt/data/grasp-anything-lgd/data/processed/grasp-anything-pp/grasp_label_positive/grasp_label_positive/e94e3a7c021851e3572920b4af1eaaaf09ecadb14f699ae6e83a320b2545ebe3_0_0.pt	10x6	0.036925	186.895691	Grip eraser on its rubber or material.	38
085763d131b7322236b4258087c81f15dcdaf09e1090bc53442124cc4e7b1adf_1_2	085763d131b7322236b4258087c81f15dcdaf09e1090bc53442124cc4e7b1adf	1	2	/mnt/data/grasp-anything-lgd/data/processed/grasp-anything-pp/grasp_instructions/grasp_instructions/085763d131b7322236b4258087c81f15dcdaf09e1090bc53442124cc4e7b1adf_1_2.pkl	/mnt/data/grasp-anything-lgd/data/processed/grasp-anything-pp/grasp_label_positive/grasp_label_positive/085763d131b7322236b4258087c81f15dcdaf09e1090bc53442124cc4e7b1adf_1_2.pt	27x6	0.010114	386.495361	Take hold of pencil on its eraser.	34
86eab35ee3a4a791a7c9dab1854c5bdee93e1fe0594c4a55fba70328a380d402_2_0	86eab35ee3a4a791a7c9dab1854c5bdee93e1fe0594c4a55fba70328a380d402	2	0	/mnt/data/grasp-anything-lgd/data/processed/grasp-anything-pp/grasp_instructions/grasp_instructions/86eab35ee3a4a791a7c9dab1854c5bdee93e1fe0594c4a55fba70328a380d402_2_0.pkl	/mnt/data/grasp-anything-lgd/data/processed/grasp-anything-pp/grasp_label_positive/grasp_label_positive/86eab35ee3a4a791a7c9dab1854c5bdee93e1fe0594c4a55fba70328a380d402_2_0.pt	5x6	0.008517	324.138977	Grab key on its metal or plastic.	33
293edae73a2759f55b28e6b517d7fbb4fd2bb094d561bcf7a51fcf7e57bf97e4_1_2	293edae73a2759f55b28e6b517d7fbb4fd2bb094d561bcf7a51fcf7e57bf97e4	1	2	/mnt/data/grasp-anything-lgd/data/processed/grasp-anything-pp/grasp_instructions/grasp_instructions/293edae73a2759f55b28e6b517d7fbb4fd2bb094d561bcf7a51fcf7e57bf97e4_1_2.pkl	/mnt/data/grasp-anything-lgd/data/processed/grasp-anything-pp/grasp_label_positive/grasp_label_positive/293edae73a2759f55b28e6b517d7fbb4fd2bb094d561bcf7a51fcf7e57bf97e4_1_2.pt	15x6	0.023407	386.041412	Lift sharpener by its handle.	29
c5cd8e3878eb064ddf3701b3a0b9bbce6e299e43f9d119a3025816949064bceb_0_2	c5cd8e3878eb064ddf3701b3a0b9bbce6e299e43f9d119a3025816949064bceb	0	2	/mnt/data/grasp-anything-lgd/data/processed/grasp-anything-pp/grasp_instructions/grasp_instructions/c5cd8e3878eb064ddf3701b3a0b9bbce6e299e43f9d119a3025816949064bceb_0_2.pkl	/mnt/data/grasp-anything-lgd/data/processed/grasp-anything-pp/grasp_label_positive/grasp_label_positive/c5cd8e3878eb064ddf3701b3a0b9bbce6e299e43f9d119a3025816949064bceb_0_2.pt	2x6	0.851149	179.759964	Take hold of spoon on its handle.	33
607d6c5b9613e7f0ced42f69e616f6fe40c113645f6940e91d0858a40a4c2bb2_1_1	607d6c5b9613e7f0ced42f69e616f6fe40c113645f6940e91d0858a40a4c2bb2	1	1	/mnt/data/grasp-anything-lgd/data/processed/grasp-anything-pp/grasp_instructions/grasp_instructions/607d6c5b9613e7f0ced42f69e616f6fe40c113645f6940e91d0858a40a4c2bb2_1_1.pkl	/mnt/data/grasp-anything-lgd/data/processed/grasp-anything-pp/grasp_label_positive/grasp_label_positive/607d6c5b9613e7f0ced42f69e616f6fe40c113645f6940e91d0858a40a4c2bb2_1_1.pt	5x6	0.033975	376.206726	Take hold of highlighter on its bright color.	45
d8e9c6bfbc1389775b5bb3af8ac02e89a6679d918cea4e76bc2d137b6d62ca76_0_1	d8e9c6bfbc1389775b5bb3af8ac02e89a6679d918cea4e76bc2d137b6d62ca76	0	1	/mnt/data/grasp-anything-lgd/data/processed/grasp-anything-pp/grasp_instructions/grasp_instructions/d8e9c6bfbc1389775b5bb3af8ac02e89a6679d918cea4e76bc2d137b6d62ca76_0_1.pkl	/mnt/data/grasp-anything-lgd/data/processed/grasp-anything-pp/grasp_label_positive/grasp_label_positive/d8e9c6bfbc1389775b5bb3af8ac02e89a6679d918cea4e76bc2d137b6d62ca76_0_1.pt	4x6	0.060227	264.040741	Take apple by its flesh.	24
b816852476875f98b63eaf06b80a4942e2b662564c2e65a0e2e91b4837bced9d_0_2	b816852476875f98b63eaf06b80a4942e2b662564c2e65a0e2e91b4837bced9d	0	2	/mnt/data/grasp-anything-lgd/data/processed/grasp-anything-pp/grasp_instructions/grasp_instructions/b816852476875f98b63eaf06b80a4942e2b662564c2e65a0e2e91b4837bced9d_0_2.pkl	/mnt/data/grasp-anything-lgd/data/processed/grasp-anything-pp/grasp_label_positive/grasp_label_positive/b816852476875f98b63eaf06b80a4942e2b662564c2e65a0e2e91b4837bced9d_0_2.pt	8x6	0.091538	332.767303	Grab lemon on its seeds.	24
3310bf93810778e58f1b0c80146dd308b733c5cdd6fc221c8cbcd0e56d5d156c_2_1	3310bf93810778e58f1b0c80146dd308b733c5cdd6fc221c8cbcd0e56d5d156c	2	1	/mnt/data/grasp-anything-lgd/data/processed/grasp-anything-pp/grasp_instructions/grasp_instructions/3310bf93810778e58f1b0c80146dd308b733c5cdd6fc221c8cbcd0e56d5d156c_2_1.pkl	/mnt/data/grasp-anything-lgd/data/processed/grasp-anything-pp/grasp_label_positive/grasp_label_positive/3310bf93810778e58f1b0c80146dd308b733c5cdd6fc221c8cbcd0e56d5d156c_2_1.pt	21x6	0.009377	355.687744	Fetch paperclip by its shape.	29
ed84412e54715769915c19deb5d82e97511649ec478a2bbde831a0469ef028f8_1_2	ed84412e54715769915c19deb5d82e97511649ec478a2bbde831a0469ef028f8	1	2	/mnt/data/grasp-anything-lgd/data/processed/grasp-anything-pp/grasp_instructions/grasp_instructions/ed84412e54715769915c19deb5d82e97511649ec478a2bbde831a0469ef028f8_1_2.pkl	/mnt/data/grasp-anything-lgd/data/processed/grasp-anything-pp/grasp_label_positive/grasp_label_positive/ed84412e54715769915c19deb5d82e97511649ec478a2bbde831a0469ef028f8_1_2.pt	6x6	0.061194	292.056549	Take wallet by its closure.	27
cc286b2cdbb97dbb1dea666e083aec9ad84ef5d1eeea165cffe2a726b1e04ad5_0_1	cc286b2cdbb97dbb1dea666e083aec9ad84ef5d1eeea165cffe2a726b1e04ad5	0	1	/mnt/data/grasp-anything-lgd/data/processed/grasp-anything-pp/grasp_instructions/grasp_instructions/cc286b2cdbb97dbb1dea666e083aec9ad84ef5d1eeea165cffe2a726b1e04ad5_0_1.pkl	/mnt/data/grasp-anything-lgd/data/processed/grasp-anything-pp/grasp_label_positive/grasp_label_positive/cc286b2cdbb97dbb1dea666e083aec9ad84ef5d1eeea165cffe2a726b1e04ad5_0_1.pt	24x6	0.009169	375.223328	Hold pen at its ink or lead.	28
710deebf54b93ce9f4cdab2fda35ed6c65c5ad6ed63a1907163a87bbd96eae2d_0_1	710deebf54b93ce9f4cdab2fda35ed6c65c5ad6ed63a1907163a87bbd96eae2d	0	1	/mnt/data/grasp-anything-lgd/data/processed/grasp-anything-pp/grasp_instructions/grasp_instructions/710deebf54b93ce9f4cdab2fda35ed6c65c5ad6ed63a1907163a87bbd96eae2d_0_1.pkl	/mnt/data/grasp-anything-lgd/data/processed/grasp-anything-pp/grasp_label_positive/grasp_label_positive/710deebf54b93ce9f4cdab2fda35ed6c65c5ad6ed63a1907163a87bbd96eae2d_0_1.pt	13x6	0.013172	294.31012	Hold pencil at its lead.	24
b754442b75744e19562b602139cda83788f99a0c5ec5ef4474c21dd204bb353e_0_0	b754442b75744e19562b602139cda83788f99a0c5ec5ef4474c21dd204bb353e	0	0	/mnt/data/grasp-anything-lgd/data/processed/grasp-anything-pp/grasp_instructions/grasp_instructions/b754442b75744e19562b602139cda83788f99a0c5ec5ef4474c21dd204bb353e_0_0.pkl	/mnt/data/grasp-anything-lgd/data/processed/grasp-anything-pp/grasp_label_positive/grasp_label_positive/b754442b75744e19562b602139cda83788f99a0c5ec5ef4474c21dd204bb353e_0_0.pt	1x6	0.091179	359.50177	Take apple by its skin.	23
d94bf13c1a7fd619e1015c9c3153fdc2929f287376c58e9d4ed3b79077542692_1_3	d94bf13c1a7fd619e1015c9c3153fdc2929f287376c58e9d4ed3b79077542692	1	3	/mnt/data/grasp-anything-lgd/data/processed/grasp-anything-pp/grasp_instructions/grasp_instructions/d94bf13c1a7fd619e1015c9c3153fdc2929f287376c58e9d4ed3b79077542692_1_3.pkl	/mnt/data/grasp-anything-lgd/data/processed/grasp-anything-pp/grasp_label_positive/grasp_label_positive/d94bf13c1a7fd619e1015c9c3153fdc2929f287376c58e9d4ed3b79077542692_1_3.pt	1x6	-0.004155	94.357033	Lift apple by its stem.	23
9f949c262ceeaf716da04f784524683c9fa1d2240f76e98b65f493c132d39ed5_1_0	9f949c262ceeaf716da04f784524683c9fa1d2240f76e98b65f493c132d39ed5	1	0	/mnt/data/grasp-anything-lgd/data/processed/grasp-anything-pp/grasp_instructions/grasp_instructions/9f949c262ceeaf716da04f784524683c9fa1d2240f76e98b65f493c132d39ed5_1_0.pkl	/mnt/data/grasp-anything-lgd/data/processed/grasp-anything-pp/grasp_label_positive/grasp_label_positive/9f949c262ceeaf716da04f784524683c9fa1d2240f76e98b65f493c132d39ed5_1_0.pt	3x6	0.055844	262.758148	Hold dice at its cubical shape.	31
7956261c7851af4203164960efba3a5a53fb5a62043bce1a4c67e05cc7fe36c2_0_0	7956261c7851af4203164960efba3a5a53fb5a62043bce1a4c67e05cc7fe36c2	0	0	/mnt/data/grasp-anything-lgd/data/processed/grasp-anything-pp/grasp_instructions/grasp_instructions/7956261c7851af4203164960efba3a5a53fb5a62043bce1a4c67e05cc7fe36c2_0_0.pkl	/mnt/data/grasp-anything-lgd/data/processed/grasp-anything-pp/grasp_label_positive/grasp_label_positive/7956261c7851af4203164960efba3a5a53fb5a62043bce1a4c67e05cc7fe36c2_0_0.pt	5x6	0.022865	212.004547	Grab sunglasses on its eyewear.	31
c9ad1c04c7df6e3c28a7a47dd6dfaf51027c1610752d745e5b4e9aa9a9f6484f_0_1	c9ad1c04c7df6e3c28a7a47dd6dfaf51027c1610752d745e5b4e9aa9a9f6484f	0	1	/mnt/data/grasp-anything-lgd/data/processed/grasp-anything-pp/grasp_instructions/grasp_instructions/c9ad1c04c7df6e3c28a7a47dd6dfaf51027c1610752d745e5b4e9aa9a9f6484f_0_1.pkl	/mnt/data/grasp-anything-lgd/data/processed/grasp-anything-pp/grasp_label_positive/grasp_label_positive/c9ad1c04c7df6e3c28a7a47dd6dfaf51027c1610752d745e5b4e9aa9a9f6484f_0_1.pt	5x6	0.049401	310.594147	Hold wallet at its compartments.	32
52c90614996767a114ecfca2001cdfe7de3225d004ae8af770b5324e26408338_1_1	52c90614996767a114ecfca2001cdfe7de3225d004ae8af770b5324e26408338	1	1	/mnt/data/grasp-anything-lgd/data/processed/grasp-anything-pp/grasp_instructions/grasp_instructions/52c90614996767a114ecfca2001cdfe7de3225d004ae8af770b5324e26408338_1_1.pkl	/mnt/data/grasp-anything-lgd/data/processed/grasp-anything-pp/grasp_label_positive/grasp_label_positive/52c90614996767a114ecfca2001cdfe7de3225d004ae8af770b5324e26408338_1_1.pt	3x6	0.021902	367.577881	Fetch lipstick by its color.	28
2833942820076d14bed271741f03dfcebad34a2f91603f0569cf1a736b6e33a1_0_1	2833942820076d14bed271741f03dfcebad34a2f91603f0569cf1a736b6e33a1	0	1	/mnt/data/grasp-anything-lgd/data/processed/grasp-anything-pp/grasp_instructions/grasp_instructions/2833942820076d14bed271741f03dfcebad34a2f91603f0569cf1a736b6e33a1_0_1.pkl	/mnt/data/grasp-anything-lgd/data/processed/grasp-anything-pp/grasp_label_positive/grasp_label_positive/2833942820076d14bed271741f03dfcebad34a2f91603f0569cf1a736b6e33a1_0_1.pt	7x6	0.06453	343.218628	Fetch apple by its flesh.	25
b86344b59e6750432f1d96dcd90b32e49ae24996ecabc1548ae52c47ff4dce16_0_1	b86344b59e6750432f1d96dcd90b32e49ae24996ecabc1548ae52c47ff4dce16	0	1	/mnt/data/grasp-anything-lgd/data/processed/grasp-anything-pp/grasp_instructions/grasp_instructions/b86344b59e6750432f1d96dcd90b32e49ae24996ecabc1548ae52c47ff4dce16_0_1.pkl	/mnt/data/grasp-anything-lgd/data/processed/grasp-anything-pp/grasp_label_positive/grasp_label_positive/b86344b59e6750432f1d96dcd90b32e49ae24996ecabc1548ae52c47ff4dce16_0_1.pt	7x6	0.087615	299.440186	Take bead by its material.	26
435e5945ff6126f0736726be155daaba37954322dd52c1291b17c363d5da4e92_1_1	435e5945ff6126f0736726be155daaba37954322dd52c1291b17c363d5da4e92	1	1	/mnt/data/grasp-anything-lgd/data/processed/grasp-anything-pp/grasp_instructions/grasp_instructions/435e5945ff6126f0736726be155daaba37954322dd52c1291b17c363d5da4e92_1_1.pkl	/mnt/data/grasp-anything-lgd/data/processed/grasp-anything-pp/grasp_label_positive/grasp_label_positive/435e5945ff6126f0736726be155daaba37954322dd52c1291b17c363d5da4e92_1_1.pt	9x6	0.043781	374.25647	Grip clip on its hinge.	23
9993cd479adf2703ea8bd8447f31e8fe30cbc3d872d8fc4546416bc4c7cbc605_1_1	9993cd479adf2703ea8bd8447f31e8fe30cbc3d872d8fc4546416bc4c7cbc605	1	1	/mnt/data/grasp-anything-lgd/data/processed/grasp-anything-pp/grasp_instructions/grasp_instructions/9993cd479adf2703ea8bd8447f31e8fe30cbc3d872d8fc4546416bc4c7cbc605_1_1.pkl	/mnt/data/grasp-anything-lgd/data/processed/grasp-anything-pp/grasp_label_positive/grasp_label_positive/9993cd479adf2703ea8bd8447f31e8fe30cbc3d872d8fc4546416bc4c7cbc605_1_1.pt	6x6	0.046129	371.391968	Take hold of kiwi on its flesh.	31
083d626026c358f21159c6cd59fea0e5cbe0d8303c0cd92ec0b8e67b72877bab_0_2	083d626026c358f21159c6cd59fea0e5cbe0d8303c0cd92ec0b8e67b72877bab	0	2	/mnt/data/grasp-anything-lgd/data/processed/grasp-anything-pp/grasp_instructions/grasp_instructions/083d626026c358f21159c6cd59fea0e5cbe0d8303c0cd92ec0b8e67b72877bab_0_2.pkl	/mnt/data/grasp-anything-lgd/data/processed/grasp-anything-pp/grasp_label_positive/grasp_label_positive/083d626026c358f21159c6cd59fea0e5cbe0d8303c0cd92ec0b8e67b72877bab_0_2.pt	13x6	0.01967	366.310181	Fetch cherry by its pit.	24
062b15c7987e92ad797125ccb3a1e9df6d29644d9369d35f3b4005a78f48da9b_1_0	062b15c7987e92ad797125ccb3a1e9df6d29644d9369d35f3b4005a78f48da9b	1	0	/mnt/data/grasp-anything-lgd/data/processed/grasp-anything-pp/grasp_instructions/grasp_instructions/062b15c7987e92ad797125ccb3a1e9df6d29644d9369d35f3b4005a78f48da9b_1_0.pkl	/mnt/data/grasp-anything-lgd/data/processed/grasp-anything-pp/grasp_label_positive/grasp_label_positive/062b15c7987e92ad797125ccb3a1e9df6d29644d9369d35f3b4005a78f48da9b_1_0.pt	10x6	0.042388	387.857117	Fetch pen by its barrel.	24
fcefb7ce24f5b30c4d456aded234fb4abbadf6d809572bff1fec2b33afda1425_1_0	fcefb7ce24f5b30c4d456aded234fb4abbadf6d809572bff1fec2b33afda1425	1	0	/mnt/data/grasp-anything-lgd/data/processed/grasp-anything-pp/grasp_instructions/grasp_instructions/fcefb7ce24f5b30c4d456aded234fb4abbadf6d809572bff1fec2b33afda1425_1_0.pkl	/mnt/data/grasp-anything-lgd/data/processed/grasp-anything-pp/grasp_label_positive/grasp_label_positive/fcefb7ce24f5b30c4d456aded234fb4abbadf6d809572bff1fec2b33afda1425_1_0.pt	6x6	0.011535	370.299805	Pick up hairpin by its metal or plastic.	40
32f506a4564e6921196bfa80127dff3234980bcde61aedaf63413138e246317b_2_1	32f506a4564e6921196bfa80127dff3234980bcde61aedaf63413138e246317b	2	1	/mnt/data/grasp-anything-lgd/data/processed/grasp-anything-pp/grasp_instructions/grasp_instructions/32f506a4564e6921196bfa80127dff3234980bcde61aedaf63413138e246317b_2_1.pkl	/mnt/data/grasp-anything-lgd/data/processed/grasp-anything-pp/grasp_label_positive/grasp_label_positive/32f506a4564e6921196bfa80127dff3234980bcde61aedaf63413138e246317b_2_1.pt	17x6	0.016979	230.284607	Grip marker on its tip.	23
3e8262ed83aa53ac0ecf63e90b596bcd8808d4346ee3f8dbe539150007c8727e_0_2	3e8262ed83aa53ac0ecf63e90b596bcd8808d4346ee3f8dbe539150007c8727e	0	2	/mnt/data/grasp-anything-lgd/data/processed/grasp-anything-pp/grasp_instructions/grasp_instructions/3e8262ed83aa53ac0ecf63e90b596bcd8808d4346ee3f8dbe539150007c8727e_0_2.pkl	/mnt/data/grasp-anything-lgd/data/processed/grasp-anything-pp/grasp_label_positive/grasp_label_positive/3e8262ed83aa53ac0ecf63e90b596bcd8808d4346ee3f8dbe539150007c8727e_0_2.pt	9x6	0.045738	328.60788	Take pen by its cap.	20
6797c105903717d4d5c947bff6c34e30ad64f3ca3fe55474df6cae6c2cb0aeaf_0_0	6797c105903717d4d5c947bff6c34e30ad64f3ca3fe55474df6cae6c2cb0aeaf	0	0	/mnt/data/grasp-anything-lgd/data/processed/grasp-anything-pp/grasp_instructions/grasp_instructions/6797c105903717d4d5c947bff6c34e30ad64f3ca3fe55474df6cae6c2cb0aeaf_0_0.pkl	/mnt/data/grasp-anything-lgd/data/processed/grasp-anything-pp/grasp_label_positive/grasp_label_positive/6797c105903717d4d5c947bff6c34e30ad64f3ca3fe55474df6cae6c2cb0aeaf_0_0.pt	4x6	0.017465	381.424194	Fetch spoon by its utensil.	27
e952117da4bef3c6690f8b76087d4418b9f79d01ff6632d449962c823779eb5c_0_1	e952117da4bef3c6690f8b76087d4418b9f79d01ff6632d449962c823779eb5c	0	1	/mnt/data/grasp-anything-lgd/data/processed/grasp-anything-pp/grasp_instructions/grasp_instructions/e952117da4bef3c6690f8b76087d4418b9f79d01ff6632d449962c823779eb5c_0_1.pkl	/mnt/data/grasp-anything-lgd/data/processed/grasp-anything-pp/grasp_label_positive/grasp_label_positive/e952117da4bef3c6690f8b76087d4418b9f79d01ff6632d449962c823779eb5c_0_1.pt	5x6	0.094005	387.134552	Hold pencil at its lead.	24
2587732354e0eb26fa6fb1aae7f191ad1ccc722edb3eba96416fdf4df9e93ecb_1_0	2587732354e0eb26fa6fb1aae7f191ad1ccc722edb3eba96416fdf4df9e93ecb	1	0	/mnt/data/grasp-anything-lgd/data/processed/grasp-anything-pp/grasp_instructions/grasp_instructions/2587732354e0eb26fa6fb1aae7f191ad1ccc722edb3eba96416fdf4df9e93ecb_1_0.pkl	/mnt/data/grasp-anything-lgd/data/processed/grasp-anything-pp/grasp_label_positive/grasp_label_positive/2587732354e0eb26fa6fb1aae7f191ad1ccc722edb3eba96416fdf4df9e93ecb_1_0.pt	11x6	0.02425	352.801483	Take highlighter by its marker.	31
c8b47fbde054a5f127a4866b3a446a54f6af9567da985f6c7f7bf2fa37fab125_0_2	c8b47fbde054a5f127a4866b3a446a54f6af9567da985f6c7f7bf2fa37fab125	0	2	/mnt/data/grasp-anything-lgd/data/processed/grasp-anything-pp/grasp_instructions/grasp_instructions/c8b47fbde054a5f127a4866b3a446a54f6af9567da985f6c7f7bf2fa37fab125_0_2.pkl	/mnt/data/grasp-anything-lgd/data/processed/grasp-anything-pp/grasp_label_positive/grasp_label_positive/c8b47fbde054a5f127a4866b3a446a54f6af9567da985f6c7f7bf2fa37fab125_0_2.pt	17x6	0.019067	375.874207	Hold spoon at its handle.	25
10d22ac737e5c3f8999db39b7c076f6917bf654a48e398e5ae2771a0f3dfed0b_1_3	10d22ac737e5c3f8999db39b7c076f6917bf654a48e398e5ae2771a0f3dfed0b	1	3	/mnt/data/grasp-anything-lgd/data/processed/grasp-anything-pp/grasp_instructions/grasp_instructions/10d22ac737e5c3f8999db39b7c076f6917bf654a48e398e5ae2771a0f3dfed0b_1_3.pkl	/mnt/data/grasp-anything-lgd/data/processed/grasp-anything-pp/grasp_label_positive/grasp_label_positive/10d22ac737e5c3f8999db39b7c076f6917bf654a48e398e5ae2771a0f3dfed0b_1_3.pt	1x6	0.0	101.171211	Grip apple on its stem.	23
b76f2a35034bb5ecd5b01962b24eabee84fcc01a6c1eede71ac871c5c2273144_2_1	b76f2a35034bb5ecd5b01962b24eabee84fcc01a6c1eede71ac871c5c2273144	2	1	/mnt/data/grasp-anything-lgd/data/processed/grasp-anything-pp/grasp_instructions/grasp_instructions/b76f2a35034bb5ecd5b01962b24eabee84fcc01a6c1eede71ac871c5c2273144_2_1.pkl	/mnt/data/grasp-anything-lgd/data/processed/grasp-anything-pp/grasp_label_positive/grasp_label_positive/b76f2a35034bb5ecd5b01962b24eabee84fcc01a6c1eede71ac871c5c2273144_2_1.pt	5x6	0.039842	362.741852	Grab laptop on its keyboard.	28
07d74df80bd05ee9796158665167d67d414d44b7f7f7ce1bab2aec242145d887_0_2	07d74df80bd05ee9796158665167d67d414d44b7f7f7ce1bab2aec242145d887	0	2	/mnt/data/grasp-anything-lgd/data/processed/grasp-anything-pp/grasp_instructions/grasp_instructions/07d74df80bd05ee9796158665167d67d414d44b7f7f7ce1bab2aec242145d887_0_2.pkl	/mnt/data/grasp-anything-lgd/data/processed/grasp-anything-pp/grasp_label_positive/grasp_label_positive/07d74df80bd05ee9796158665167d67d414d44b7f7f7ce1bab2aec242145d887_0_2.pt	1x6	-0.00493	178.217102	Grasp apple at its seeds.	25
d4dbc8c7f3dc6fa2f057aed9a86597b5b55e5a8c333d5db2f7f64ae985d76cb3_2_1	d4dbc8c7f3dc6fa2f057aed9a86597b5b55e5a8c333d5db2f7f64ae985d76cb3	2	1	/mnt/data/grasp-anything-lgd/data/processed/grasp-anything-pp/grasp_instructions/grasp_instructions/d4dbc8c7f3dc6fa2f057aed9a86597b5b55e5a8c333d5db2f7f64ae985d76cb3_2_1.pkl	/mnt/data/grasp-anything-lgd/data/processed/grasp-anything-pp/grasp_label_positive/grasp_label_positive/d4dbc8c7f3dc6fa2f057aed9a86597b5b55e5a8c333d5db2f7f64ae985d76cb3_2_1.pt	14x6	0.018784	353.049713	Fetch stapler by its metal clasp.	33
b137468a902b0409023d52b7e9b7fc495019adefe5fe09bb468cf150ad51427b_0_0	b137468a902b0409023d52b7e9b7fc495019adefe5fe09bb468cf150ad51427b	0	0	/mnt/data/grasp-anything-lgd/data/processed/grasp-anything-pp/grasp_instructions/grasp_instructions/b137468a902b0409023d52b7e9b7fc495019adefe5fe09bb468cf150ad51427b_0_0.pkl	/mnt/data/grasp-anything-lgd/data/processed/grasp-anything-pp/grasp_label_positive/grasp_label_positive/b137468a902b0409023d52b7e9b7fc495019adefe5fe09bb468cf150ad51427b_0_0.pt	1x6	0.014062	119.405205	Hold toy at its plaything.	26
2ee39daecf4ea1a34ddb8bb336c694b4e2f4ac861f8c0377675c4df839e904d0_1_2	2ee39daecf4ea1a34ddb8bb336c694b4e2f4ac861f8c0377675c4df839e904d0	1	2	/mnt/data/grasp-anything-lgd/data/processed/grasp-anything-pp/grasp_instructions/grasp_instructions/2ee39daecf4ea1a34ddb8bb336c694b4e2f4ac861f8c0377675c4df839e904d0_1_2.pkl	/mnt/data/grasp-anything-lgd/data/processed/grasp-anything-pp/grasp_label_positive/grasp_label_positive/2ee39daecf4ea1a34ddb8bb336c694b4e2f4ac861f8c0377675c4df839e904d0_1_2.pt	3x6	0.047374	373.189514	Hold note at its information.	29
e45d61dfd8dba1b39602b2ba978bec08c9fcac25aee28c77a7763af0d2bfd2eb_0_2	e45d61dfd8dba1b39602b2ba978bec08c9fcac25aee28c77a7763af0d2bfd2eb	0	2	/mnt/data/grasp-anything-lgd/data/processed/grasp-anything-pp/grasp_instructions/grasp_instructions/e45d61dfd8dba1b39602b2ba978bec08c9fcac25aee28c77a7763af0d2bfd2eb_0_2.pkl	/mnt/data/grasp-anything-lgd/data/processed/grasp-anything-pp/grasp_label_positive/grasp_label_positive/e45d61dfd8dba1b39602b2ba978bec08c9fcac25aee28c77a7763af0d2bfd2eb_0_2.pt	19x6	0.007623	384.449585	Take hold of pencil on its eraser.	34
3f7e65020e98fe583e2434b90c8e835caf4a3e2f3a4ff3fa03f86313eb784bec_0_1	3f7e65020e98fe583e2434b90c8e835caf4a3e2f3a4ff3fa03f86313eb784bec	0	1	/mnt/data/grasp-anything-lgd/data/processed/grasp-anything-pp/grasp_instructions/grasp_instructions/3f7e65020e98fe583e2434b90c8e835caf4a3e2f3a4ff3fa03f86313eb784bec_0_1.pkl	/mnt/data/grasp-anything-lgd/data/processed/grasp-anything-pp/grasp_label_positive/grasp_label_positive/3f7e65020e98fe583e2434b90c8e835caf4a3e2f3a4ff3fa03f86313eb784bec_0_1.pt	4x6	0.038886	275.289215	Take hold of marker on its tip.	31
81703f56a0eedba5adb6a63d377929a22236edd0121d5e9fb096574c7f8c0644_0_2	81703f56a0eedba5adb6a63d377929a22236edd0121d5e9fb096574c7f8c0644	0	2	/mnt/data/grasp-anything-lgd/data/processed/grasp-anything-pp/grasp_instructions/grasp_instructions/81703f56a0eedba5adb6a63d377929a22236edd0121d5e9fb096574c7f8c0644_0_2.pkl	/mnt/data/grasp-anything-lgd/data/processed/grasp-anything-pp/grasp_label_positive/grasp_label_positive/81703f56a0eedba5adb6a63d377929a22236edd0121d5e9fb096574c7f8c0644_0_2.pt	11x6	0.072969	226.401306	Fetch ball by its bounce.	25
b8c7367587f679969ee81b36e1c94f5cf49547a2d93e9d87e3b6a84441171789_0_0	b8c7367587f679969ee81b36e1c94f5cf49547a2d93e9d87e3b6a84441171789	0	0	/mnt/data/grasp-anything-lgd/data/processed/grasp-anything-pp/grasp_instructions/grasp_instructions/b8c7367587f679969ee81b36e1c94f5cf49547a2d93e9d87e3b6a84441171789_0_0.pkl	/mnt/data/grasp-anything-lgd/data/processed/grasp-anything-pp/grasp_label_positive/grasp_label_positive/b8c7367587f679969ee81b36e1c94f5cf49547a2d93e9d87e3b6a84441171789_0_0.pt	16x6	0.013571	369.500977	Fetch pencil by its wooden or plastic.	38
dcf90d3dc14b0b3041b31d6eeb732e4ca9f0f0a0e7e93d2c83f62b09d1379edf_1_1	dcf90d3dc14b0b3041b31d6eeb732e4ca9f0f0a0e7e93d2c83f62b09d1379edf	1	1	/mnt/data/grasp-anything-lgd/data/processed/grasp-anything-pp/grasp_instructions/grasp_instructions/dcf90d3dc14b0b3041b31d6eeb732e4ca9f0f0a0e7e93d2c83f62b09d1379edf_1_1.pkl	/mnt/data/grasp-anything-lgd/data/processed/grasp-anything-pp/grasp_label_positive/grasp_label_positive/dcf90d3dc14b0b3041b31d6eeb732e4ca9f0f0a0e7e93d2c83f62b09d1379edf_1_1.pt	1x6	0.013964	366.161469	Pick up keychain by its attachments.	36
0ce02b8dc9cfb2a8a1f3ab8181fbe18f46c35bc655a77ce6b95ab3632f2bf9ed_0_0	0ce02b8dc9cfb2a8a1f3ab8181fbe18f46c35bc655a77ce6b95ab3632f2bf9ed	0	0	/mnt/data/grasp-anything-lgd/data/processed/grasp-anything-pp/grasp_instructions/grasp_instructions/0ce02b8dc9cfb2a8a1f3ab8181fbe18f46c35bc655a77ce6b95ab3632f2bf9ed_0_0.pkl	/mnt/data/grasp-anything-lgd/data/processed/grasp-anything-pp/grasp_label_positive/grasp_label_positive/0ce02b8dc9cfb2a8a1f3ab8181fbe18f46c35bc655a77ce6b95ab3632f2bf9ed_0_0.pt	1x6	0.011557	0.962418	Pick up hairbrush by its bristles.	34
86e87073cb43242b7f00f1e94ab93d5ce825e28414c9dc7a070c93b01712754c_0_2	86e87073cb43242b7f00f1e94ab93d5ce825e28414c9dc7a070c93b01712754c	0	2	/mnt/data/grasp-anything-lgd/data/processed/grasp-anything-pp/grasp_instructions/grasp_instructions/86e87073cb43242b7f00f1e94ab93d5ce825e28414c9dc7a070c93b01712754c_0_2.pkl	/mnt/data/grasp-anything-lgd/data/processed/grasp-anything-pp/grasp_label_positive/grasp_label_positive/86e87073cb43242b7f00f1e94ab93d5ce825e28414c9dc7a070c93b01712754c_0_2.pt	6x6	0.067274	205.630859	Grasp marker at its cap.	24
d6f55596fe5d3d9e9d9973d986a767a3578d20d8842c1a298957cfa486eef6d8_2_2	d6f55596fe5d3d9e9d9973d986a767a3578d20d8842c1a298957cfa486eef6d8	2	2	/mnt/data/grasp-anything-lgd/data/processed/grasp-anything-pp/grasp_instructions/grasp_instructions/d6f55596fe5d3d9e9d9973d986a767a3578d20d8842c1a298957cfa486eef6d8_2_2.pkl	/mnt/data/grasp-anything-lgd/data/processed/grasp-anything-pp/grasp_label_positive/grasp_label_positive/d6f55596fe5d3d9e9d9973d986a767a3578d20d8842c1a298957cfa486eef6d8_2_2.pt	3x6	0.015512	378.555664	Pick up phone by its camera.	28
07bbdbd39b35734e8f5ad5978fa400eadd067efabe4e1d548942ac685a9d013e_0_0	07bbdbd39b35734e8f5ad5978fa400eadd067efabe4e1d548942ac685a9d013e	0	0	/mnt/data/grasp-anything-lgd/data/processed/grasp-anything-pp/grasp_instructions/grasp_instructions/07bbdbd39b35734e8f5ad5978fa400eadd067efabe4e1d548942ac685a9d013e_0_0.pkl	/mnt/data/grasp-anything-lgd/data/processed/grasp-anything-pp/grasp_label_positive/grasp_label_positive/07bbdbd39b35734e8f5ad5978fa400eadd067efabe4e1d548942ac685a9d013e_0_0.pt	7x6	0.042751	335.744781	Hold scissors at its cutting blades.	36
1c0d7ac76f42e1751fe04c67d56bd868157bf00f8bb7dede2780559e0c479db9_0_0	1c0d7ac76f42e1751fe04c67d56bd868157bf00f8bb7dede2780559e0c479db9	0	0	/mnt/data/grasp-anything-lgd/data/processed/grasp-anything-pp/grasp_instructions/grasp_instructions/1c0d7ac76f42e1751fe04c67d56bd868157bf00f8bb7dede2780559e0c479db9_0_0.pkl	/mnt/data/grasp-anything-lgd/data/processed/grasp-anything-pp/grasp_label_positive/grasp_label_positive/1c0d7ac76f42e1751fe04c67d56bd868157bf00f8bb7dede2780559e0c479db9_0_0.pt	10x6	0.015217	355.316589	Grip spoon on its utensil.	26
bf1dab5dea96b2672dc5e055792d9900145b26a47148f104077160e74c705e26_0_0	bf1dab5dea96b2672dc5e055792d9900145b26a47148f104077160e74c705e26	0	0	/mnt/data/grasp-anything-lgd/data/processed/grasp-anything-pp/grasp_instructions/grasp_instructions/bf1dab5dea96b2672dc5e055792d9900145b26a47148f104077160e74c705e26_0_0.pkl	/mnt/data/grasp-anything-lgd/data/processed/grasp-anything-pp/grasp_label_positive/grasp_label_positive/bf1dab5dea96b2672dc5e055792d9900145b26a47148f104077160e74c705e26_0_0.pt	16x6	0.004467	290.400513	Take hold of key on its metal or plastic.	41
6ba206bd35392c5af07a01a8592275e08702fe2996ef6972ce47bb79dad9df89_1_2	6ba206bd35392c5af07a01a8592275e08702fe2996ef6972ce47bb79dad9df89	1	2	/mnt/data/grasp-anything-lgd/data/processed/grasp-anything-pp/grasp_instructions/grasp_instructions/6ba206bd35392c5af07a01a8592275e08702fe2996ef6972ce47bb79dad9df89_1_2.pkl	/mnt/data/grasp-anything-lgd/data/processed/grasp-anything-pp/grasp_label_positive/grasp_label_positive/6ba206bd35392c5af07a01a8592275e08702fe2996ef6972ce47bb79dad9df89_1_2.pt	18x6	0.015496	371.130127	Take highlighter by its cap.	28
ce175d56dd779be3f95af5b3d8de5036694d0ea550c986cb40c8fac11ec4864a_0_0	ce175d56dd779be3f95af5b3d8de5036694d0ea550c986cb40c8fac11ec4864a	0	0	/mnt/data/grasp-anything-lgd/data/processed/grasp-anything-pp/grasp_instructions/grasp_instructions/ce175d56dd779be3f95af5b3d8de5036694d0ea550c986cb40c8fac11ec4864a_0_0.pkl	/mnt/data/grasp-anything-lgd/data/processed/grasp-anything-pp/grasp_label_positive/grasp_label_positive/ce175d56dd779be3f95af5b3d8de5036694d0ea550c986cb40c8fac11ec4864a_0_0.pt	8x6	0.058803	389.37381	Hold pencil at its wooden or plastic.	37
873021db09fbabc39305851c066dad33fe82c430a8e81d8ff0d6d0949075e201_1_2	873021db09fbabc39305851c066dad33fe82c430a8e81d8ff0d6d0949075e201	1	2	/mnt/data/grasp-anything-lgd/data/processed/grasp-anything-pp/grasp_instructions/grasp_instructions/873021db09fbabc39305851c066dad33fe82c430a8e81d8ff0d6d0949075e201_1_2.pkl	/mnt/data/grasp-anything-lgd/data/processed/grasp-anything-pp/grasp_label_positive/grasp_label_positive/873021db09fbabc39305851c066dad33fe82c430a8e81d8ff0d6d0949075e201_1_2.pt	4x6	0.056209	207.400284	Fetch banana by its peel.	25
a7328b1af512311c0870cb441b6b1b22b8ae9d3687e83ed3fc72806d3400c008_0_2	a7328b1af512311c0870cb441b6b1b22b8ae9d3687e83ed3fc72806d3400c008	0	2	/mnt/data/grasp-anything-lgd/data/processed/grasp-anything-pp/grasp_instructions/grasp_instructions/a7328b1af512311c0870cb441b6b1b22b8ae9d3687e83ed3fc72806d3400c008_0_2.pkl	/mnt/data/grasp-anything-lgd/data/processed/grasp-anything-pp/grasp_label_positive/grasp_label_positive/a7328b1af512311c0870cb441b6b1b22b8ae9d3687e83ed3fc72806d3400c008_0_2.pt	4x6	0.016697	176.559341	Take hold of spoon on its handle.	33
99c68b14aaaa338c1fa9d3ab164fce8325e5828021ed3e27e9ec1ebd7012d198_0_2	99c68b14aaaa338c1fa9d3ab164fce8325e5828021ed3e27e9ec1ebd7012d198	0	2	/mnt/data/grasp-anything-lgd/data/processed/grasp-anything-pp/grasp_instructions/grasp_instructions/99c68b14aaaa338c1fa9d3ab164fce8325e5828021ed3e27e9ec1ebd7012d198_0_2.pkl	/mnt/data/grasp-anything-lgd/data/processed/grasp-anything-pp/grasp_label_positive/grasp_label_positive/99c68b14aaaa338c1fa9d3ab164fce8325e5828021ed3e27e9ec1ebd7012d198_0_2.pt	1x6	0.073014	310.39212	Pick up hairbrush by its grip.	30
ff891ab4db155f148895ff5da6952bf3736784452ed9b384f9fe3b009d4e9fc1_1_0	ff891ab4db155f148895ff5da6952bf3736784452ed9b384f9fe3b009d4e9fc1	1	0	/mnt/data/grasp-anything-lgd/data/processed/grasp-anything-pp/grasp_instructions/grasp_instructions/ff891ab4db155f148895ff5da6952bf3736784452ed9b384f9fe3b009d4e9fc1_1_0.pkl	/mnt/data/grasp-anything-lgd/data/processed/grasp-anything-pp/grasp_label_positive/grasp_label_positive/ff891ab4db155f148895ff5da6952bf3736784452ed9b384f9fe3b009d4e9fc1_1_0.pt	3x6	0.05779	194.851776	Fetch apple by its skin.	24
50b9173a715df2d6cfc6257c00c7ba06f5e4b2bdd6a5fc5c145a2db953199144_1_1	50b9173a715df2d6cfc6257c00c7ba06f5e4b2bdd6a5fc5c145a2db953199144	1	1	/mnt/data/grasp-anything-lgd/data/processed/grasp-anything-pp/grasp_instructions/grasp_instructions/50b9173a715df2d6cfc6257c00c7ba06f5e4b2bdd6a5fc5c145a2db953199144_1_1.pkl	/mnt/data/grasp-anything-lgd/data/processed/grasp-anything-pp/grasp_label_positive/grasp_label_positive/50b9173a715df2d6cfc6257c00c7ba06f5e4b2bdd6a5fc5c145a2db953199144_1_1.pt	31x6	0.012031	360.628418	Grab pencil on its lead.	24
f0c06f4a9b8007b448a97be025dbe79fc8fcd26dd6a995c7ab184ae4a06723ff_1_1	f0c06f4a9b8007b448a97be025dbe79fc8fcd26dd6a995c7ab184ae4a06723ff	1	1	/mnt/data/grasp-anything-lgd/data/processed/grasp-anything-pp/grasp_instructions/grasp_instructions/f0c06f4a9b8007b448a97be025dbe79fc8fcd26dd6a995c7ab184ae4a06723ff_1_1.pkl	/mnt/data/grasp-anything-lgd/data/processed/grasp-anything-pp/grasp_label_positive/grasp_label_positive/f0c06f4a9b8007b448a97be025dbe79fc8fcd26dd6a995c7ab184ae4a06723ff_1_1.pt	3x6	0.01196	385.61795	Grip eraser on its shape.	25
ed7b6418f52c8af0ed369ac5b115373e1869caa31cffdb2e60bb6c752b60b9c9_0_2	ed7b6418f52c8af0ed369ac5b115373e1869caa31cffdb2e60bb6c752b60b9c9	0	2	/mnt/data/grasp-anything-lgd/data/processed/grasp-anything-pp/grasp_instructions/grasp_instructions/ed7b6418f52c8af0ed369ac5b115373e1869caa31cffdb2e60bb6c752b60b9c9_0_2.pkl	/mnt/data/grasp-anything-lgd/data/processed/grasp-anything-pp/grasp_label_positive/grasp_label_positive/ed7b6418f52c8af0ed369ac5b115373e1869caa31cffdb2e60bb6c752b60b9c9_0_2.pt	5x6	0.020153	297.044373	Take hold of marker on its cap.	31
846ab8775b8aace9adf0c29fd876800d2f2032af6d58ac307a709a0ed4ce3f43_1_1	846ab8775b8aace9adf0c29fd876800d2f2032af6d58ac307a709a0ed4ce3f43	1	1	/mnt/data/grasp-anything-lgd/data/processed/grasp-anything-pp/grasp_instructions/grasp_instructions/846ab8775b8aace9adf0c29fd876800d2f2032af6d58ac307a709a0ed4ce3f43_1_1.pkl	/mnt/data/grasp-anything-lgd/data/processed/grasp-anything-pp/grasp_label_positive/grasp_label_positive/846ab8775b8aace9adf0c29fd876800d2f2032af6d58ac307a709a0ed4ce3f43_1_1.pt	28x6	0.009767	325.22998	Grasp pen at its ink or lead.	29
18c4702f6c305c47e831930090978bff2059d23d0a14e3467cb4b56a027f56cf_0_2	18c4702f6c305c47e831930090978bff2059d23d0a14e3467cb4b56a027f56cf	0	2	/mnt/data/grasp-anything-lgd/data/processed/grasp-anything-pp/grasp_instructions/grasp_instructions/18c4702f6c305c47e831930090978bff2059d23d0a14e3467cb4b56a027f56cf_0_2.pkl	/mnt/data/grasp-anything-lgd/data/processed/grasp-anything-pp/grasp_label_positive/grasp_label_positive/18c4702f6c305c47e831930090978bff2059d23d0a14e3467cb4b56a027f56cf_0_2.pt	26x6	0.010441	353.256683	Grab fork on its prongs.	24
1940291bbe72ef4e0c8649689a1b0d61b5df910f670dc7ec093f1d6e4235a4e9_0_3	1940291bbe72ef4e0c8649689a1b0d61b5df910f670dc7ec093f1d6e4235a4e9	0	3	/mnt/data/grasp-anything-lgd/data/processed/grasp-anything-pp/grasp_instructions/grasp_instructions/1940291bbe72ef4e0c8649689a1b0d61b5df910f670dc7ec093f1d6e4235a4e9_0_3.pkl	/mnt/data/grasp-anything-lgd/data/processed/grasp-anything-pp/grasp_label_positive/grasp_label_positive/1940291bbe72ef4e0c8649689a1b0d61b5df910f670dc7ec093f1d6e4235a4e9_0_3.pt	1x6	-0.005133	169.404266	Grab apple on its stem.	23
8073732282bd4d73df2e75a4a82a372902876139938b467c5ab853d99886c947_0_1	8073732282bd4d73df2e75a4a82a372902876139938b467c5ab853d99886c947	0	1	/mnt/data/grasp-anything-lgd/data/processed/grasp-anything-pp/grasp_instructions/grasp_instructions/8073732282bd4d73df2e75a4a82a372902876139938b467c5ab853d99886c947_0_1.pkl	/mnt/data/grasp-anything-lgd/data/processed/grasp-anything-pp/grasp_label_positive/grasp_label_positive/8073732282bd4d73df2e75a4a82a372902876139938b467c5ab853d99886c947_0_1.pt	1x6	0.023311	289.229065	Take hold of stapler on its metal clasp.	40
74181f41f0d600783ba8183b93f707da4920d90438b07916fe72ce41304f2175_0_2	74181f41f0d600783ba8183b93f707da4920d90438b07916fe72ce41304f2175	0	2	/mnt/data/grasp-anything-lgd/data/processed/grasp-anything-pp/grasp_instructions/grasp_instructions/74181f41f0d600783ba8183b93f707da4920d90438b07916fe72ce41304f2175_0_2.pkl	/mnt/data/grasp-anything-lgd/data/processed/grasp-anything-pp/grasp_label_positive/grasp_label_positive/74181f41f0d600783ba8183b93f707da4920d90438b07916fe72ce41304f2175_0_2.pt	1x6	0.098178	173.671936	Take apple by its seeds.	24
c774629b8889eba18cdd1c630c6b8a0b386505593f4d70182bf8ecb421fa7825_1_2	c774629b8889eba18cdd1c630c6b8a0b386505593f4d70182bf8ecb421fa7825	1	2	/mnt/data/grasp-anything-lgd/data/processed/grasp-anything-pp/grasp_instructions/grasp_instructions/c774629b8889eba18cdd1c630c6b8a0b386505593f4d70182bf8ecb421fa7825_1_2.pkl	/mnt/data/grasp-anything-lgd/data/processed/grasp-anything-pp/grasp_label_positive/grasp_label_positive/c774629b8889eba18cdd1c630c6b8a0b386505593f4d70182bf8ecb421fa7825_1_2.pt	1x6	0.09865	235.981018	Hold lime at its seeds.	23
1fee423619f640a782cd5b48d9badeaa429d52533f84624363c38cc431135ac8_1_2	1fee423619f640a782cd5b48d9badeaa429d52533f84624363c38cc431135ac8	1	2	/mnt/data/grasp-anything-lgd/data/processed/grasp-anything-pp/grasp_instructions/grasp_instructions/1fee423619f640a782cd5b48d9badeaa429d52533f84624363c38cc431135ac8_1_2.pkl	/mnt/data/grasp-anything-lgd/data/processed/grasp-anything-pp/grasp_label_positive/grasp_label_positive/1fee423619f640a782cd5b48d9badeaa429d52533f84624363c38cc431135ac8_1_2.pt	6x6	0.017822	379.649963	Take hold of spoon on its handle.	33
63dda7e2678a3522ff0d9f520421dd700d18a74ed8cb58f921e0a9bda1a0853f_0_0	63dda7e2678a3522ff0d9f520421dd700d18a74ed8cb58f921e0a9bda1a0853f	0	0	/mnt/data/grasp-anything-lgd/data/processed/grasp-anything-pp/grasp_instructions/grasp_instructions/63dda7e2678a3522ff0d9f520421dd700d18a74ed8cb58f921e0a9bda1a0853f_0_0.pkl	/mnt/data/grasp-anything-lgd/data/processed/grasp-anything-pp/grasp_label_positive/grasp_label_positive/63dda7e2678a3522ff0d9f520421dd700d18a74ed8cb58f921e0a9bda1a0853f_0_0.pt	2x6	0.01659	325.064117	Take banana by its skin.	24
5e9d886a0dbd28d33ac936cfd9069c9797485e52a44739f9a1ca6ba97f9c5e31_0_1	5e9d886a0dbd28d33ac936cfd9069c9797485e52a44739f9a1ca6ba97f9c5e31	0	1	/mnt/data/grasp-anything-lgd/data/processed/grasp-anything-pp/grasp_instructions/grasp_instructions/5e9d886a0dbd28d33ac936cfd9069c9797485e52a44739f9a1ca6ba97f9c5e31_0_1.pkl	/mnt/data/grasp-anything-lgd/data/processed/grasp-anything-pp/grasp_label_positive/grasp_label_positive/5e9d886a0dbd28d33ac936cfd9069c9797485e52a44739f9a1ca6ba97f9c5e31_0_1.pt	4x6	0.013333	257.910583	Fetch spoon by its bowl-shaped.	31
420f28984a8e27593553d218abe493e1fdf849d4d19a2b810b858d99686cc5de_1_1	420f28984a8e27593553d218abe493e1fdf849d4d19a2b810b858d99686cc5de	1	1	/mnt/data/grasp-anything-lgd/data/processed/grasp-anything-pp/grasp_instructions/grasp_instructions/420f28984a8e27593553d218abe493e1fdf849d4d19a2b810b858d99686cc5de_1_1.pkl	/mnt/data/grasp-anything-lgd/data/processed/grasp-anything-pp/grasp_label_positive/grasp_label_positive/420f28984a8e27593553d218abe493e1fdf849d4d19a2b810b858d99686cc5de_1_1.pt	1x6	0.015469	310.741913	Grab highlighter on its bright color.	37
fe8e2985e5334334d477db5f286564f399f582baa0005416a16a46a62d4c7e1a_1_2	fe8e2985e5334334d477db5f286564f399f582baa0005416a16a46a62d4c7e1a	1	2	/mnt/data/grasp-anything-lgd/data/processed/grasp-anything-pp/grasp_instructions/grasp_instructions/fe8e2985e5334334d477db5f286564f399f582baa0005416a16a46a62d4c7e1a_1_2.pkl	/mnt/data/grasp-anything-lgd/data/processed/grasp-anything-pp/grasp_label_positive/grasp_label_positive/fe8e2985e5334334d477db5f286564f399f582baa0005416a16a46a62d4c7e1a_1_2.pt	17x6	0.025582	324.343445	Grasp marble at its color.	26
8d1a9db1418f18a2281bb33a97d7c90ff02f4ac9b73c426d445756820448c3a3_1_2	8d1a9db1418f18a2281bb33a97d7c90ff02f4ac9b73c426d445756820448c3a3	1	2	/mnt/data/grasp-anything-lgd/data/processed/grasp-anything-pp/grasp_instructions/grasp_instructions/8d1a9db1418f18a2281bb33a97d7c90ff02f4ac9b73c426d445756820448c3a3_1_2.pkl	/mnt/data/grasp-anything-lgd/data/processed/grasp-anything-pp/grasp_label_positive/grasp_label_positive/8d1a9db1418f18a2281bb33a97d7c90ff02f4ac9b73c426d445756820448c3a3_1_2.pt	1x6	0.019649	208.551712	Hold earphones at its connectors.	33
7479a7cb865e3f3f2865e900b14f7b5fd58c5a92566d70c27f7a06b4876699ca_0_2	7479a7cb865e3f3f2865e900b14f7b5fd58c5a92566d70c27f7a06b4876699ca	0	2	/mnt/data/grasp-anything-lgd/data/processed/grasp-anything-pp/grasp_instructions/grasp_instructions/7479a7cb865e3f3f2865e900b14f7b5fd58c5a92566d70c27f7a06b4876699ca_0_2.pkl	/mnt/data/grasp-anything-lgd/data/processed/grasp-anything-pp/grasp_label_positive/grasp_label_positive/7479a7cb865e3f3f2865e900b14f7b5fd58c5a92566d70c27f7a06b4876699ca_0_2.pt	2x6	0.044142	208.825851	Grab apple on its seeds.	24
24014b084a215b7142b30573a76c44c508450ad3f8fbc6ab7c0ec41b07cb6ff1_0_2	24014b084a215b7142b30573a76c44c508450ad3f8fbc6ab7c0ec41b07cb6ff1	0	2	/mnt/data/grasp-anything-lgd/data/processed/grasp-anything-pp/grasp_instructions/grasp_instructions/24014b084a215b7142b30573a76c44c508450ad3f8fbc6ab7c0ec41b07cb6ff1_0_2.pkl	/mnt/data/grasp-anything-lgd/data/processed/grasp-anything-pp/grasp_label_positive/grasp_label_positive/24014b084a215b7142b30573a76c44c508450ad3f8fbc6ab7c0ec41b07cb6ff1_0_2.pt	7x6	0.022034	289.854187	Hold stapler at its base.	25
19530ba8cb742930ee7cd27f4487a66d69d49fb0527ad7feada7cfa009ebaf97_0_2	19530ba8cb742930ee7cd27f4487a66d69d49fb0527ad7feada7cfa009ebaf97	0	2	/mnt/data/grasp-anything-lgd/data/processed/grasp-anything-pp/grasp_instructions/grasp_instructions/19530ba8cb742930ee7cd27f4487a66d69d49fb0527ad7feada7cfa009ebaf97_0_2.pkl	/mnt/data/grasp-anything-lgd/data/processed/grasp-anything-pp/grasp_label_positive/grasp_label_positive/19530ba8cb742930ee7cd27f4487a66d69d49fb0527ad7feada7cfa009ebaf97_0_2.pt	1x6	0.029004	215.722672	Grab stapler on its base.	25
d485708c6d072989ab0da0970f209f7b38b5df39149a4530869950c59e3fa2f8_1_2	d485708c6d072989ab0da0970f209f7b38b5df39149a4530869950c59e3fa2f8	1	2	/mnt/data/grasp-anything-lgd/data/processed/grasp-anything-pp/grasp_instructions/grasp_instructions/d485708c6d072989ab0da0970f209f7b38b5df39149a4530869950c59e3fa2f8_1_2.pkl	/mnt/data/grasp-anything-lgd/data/processed/grasp-anything-pp/grasp_label_positive/grasp_label_positive/d485708c6d072989ab0da0970f209f7b38b5df39149a4530869950c59e3fa2f8_1_2.pt	4x6	0.010086	361.273621	Grasp fork at its prongs.	25
9bc8478d9c773995b1e0583794f7c8e032514d15a9ae90c6aeae55e0d9b67569_2_2	9bc8478d9c773995b1e0583794f7c8e032514d15a9ae90c6aeae55e0d9b67569	2	2	/mnt/data/grasp-anything-lgd/data/processed/grasp-anything-pp/grasp_instructions/grasp_instructions/9bc8478d9c773995b1e0583794f7c8e032514d15a9ae90c6aeae55e0d9b67569_2_2.pkl	/mnt/data/grasp-anything-lgd/data/processed/grasp-anything-pp/grasp_label_positive/grasp_label_positive/9bc8478d9c773995b1e0583794f7c8e032514d15a9ae90c6aeae55e0d9b67569_2_2.pt	12x6	0.012932	371.455444	Grab key on its ring.	21
0d3aa8df889d5b28480020eeda55c7fe2de7367d76a98bcfc5e8a2ca8f0ee420_0_2	0d3aa8df889d5b28480020eeda55c7fe2de7367d76a98bcfc5e8a2ca8f0ee420	0	2	/mnt/data/grasp-anything-lgd/data/processed/grasp-anything-pp/grasp_instructions/grasp_instructions/0d3aa8df889d5b28480020eeda55c7fe2de7367d76a98bcfc5e8a2ca8f0ee420_0_2.pkl	/mnt/data/grasp-anything-lgd/data/processed/grasp-anything-pp/grasp_label_positive/grasp_label_positive/0d3aa8df889d5b28480020eeda55c7fe2de7367d76a98bcfc5e8a2ca8f0ee420_0_2.pt	3x6	0.052393	292.403564	Grip pen on its cap.	20
1a37798b6a22cb06180f7f380179a3d3705608dbf5b34766cbdae7eeffd1abec_0_1	1a37798b6a22cb06180f7f380179a3d3705608dbf5b34766cbdae7eeffd1abec	0	1	/mnt/data/grasp-anything-lgd/data/processed/grasp-anything-pp/grasp_instructions/grasp_instructions/1a37798b6a22cb06180f7f380179a3d3705608dbf5b34766cbdae7eeffd1abec_0_1.pkl	/mnt/data/grasp-anything-lgd/data/processed/grasp-anything-pp/grasp_label_positive/grasp_label_positive/1a37798b6a22cb06180f7f380179a3d3705608dbf5b34766cbdae7eeffd1abec_0_1.pt	11x6	0.015042	384.716644	Take toy by its material.	25
2655cc6bfe81a4bb1e79b5aa6e761fc6a70cacbd42a3d7f26d329891ac0a1389_1_0	2655cc6bfe81a4bb1e79b5aa6e761fc6a70cacbd42a3d7f26d329891ac0a1389	1	0	/mnt/data/grasp-anything-lgd/data/processed/grasp-anything-pp/grasp_instructions/grasp_instructions/2655cc6bfe81a4bb1e79b5aa6e761fc6a70cacbd42a3d7f26d329891ac0a1389_1_0.pkl	/mnt/data/grasp-anything-lgd/data/processed/grasp-anything-pp/grasp_label_positive/grasp_label_positive/2655cc6bfe81a4bb1e79b5aa6e761fc6a70cacbd42a3d7f26d329891ac0a1389_1_0.pt	3x6	0.032376	375.021088	Grip banana on its skin.	24
f37c3358a1945584252b17a132568e1fab87c65da2ef12dcc47cb1a4c63c39c3_0_2	f37c3358a1945584252b17a132568e1fab87c65da2ef12dcc47cb1a4c63c39c3	0	2	/mnt/data/grasp-anything-lgd/data/processed/grasp-anything-pp/grasp_instructions/grasp_instructions/f37c3358a1945584252b17a132568e1fab87c65da2ef12dcc47cb1a4c63c39c3_0_2.pkl	/mnt/data/grasp-anything-lgd/data/processed/grasp-anything-pp/grasp_label_positive/grasp_label_positive/f37c3358a1945584252b17a132568e1fab87c65da2ef12dcc47cb1a4c63c39c3_0_2.pt	1x6	0.009747	334.055298	Pick up banana by its peel.	27
10022df118813a450a9e294574a919e4e620b9b35ec941ca0b457d46e3975a6c_0_0	10022df118813a450a9e294574a919e4e620b9b35ec941ca0b457d46e3975a6c	0	0	/mnt/data/grasp-anything-lgd/data/processed/grasp-anything-pp/grasp_instructions/grasp_instructions/10022df118813a450a9e294574a919e4e620b9b35ec941ca0b457d46e3975a6c_0_0.pkl	/mnt/data/grasp-anything-lgd/data/processed/grasp-anything-pp/grasp_label_positive/grasp_label_positive/10022df118813a450a9e294574a919e4e620b9b35ec941ca0b457d46e3975a6c_0_0.pt	3x6	0.012126	278.979248	Grab wallet on its money holder.	32
93b10c338703a5989e6a85f63f53f80fe0da703bb373c65cdccbc00c110fb1c0_1_2	93b10c338703a5989e6a85f63f53f80fe0da703bb373c65cdccbc00c110fb1c0	1	2	/mnt/data/grasp-anything-lgd/data/processed/grasp-anything-pp/grasp_instructions/grasp_instructions/93b10c338703a5989e6a85f63f53f80fe0da703bb373c65cdccbc00c110fb1c0_1_2.pkl	/mnt/data/grasp-anything-lgd/data/processed/grasp-anything-pp/grasp_label_positive/grasp_label_positive/93b10c338703a5989e6a85f63f53f80fe0da703bb373c65cdccbc00c110fb1c0_1_2.pt	32x6	0.01216	363.785553	Grasp toothbrush at its handle.	31
e287dbb368b047369f6ed520ce965edba92e4a28661c9897746b51bbe7da6965_0_2	e287dbb368b047369f6ed520ce965edba92e4a28661c9897746b51bbe7da6965	0	2	/mnt/data/grasp-anything-lgd/data/processed/grasp-anything-pp/grasp_instructions/grasp_instructions/e287dbb368b047369f6ed520ce965edba92e4a28661c9897746b51bbe7da6965_0_2.pkl	/mnt/data/grasp-anything-lgd/data/processed/grasp-anything-pp/grasp_label_positive/grasp_label_positive/e287dbb368b047369f6ed520ce965edba92e4a28661c9897746b51bbe7da6965_0_2.pt	13x6	0.027801	366.404785	Pick up pen by its cap.	23
16dc6947d66f56b4bae9300aa89cecaab34992b493ec9cfd7e6a4229c1e26c96_3_0	16dc6947d66f56b4bae9300aa89cecaab34992b493ec9cfd7e6a4229c1e26c96	3	0	/mnt/data/grasp-anything-lgd/data/processed/grasp-anything-pp/grasp_instructions/grasp_instructions/16dc6947d66f56b4bae9300aa89cecaab34992b493ec9cfd7e6a4229c1e26c96_3_0.pkl	/mnt/data/grasp-anything-lgd/data/processed/grasp-anything-pp/grasp_label_positive/grasp_label_positive/16dc6947d66f56b4bae9300aa89cecaab34992b493ec9cfd7e6a4229c1e26c96_3_0.pt	5x6	0.073848	304.690125	Hold duck at its feathers.	26
8d337ca4be5eae01e90607667fe6ab3d8fdb0696048fb91e17dae40501d19702_0_2	8d337ca4be5eae01e90607667fe6ab3d8fdb0696048fb91e17dae40501d19702	0	2	/mnt/data/grasp-anything-lgd/data/processed/grasp-anything-pp/grasp_instructions/grasp_instructions/8d337ca4be5eae01e90607667fe6ab3d8fdb0696048fb91e17dae40501d19702_0_2.pkl	/mnt/data/grasp-anything-lgd/data/processed/grasp-anything-pp/grasp_label_positive/grasp_label_positive/8d337ca4be5eae01e90607667fe6ab3d8fdb0696048fb91e17dae40501d19702_0_2.pt	1x6	0.20503	208.548599	Fetch apple by its seeds.	25
81fd76b9f765a3391018556437f92e6bf74219feb79fe065daa849650d96bd41_2_1	81fd76b9f765a3391018556437f92e6bf74219feb79fe065daa849650d96bd41	2	1	/mnt/data/grasp-anything-lgd/data/processed/grasp-anything-pp/grasp_instructions/grasp_instructions/81fd76b9f765a3391018556437f92e6bf74219feb79fe065daa849650d96bd41_2_1.pkl	/mnt/data/grasp-anything-lgd/data/processed/grasp-anything-pp/grasp_label_positive/grasp_label_positive/81fd76b9f765a3391018556437f92e6bf74219feb79fe065daa849650d96bd41_2_1.pt	13x6	0.025913	366.757141	Grasp key at its notches.	25
65673b5f7cefeb6cacf531bcc601d736db0b277fc5064613864da9c7397a709a_1_1	65673b5f7cefeb6cacf531bcc601d736db0b277fc5064613864da9c7397a709a	1	1	/mnt/data/grasp-anything-lgd/data/processed/grasp-anything-pp/grasp_instructions/grasp_instructions/65673b5f7cefeb6cacf531bcc601d736db0b277fc5064613864da9c7397a709a_1_1.pkl	/mnt/data/grasp-anything-lgd/data/processed/grasp-anything-pp/grasp_label_positive/grasp_label_positive/65673b5f7cefeb6cacf531bcc601d736db0b277fc5064613864da9c7397a709a_1_1.pt	3x6	0.018591	203.774399	Fetch hairpin by its design.	28
4856bbf523633a2f13d348251b075c085086ddbdfbe63e0e571974d00942a3ac_0_3	4856bbf523633a2f13d348251b075c085086ddbdfbe63e0e571974d00942a3ac	0	3	/mnt/data/grasp-anything-lgd/data/processed/grasp-anything-pp/grasp_instructions/grasp_instructions/4856bbf523633a2f13d348251b075c085086ddbdfbe63e0e571974d00942a3ac_0_3.pkl	/mnt/data/grasp-anything-lgd/data/processed/grasp-anything-pp/grasp_label_positive/grasp_label_positive/4856bbf523633a2f13d348251b075c085086ddbdfbe63e0e571974d00942a3ac_0_3.pt	3x6	0.081772	275.178833	Pick up apple by its stem.	26
1106c2e80031ce50c180c1d65b6ba560e8387477b1ddf30e30e15bb0d0170242_0_2	1106c2e80031ce50c180c1d65b6ba560e8387477b1ddf30e30e15bb0d0170242	0	2	/mnt/data/grasp-anything-lgd/data/processed/grasp-anything-pp/grasp_instructions/grasp_instructions/1106c2e80031ce50c180c1d65b6ba560e8387477b1ddf30e30e15bb0d0170242_0_2.pkl	/mnt/data/grasp-anything-lgd/data/processed/grasp-anything-pp/grasp_label_positive/grasp_label_positive/1106c2e80031ce50c180c1d65b6ba560e8387477b1ddf30e30e15bb0d0170242_0_2.pt	9x6	0.040398	360.597107	Hold pencil at its eraser.	26
7ecb05c112ad14d08b7adfcf35e6ef20adb04daff456c5db3deed16acbcb35fe_0_1	7ecb05c112ad14d08b7adfcf35e6ef20adb04daff456c5db3deed16acbcb35fe	0	1	/mnt/data/grasp-anything-lgd/data/processed/grasp-anything-pp/grasp_instructions/grasp_instructions/7ecb05c112ad14d08b7adfcf35e6ef20adb04daff456c5db3deed16acbcb35fe_0_1.pkl	/mnt/data/grasp-anything-lgd/data/processed/grasp-anything-pp/grasp_label_positive/grasp_label_positive/7ecb05c112ad14d08b7adfcf35e6ef20adb04daff456c5db3deed16acbcb35fe_0_1.pt	22x6	0.007295	321.689911	Lift stapler by its metal clasp.	32
f50bc0a12917cf96b1d9f81ee19527e54337d78361c521509b5c134c1397a598_1_2	f50bc0a12917cf96b1d9f81ee19527e54337d78361c521509b5c134c1397a598	1	2	/mnt/data/grasp-anything-lgd/data/processed/grasp-anything-pp/grasp_instructions/grasp_instructions/f50bc0a12917cf96b1d9f81ee19527e54337d78361c521509b5c134c1397a598_1_2.pkl	/mnt/data/grasp-anything-lgd/data/processed/grasp-anything-pp/grasp_label_positive/grasp_label_positive/f50bc0a12917cf96b1d9f81ee19527e54337d78361c521509b5c134c1397a598_1_2.pt	18x6	0.006532	385.912506	Pick up eraser by its texture.	30
f2badb10ab0f5dd78efe9024ce9c2174c604531ccd4b394285fdfe1c83bcf869_1_2	f2badb10ab0f5dd78efe9024ce9c2174c604531ccd4b394285fdfe1c83bcf869	1	2	/mnt/data/grasp-anything-lgd/data/processed/grasp-anything-pp/grasp_instructions/grasp_instructions/f2badb10ab0f5dd78efe9024ce9c2174c604531ccd4b394285fdfe1c83bcf869_1_2.pkl	/mnt/data/grasp-anything-lgd/data/processed/grasp-anything-pp/grasp_label_positive/grasp_label_positive/f2badb10ab0f5dd78efe9024ce9c2174c604531ccd4b394285fdfe1c83bcf869_1_2.pt	5x6	0.041868	230.83136	Grasp hairbrush at its grip.	28
8716bc603eb729648d881eaad6294f421eaf0a79c6c2e105a584066f07a3c157_1_2	8716bc603eb729648d881eaad6294f421eaf0a79c6c2e105a584066f07a3c157	1	2	/mnt/data/grasp-anything-lgd/data/processed/grasp-anything-pp/grasp_instructions/grasp_instructions/8716bc603eb729648d881eaad6294f421eaf0a79c6c2e105a584066f07a3c157_1_2.pkl	/mnt/data/grasp-anything-lgd/data/processed/grasp-anything-pp/grasp_label_positive/grasp_label_positive/8716bc603eb729648d881eaad6294f421eaf0a79c6c2e105a584066f07a3c157_1_2.pt	4x6	0.011726	356.991608	Hold band at its color.	23
38111b65d3874640861e8af156cbb18e095e92001fd755c41e92054b7963f90d_1_0	38111b65d3874640861e8af156cbb18e095e92001fd755c41e92054b7963f90d	1	0	/mnt/data/grasp-anything-lgd/data/processed/grasp-anything-pp/grasp_instructions/grasp_instructions/38111b65d3874640861e8af156cbb18e095e92001fd755c41e92054b7963f90d_1_0.pkl	/mnt/data/grasp-anything-lgd/data/processed/grasp-anything-pp/grasp_label_positive/grasp_label_positive/38111b65d3874640861e8af156cbb18e095e92001fd755c41e92054b7963f90d_1_0.pt	6x6	0.010385	377.193817	Grab pen on its barrel.	23
5c296499fd8057d2722905065875d41e0322c8ce1e2cefe8986d924cb3f241ef_3_1	5c296499fd8057d2722905065875d41e0322c8ce1e2cefe8986d924cb3f241ef	3	1	/mnt/data/grasp-anything-lgd/data/processed/grasp-anything-pp/grasp_instructions/grasp_instructions/5c296499fd8057d2722905065875d41e0322c8ce1e2cefe8986d924cb3f241ef_3_1.pkl	/mnt/data/grasp-anything-lgd/data/processed/grasp-anything-pp/grasp_label_positive/grasp_label_positive/5c296499fd8057d2722905065875d41e0322c8ce1e2cefe8986d924cb3f241ef_3_1.pt	32x6	0.011703	385.259247	Take hold of notebook on its pages.	35
942104eef3de6c5c5d3085b1ac13cd6c050104bbf445a875822627253b806c63_0_0	942104eef3de6c5c5d3085b1ac13cd6c050104bbf445a875822627253b806c63	0	0	/mnt/data/grasp-anything-lgd/data/processed/grasp-anything-pp/grasp_instructions/grasp_instructions/942104eef3de6c5c5d3085b1ac13cd6c050104bbf445a875822627253b806c63_0_0.pkl	/mnt/data/grasp-anything-lgd/data/processed/grasp-anything-pp/grasp_label_positive/grasp_label_positive/942104eef3de6c5c5d3085b1ac13cd6c050104bbf445a875822627253b806c63_0_0.pt	4x6	0.051896	291.590179	Take apple by its skin.	23
fa816970727b4f33fa0f55593aada20e58a36f7f06b2ba59a72705445e1de10c_2_2	fa816970727b4f33fa0f55593aada20e58a36f7f06b2ba59a72705445e1de10c	2	2	/mnt/data/grasp-anything-lgd/data/processed/grasp-anything-pp/grasp_instructions/grasp_instructions/fa816970727b4f33fa0f55593aada20e58a36f7f06b2ba59a72705445e1de10c_2_2.pkl	/mnt/data/grasp-anything-lgd/data/processed/grasp-anything-pp/grasp_label_positive/grasp_label_positive/fa816970727b4f33fa0f55593aada20e58a36f7f06b2ba59a72705445e1de10c_2_2.pt	4x6	0.048095	366.642639	Take key by its ring.	21
b8a62b557c218de0be389e2471c3de62e352b27a3d94e9c36352337b5ec96743_0_2	b8a62b557c218de0be389e2471c3de62e352b27a3d94e9c36352337b5ec96743	0	2	/mnt/data/grasp-anything-lgd/data/processed/grasp-anything-pp/grasp_instructions/grasp_instructions/b8a62b557c218de0be389e2471c3de62e352b27a3d94e9c36352337b5ec96743_0_2.pkl	/mnt/data/grasp-anything-lgd/data/processed/grasp-anything-pp/grasp_label_positive/grasp_label_positive/b8a62b557c218de0be389e2471c3de62e352b27a3d94e9c36352337b5ec96743_0_2.pt	9x6	0.016048	236.508179	Grab lipstick on its cap.	25
6a64bfef222f5a5852516a352a796c380ae0826bd33c878e404ca262dad04b5d_0_1	6a64bfef222f5a5852516a352a796c380ae0826bd33c878e404ca262dad04b5d	0	1	/mnt/data/grasp-anything-lgd/data/processed/grasp-anything-pp/grasp_instructions/grasp_instructions/6a64bfef222f5a5852516a352a796c380ae0826bd33c878e404ca262dad04b5d_0_1.pkl	/mnt/data/grasp-anything-lgd/data/processed/grasp-anything-pp/grasp_label_positive/grasp_label_positive/6a64bfef222f5a5852516a352a796c380ae0826bd33c878e404ca262dad04b5d_0_1.pt	4x6	0.054509	167.377808	Grasp spoon at its bowl-shaped.	31
9e99fb56802fc45be288ea3c24282585a7e04e8c65d42976849962ffa92ec117_1_1	9e99fb56802fc45be288ea3c24282585a7e04e8c65d42976849962ffa92ec117	1	1	/mnt/data/grasp-anything-lgd/data/processed/grasp-anything-pp/grasp_instructions/grasp_instructions/9e99fb56802fc45be288ea3c24282585a7e04e8c65d42976849962ffa92ec117_1_1.pkl	/mnt/data/grasp-anything-lgd/data/processed/grasp-anything-pp/grasp_label_positive/grasp_label_positive/9e99fb56802fc45be288ea3c24282585a7e04e8c65d42976849962ffa92ec117_1_1.pt	3x6	0.063444	378.596832	Grasp lemon at its flesh.	25
c280e2805709f44b813a6943d7d184ff4531fa0410defa9fefc5efb9eaeccef6_0_1	c280e2805709f44b813a6943d7d184ff4531fa0410defa9fefc5efb9eaeccef6	0	1	/mnt/data/grasp-anything-lgd/data/processed/grasp-anything-pp/grasp_instructions/grasp_instructions/c280e2805709f44b813a6943d7d184ff4531fa0410defa9fefc5efb9eaeccef6_0_1.pkl	/mnt/data/grasp-anything-lgd/data/processed/grasp-anything-pp/grasp_label_positive/grasp_label_positive/c280e2805709f44b813a6943d7d184ff4531fa0410defa9fefc5efb9eaeccef6_0_1.pt	10x6	0.020006	227.9729	Fetch pen by its ink or lead.	29
428be020b11fb3d1d2458b380c97ed4825e373c4c9e0298994a931169ab2b707_0_1	428be020b11fb3d1d2458b380c97ed4825e373c4c9e0298994a931169ab2b707	0	1	/mnt/data/grasp-anything-lgd/data/processed/grasp-anything-pp/grasp_instructions/grasp_instructions/428be020b11fb3d1d2458b380c97ed4825e373c4c9e0298994a931169ab2b707_0_1.pkl	/mnt/data/grasp-anything-lgd/data/processed/grasp-anything-pp/grasp_label_positive/grasp_label_positive/428be020b11fb3d1d2458b380c97ed4825e373c4c9e0298994a931169ab2b707_0_1.pt	11x6	0.03198	387.265472	Lift duck by its bill.	22
e63b2817a968337ef2723071f405e684a9173a73f5cf5f581b56b62232337b31_0_1	e63b2817a968337ef2723071f405e684a9173a73f5cf5f581b56b62232337b31	0	1	/mnt/data/grasp-anything-lgd/data/processed/grasp-anything-pp/grasp_instructions/grasp_instructions/e63b2817a968337ef2723071f405e684a9173a73f5cf5f581b56b62232337b31_0_1.pkl	/mnt/data/grasp-anything-lgd/data/processed/grasp-anything-pp/grasp_label_positive/grasp_label_positive/e63b2817a968337ef2723071f405e684a9173a73f5cf5f581b56b62232337b31_0_1.pt	6x6	0.033744	384.521393	Pick up apple by its flesh.	27
16b979c45f96ef1b38bbe1df97746b1c14640567bc0e3acbd99e92e4fc3e8e64_0_1	16b979c45f96ef1b38bbe1df97746b1c14640567bc0e3acbd99e92e4fc3e8e64	0	1	/mnt/data/grasp-anything-lgd/data/processed/grasp-anything-pp/grasp_instructions/grasp_instructions/16b979c45f96ef1b38bbe1df97746b1c14640567bc0e3acbd99e92e4fc3e8e64_0_1.pkl	/mnt/data/grasp-anything-lgd/data/processed/grasp-anything-pp/grasp_label_positive/grasp_label_positive/16b979c45f96ef1b38bbe1df97746b1c14640567bc0e3acbd99e92e4fc3e8e64_0_1.pt	6x6	0.017496	214.447723	Grip spoon on its bowl-shaped.	30
9c3e5b73851632704abb2c01086b72da6b0ab643a8f57b6e1edd90e89deca1cb_0_0	9c3e5b73851632704abb2c01086b72da6b0ab643a8f57b6e1edd90e89deca1cb	0	0	/mnt/data/grasp-anything-lgd/data/processed/grasp-anything-pp/grasp_instructions/grasp_instructions/9c3e5b73851632704abb2c01086b72da6b0ab643a8f57b6e1edd90e89deca1cb_0_0.pkl	/mnt/data/grasp-anything-lgd/data/processed/grasp-anything-pp/grasp_label_positive/grasp_label_positive/9c3e5b73851632704abb2c01086b72da6b0ab643a8f57b6e1edd90e89deca1cb_0_0.pt	20x6	0.016882	324.084442	Grip pen on its barrel.	23
9b456b514e9cab7cc77f57540fe8feacc2a7ffbf4892fab66689bbf5ffdd577a_0_0	9b456b514e9cab7cc77f57540fe8feacc2a7ffbf4892fab66689bbf5ffdd577a	0	0	/mnt/data/grasp-anything-lgd/data/processed/grasp-anything-pp/grasp_instructions/grasp_instructions/9b456b514e9cab7cc77f57540fe8feacc2a7ffbf4892fab66689bbf5ffdd577a_0_0.pkl	/mnt/data/grasp-anything-lgd/data/processed/grasp-anything-pp/grasp_label_positive/grasp_label_positive/9b456b514e9cab7cc77f57540fe8feacc2a7ffbf4892fab66689bbf5ffdd577a_0_0.pt	16x6	0.024658	362.555695	Pick up spoon by its utensil.	29
ac522b923ddf2a2d5969795faff2832c30a3b42154378cac158b0b5da43c8b27_0_2	ac522b923ddf2a2d5969795faff2832c30a3b42154378cac158b0b5da43c8b27	0	2	/mnt/data/grasp-anything-lgd/data/processed/grasp-anything-pp/grasp_instructions/grasp_instructions/ac522b923ddf2a2d5969795faff2832c30a3b42154378cac158b0b5da43c8b27_0_2.pkl	/mnt/data/grasp-anything-lgd/data/processed/grasp-anything-pp/grasp_label_positive/grasp_label_positive/ac522b923ddf2a2d5969795faff2832c30a3b42154378cac158b0b5da43c8b27_0_2.pt	12x6	0.025024	259.482452	Take hold of fork on its prongs.	32
6b547b799d285bf218fbbad9f58e343825452075b9a499dc7170a2c00daa2eb0_1_1	6b547b799d285bf218fbbad9f58e343825452075b9a499dc7170a2c00daa2eb0	1	1	/mnt/data/grasp-anything-lgd/data/processed/grasp-anything-pp/grasp_instructions/grasp_instructions/6b547b799d285bf218fbbad9f58e343825452075b9a499dc7170a2c00daa2eb0_1_1.pkl	/mnt/data/grasp-anything-lgd/data/processed/grasp-anything-pp/grasp_label_positive/grasp_label_positive/6b547b799d285bf218fbbad9f58e343825452075b9a499dc7170a2c00daa2eb0_1_1.pt	11x6	0.015382	362.733154	Take hold of toothbrush on its bristles.	40
d7f2937453738ecc1ce5aa2b96f8663491abca20d5c1202e18058ae7423eb826_0_0	d7f2937453738ecc1ce5aa2b96f8663491abca20d5c1202e18058ae7423eb826	0	0	/mnt/data/grasp-anything-lgd/data/processed/grasp-anything-pp/grasp_instructions/grasp_instructions/d7f2937453738ecc1ce5aa2b96f8663491abca20d5c1202e18058ae7423eb826_0_0.pkl	/mnt/data/grasp-anything-lgd/data/processed/grasp-anything-pp/grasp_label_positive/grasp_label_positive/d7f2937453738ecc1ce5aa2b96f8663491abca20d5c1202e18058ae7423eb826_0_0.pt	19x6	0.028138	265.398102	Take pencil by its wooden or plastic.	37
d3239c285735d154ed64fe3758517e3fb5d59ab8976c6b1073b0439c149cdf59_0_2	d3239c285735d154ed64fe3758517e3fb5d59ab8976c6b1073b0439c149cdf59	0	2	/mnt/data/grasp-anything-lgd/data/processed/grasp-anything-pp/grasp_instructions/grasp_instructions/d3239c285735d154ed64fe3758517e3fb5d59ab8976c6b1073b0439c149cdf59_0_2.pkl	/mnt/data/grasp-anything-lgd/data/processed/grasp-anything-pp/grasp_label_positive/grasp_label_positive/d3239c285735d154ed64fe3758517e3fb5d59ab8976c6b1073b0439c149cdf59_0_2.pt	5x6	0.04695	364.454926	Grip pencil on its eraser.	26
55e73c20c48b50ef9734396dd3605e5685812d95f8b98160b1189df86d656190_0_0	55e73c20c48b50ef9734396dd3605e5685812d95f8b98160b1189df86d656190	0	0	/mnt/data/grasp-anything-lgd/data/processed/grasp-anything-pp/grasp_instructions/grasp_instructions/55e73c20c48b50ef9734396dd3605e5685812d95f8b98160b1189df86d656190_0_0.pkl	/mnt/data/grasp-anything-lgd/data/processed/grasp-anything-pp/grasp_label_positive/grasp_label_positive/55e73c20c48b50ef9734396dd3605e5685812d95f8b98160b1189df86d656190_0_0.pt	1x6	0.050209	206.128967	Take pencil by its wooden or plastic.	37
d211e43219ddc6a06a0cbe38bb2f012d55bdcaa18bf6aae7ac244478589ab4ff_1_1	d211e43219ddc6a06a0cbe38bb2f012d55bdcaa18bf6aae7ac244478589ab4ff	1	1	/mnt/data/grasp-anything-lgd/data/processed/grasp-anything-pp/grasp_instructions/grasp_instructions/d211e43219ddc6a06a0cbe38bb2f012d55bdcaa18bf6aae7ac244478589ab4ff_1_1.pkl	/mnt/data/grasp-anything-lgd/data/processed/grasp-anything-pp/grasp_label_positive/grasp_label_positive/d211e43219ddc6a06a0cbe38bb2f012d55bdcaa18bf6aae7ac244478589ab4ff_1_1.pt	21x6	0.019974	336.63147	Take hold of teaspoon on its measuring.	39
a94752f586e99b4577bbe19b4fcf31401be5a02b91c681c4b1f324cf9203f281_1_2	a94752f586e99b4577bbe19b4fcf31401be5a02b91c681c4b1f324cf9203f281	1	2	/mnt/data/grasp-anything-lgd/data/processed/grasp-anything-pp/grasp_instructions/grasp_instructions/a94752f586e99b4577bbe19b4fcf31401be5a02b91c681c4b1f324cf9203f281_1_2.pkl	/mnt/data/grasp-anything-lgd/data/processed/grasp-anything-pp/grasp_label_positive/grasp_label_positive/a94752f586e99b4577bbe19b4fcf31401be5a02b91c681c4b1f324cf9203f281_1_2.pt	5x6	0.033469	253.587372	Hold glasses at its arms.	25
c19e202c80a8f8c842909d388eff95b7ca746f4d6074f4b1b20a95a0e69d044a_0_0	c19e202c80a8f8c842909d388eff95b7ca746f4d6074f4b1b20a95a0e69d044a	0	0	/mnt/data/grasp-anything-lgd/data/processed/grasp-anything-pp/grasp_instructions/grasp_instructions/c19e202c80a8f8c842909d388eff95b7ca746f4d6074f4b1b20a95a0e69d044a_0_0.pkl	/mnt/data/grasp-anything-lgd/data/processed/grasp-anything-pp/grasp_label_positive/grasp_label_positive/c19e202c80a8f8c842909d388eff95b7ca746f4d6074f4b1b20a95a0e69d044a_0_0.pt	6x6	0.030429	337.63916	Grip mug on its handle.	23
f65a0f675b8adc98cd4bfcb6f44d8a05b5ab98ac06e7cd8a0b373ae87d980508_0_0	f65a0f675b8adc98cd4bfcb6f44d8a05b5ab98ac06e7cd8a0b373ae87d980508	0	0	/mnt/data/grasp-anything-lgd/data/processed/grasp-anything-pp/grasp_instructions/grasp_instructions/f65a0f675b8adc98cd4bfcb6f44d8a05b5ab98ac06e7cd8a0b373ae87d980508_0_0.pkl	/mnt/data/grasp-anything-lgd/data/processed/grasp-anything-pp/grasp_label_positive/grasp_label_positive/f65a0f675b8adc98cd4bfcb6f44d8a05b5ab98ac06e7cd8a0b373ae87d980508_0_0.pt	2x6	0.107707	167.499634	Take hold of spoon on its utensil.	34
e40c3ffcd2e28e1d234255ab446de05f1833b8e1eadc0af3f6baaba226c0074f_0_0	e40c3ffcd2e28e1d234255ab446de05f1833b8e1eadc0af3f6baaba226c0074f	0	0	/mnt/data/grasp-anything-lgd/data/processed/grasp-anything-pp/grasp_instructions/grasp_instructions/e40c3ffcd2e28e1d234255ab446de05f1833b8e1eadc0af3f6baaba226c0074f_0_0.pkl	/mnt/data/grasp-anything-lgd/data/processed/grasp-anything-pp/grasp_label_positive/grasp_label_positive/e40c3ffcd2e28e1d234255ab446de05f1833b8e1eadc0af3f6baaba226c0074f_0_0.pt	1x6	0.057211	0.951652	Pick up notebook by its cover.	30
c98fadd8911ae7b6f175ab2926be2218ba125b4810e6bcddebb29c7adfeae8f3_2_2	c98fadd8911ae7b6f175ab2926be2218ba125b4810e6bcddebb29c7adfeae8f3	2	2	/mnt/data/grasp-anything-lgd/data/processed/grasp-anything-pp/grasp_instructions/grasp_instructions/c98fadd8911ae7b6f175ab2926be2218ba125b4810e6bcddebb29c7adfeae8f3_2_2.pkl	/mnt/data/grasp-anything-lgd/data/processed/grasp-anything-pp/grasp_label_positive/grasp_label_positive/c98fadd8911ae7b6f175ab2926be2218ba125b4810e6bcddebb29c7adfeae8f3_2_2.pt	15x6	0.013987	289.367523	Fetch calculator by its solar panel.	36
9dc7a30fc70fbe97ab44e155e4998c7260eb3dd955d3c27c43023f7e2e364551_2_1	9dc7a30fc70fbe97ab44e155e4998c7260eb3dd955d3c27c43023f7e2e364551	2	1	/mnt/data/grasp-anything-lgd/data/processed/grasp-anything-pp/grasp_instructions/grasp_instructions/9dc7a30fc70fbe97ab44e155e4998c7260eb3dd955d3c27c43023f7e2e364551_2_1.pkl	/mnt/data/grasp-anything-lgd/data/processed/grasp-anything-pp/grasp_label_positive/grasp_label_positive/9dc7a30fc70fbe97ab44e155e4998c7260eb3dd955d3c27c43023f7e2e364551_2_1.pt	5x6	0.076032	291.886505	Grasp scissors at its handles.	30
69572a822364776710bf6855b489bcbc769d2e4dcd49b111f91f68d32a747e74_0_1	69572a822364776710bf6855b489bcbc769d2e4dcd49b111f91f68d32a747e74	0	1	/mnt/data/grasp-anything-lgd/data/processed/grasp-anything-pp/grasp_instructions/grasp_instructions/69572a822364776710bf6855b489bcbc769d2e4dcd49b111f91f68d32a747e74_0_1.pkl	/mnt/data/grasp-anything-lgd/data/processed/grasp-anything-pp/grasp_label_positive/grasp_label_positive/69572a822364776710bf6855b489bcbc769d2e4dcd49b111f91f68d32a747e74_0_1.pt	10x6	0.013708	323.74588	Hold mug at its rim.	20
5e6a894b6e14cf816061e31aa06c0ecd606cee89314e6f76fbc358121e88af15_1_2	5e6a894b6e14cf816061e31aa06c0ecd606cee89314e6f76fbc358121e88af15	1	2	/mnt/data/grasp-anything-lgd/data/processed/grasp-anything-pp/grasp_instructions/grasp_instructions/5e6a894b6e14cf816061e31aa06c0ecd606cee89314e6f76fbc358121e88af15_1_2.pkl	/mnt/data/grasp-anything-lgd/data/processed/grasp-anything-pp/grasp_label_positive/grasp_label_positive/5e6a894b6e14cf816061e31aa06c0ecd606cee89314e6f76fbc358121e88af15_1_2.pt	10x6	0.031718	375.402649	Lift spoon by its handle.	25
4bbd29fdf1564295abb8c1ebf9b7640b39119e67c45af84eeb4a40fb3304f6fa_0_2	4bbd29fdf1564295abb8c1ebf9b7640b39119e67c45af84eeb4a40fb3304f6fa	0	2	/mnt/data/grasp-anything-lgd/data/processed/grasp-anything-pp/grasp_instructions/grasp_instructions/4bbd29fdf1564295abb8c1ebf9b7640b39119e67c45af84eeb4a40fb3304f6fa_0_2.pkl	/mnt/data/grasp-anything-lgd/data/processed/grasp-anything-pp/grasp_label_positive/grasp_label_positive/4bbd29fdf1564295abb8c1ebf9b7640b39119e67c45af84eeb4a40fb3304f6fa_0_2.pt	20x6	0.006269	363.769501	Hold notebook at its binding.	29
bee6ad02bc6aef097e306008fc14e7f6941572248745801426d9c4a2acdb473c_0_1	bee6ad02bc6aef097e306008fc14e7f6941572248745801426d9c4a2acdb473c	0	1	/mnt/data/grasp-anything-lgd/data/processed/grasp-anything-pp/grasp_instructions/grasp_instructions/bee6ad02bc6aef097e306008fc14e7f6941572248745801426d9c4a2acdb473c_0_1.pkl	/mnt/data/grasp-anything-lgd/data/processed/grasp-anything-pp/grasp_label_positive/grasp_label_positive/bee6ad02bc6aef097e306008fc14e7f6941572248745801426d9c4a2acdb473c_0_1.pt	1x6	0.082131	298.899994	Grasp lemon at its flesh.	25
c7c4dd9599cbae8c7fe57caa20ca630d6b637646b98e4da8e9150c4938f6a79a_1_2	c7c4dd9599cbae8c7fe57caa20ca630d6b637646b98e4da8e9150c4938f6a79a	1	2	/mnt/data/grasp-anything-lgd/data/processed/grasp-anything-pp/grasp_instructions/grasp_instructions/c7c4dd9599cbae8c7fe57caa20ca630d6b637646b98e4da8e9150c4938f6a79a_1_2.pkl	/mnt/data/grasp-anything-lgd/data/processed/grasp-anything-pp/grasp_label_positive/grasp_label_positive/c7c4dd9599cbae8c7fe57caa20ca630d6b637646b98e4da8e9150c4938f6a79a_1_2.pt	6x6	0.06567	358.817993	Pick up coin by its value.	26
0f5f3693cd5c99718b0b59b968941c5f5d47a7ecdec2fb5e895f4c7c3da60b34_1_2	0f5f3693cd5c99718b0b59b968941c5f5d47a7ecdec2fb5e895f4c7c3da60b34	1	2	/mnt/data/grasp-anything-lgd/data/processed/grasp-anything-pp/grasp_instructions/grasp_instructions/0f5f3693cd5c99718b0b59b968941c5f5d47a7ecdec2fb5e895f4c7c3da60b34_1_2.pkl	/mnt/data/grasp-anything-lgd/data/processed/grasp-anything-pp/grasp_label_positive/grasp_label_positive/0f5f3693cd5c99718b0b59b968941c5f5d47a7ecdec2fb5e895f4c7c3da60b34_1_2.pt	21x6	0.013719	325.731934	Hold fork at its prongs.	24
62fbf006ce62a0c6921762b0a08161fbd2e218d08f1478554aa0f32763ab6854_0_1	62fbf006ce62a0c6921762b0a08161fbd2e218d08f1478554aa0f32763ab6854	0	1	/mnt/data/grasp-anything-lgd/data/processed/grasp-anything-pp/grasp_instructions/grasp_instructions/62fbf006ce62a0c6921762b0a08161fbd2e218d08f1478554aa0f32763ab6854_0_1.pkl	/mnt/data/grasp-anything-lgd/data/processed/grasp-anything-pp/grasp_label_positive/grasp_label_positive/62fbf006ce62a0c6921762b0a08161fbd2e218d08f1478554aa0f32763ab6854_0_1.pt	8x6	0.01917	325.817993	Grip earphones on its cables.	29
744977bedbd8a256b466ed7e9779d9408598cbdb49559a1c1a714400d179291a_0_0	744977bedbd8a256b466ed7e9779d9408598cbdb49559a1c1a714400d179291a	0	0	/mnt/data/grasp-anything-lgd/data/processed/grasp-anything-pp/grasp_instructions/grasp_instructions/744977bedbd8a256b466ed7e9779d9408598cbdb49559a1c1a714400d179291a_0_0.pkl	/mnt/data/grasp-anything-lgd/data/processed/grasp-anything-pp/grasp_label_positive/grasp_label_positive/744977bedbd8a256b466ed7e9779d9408598cbdb49559a1c1a714400d179291a_0_0.pt	22x6	0.012242	369.953766	Grab highlighter on its marker.	31
22d0f37018224b7d551ee6d9be74ac9145231e1c4aa1884fe87e6be4d1b2289e_1_2	22d0f37018224b7d551ee6d9be74ac9145231e1c4aa1884fe87e6be4d1b2289e	1	2	/mnt/data/grasp-anything-lgd/data/processed/grasp-anything-pp/grasp_instructions/grasp_instructions/22d0f37018224b7d551ee6d9be74ac9145231e1c4aa1884fe87e6be4d1b2289e_1_2.pkl	/mnt/data/grasp-anything-lgd/data/processed/grasp-anything-pp/grasp_label_positive/grasp_label_positive/22d0f37018224b7d551ee6d9be74ac9145231e1c4aa1884fe87e6be4d1b2289e_1_2.pt	11x6	0.025209	329.13266	Grasp pen at its cap.	21
67d077686fa4b2b33d218c0dc39561ef3ea71a69ae4b660a776bb0b595081904_0_2	67d077686fa4b2b33d218c0dc39561ef3ea71a69ae4b660a776bb0b595081904	0	2	/mnt/data/grasp-anything-lgd/data/processed/grasp-anything-pp/grasp_instructions/grasp_instructions/67d077686fa4b2b33d218c0dc39561ef3ea71a69ae4b660a776bb0b595081904_0_2.pkl	/mnt/data/grasp-anything-lgd/data/processed/grasp-anything-pp/grasp_label_positive/grasp_label_positive/67d077686fa4b2b33d218c0dc39561ef3ea71a69ae4b660a776bb0b595081904_0_2.pt	5x6	0.021173	233.752289	Lift pen by its cap.	20
0103a84d089f725f59b9887113bdf47af51e8e0f6b7755e2d873f03ff16c93d6_1_1	0103a84d089f725f59b9887113bdf47af51e8e0f6b7755e2d873f03ff16c93d6	1	1	/mnt/data/grasp-anything-lgd/data/processed/grasp-anything-pp/grasp_instructions/grasp_instructions/0103a84d089f725f59b9887113bdf47af51e8e0f6b7755e2d873f03ff16c93d6_1_1.pkl	/mnt/data/grasp-anything-lgd/data/processed/grasp-anything-pp/grasp_label_positive/grasp_label_positive/0103a84d089f725f59b9887113bdf47af51e8e0f6b7755e2d873f03ff16c93d6_1_1.pt	1x6	0.120835	310.936554	Pick up wallet by its compartments.	35
df7948daf137d658af4e0b062250bc4bc49564034393ea60e6184ce8acd88c64_2_2	df7948daf137d658af4e0b062250bc4bc49564034393ea60e6184ce8acd88c64	2	2	/mnt/data/grasp-anything-lgd/data/processed/grasp-anything-pp/grasp_instructions/grasp_instructions/df7948daf137d658af4e0b062250bc4bc49564034393ea60e6184ce8acd88c64_2_2.pkl	/mnt/data/grasp-anything-lgd/data/processed/grasp-anything-pp/grasp_label_positive/grasp_label_positive/df7948daf137d658af4e0b062250bc4bc49564034393ea60e6184ce8acd88c64_2_2.pt	11x6	0.021696	369.579193	Grasp paperclip at its clipping ends.	37
04ac88494b0b08b232734d92275dd9117a7914ec68647fd83149b14b524d895a_0_0	04ac88494b0b08b232734d92275dd9117a7914ec68647fd83149b14b524d895a	0	0	/mnt/data/grasp-anything-lgd/data/processed/grasp-anything-pp/grasp_instructions/grasp_instructions/04ac88494b0b08b232734d92275dd9117a7914ec68647fd83149b14b524d895a_0_0.pkl	/mnt/data/grasp-anything-lgd/data/processed/grasp-anything-pp/grasp_label_positive/grasp_label_positive/04ac88494b0b08b232734d92275dd9117a7914ec68647fd83149b14b524d895a_0_0.pt	1x6	0.018934	195.984863	Take hold of spoon on its utensil.	34
da228e35e94b80fec8ff7ad865ac758622427d7f6848b772342f0f30843cbfea_0_2	da228e35e94b80fec8ff7ad865ac758622427d7f6848b772342f0f30843cbfea	0	2	/mnt/data/grasp-anything-lgd/data/processed/grasp-anything-pp/grasp_instructions/grasp_instructions/da228e35e94b80fec8ff7ad865ac758622427d7f6848b772342f0f30843cbfea_0_2.pkl	/mnt/data/grasp-anything-lgd/data/processed/grasp-anything-pp/grasp_label_positive/grasp_label_positive/da228e35e94b80fec8ff7ad865ac758622427d7f6848b772342f0f30843cbfea_0_2.pt	4x6	0.124109	293.137146	Take apple by its seeds.	24
d8c7585dc338529dd0aa662ad1ee5bce66cf43f9573874ab4515a7794ca8ebf6_2_1	d8c7585dc338529dd0aa662ad1ee5bce66cf43f9573874ab4515a7794ca8ebf6	2	1	/mnt/data/grasp-anything-lgd/data/processed/grasp-anything-pp/grasp_instructions/grasp_instructions/d8c7585dc338529dd0aa662ad1ee5bce66cf43f9573874ab4515a7794ca8ebf6_2_1.pkl	/mnt/data/grasp-anything-lgd/data/processed/grasp-anything-pp/grasp_label_positive/grasp_label_positive/d8c7585dc338529dd0aa662ad1ee5bce66cf43f9573874ab4515a7794ca8ebf6_2_1.pt	4x6	0.105652	386.701355	Take key by its notches.	24
d0274c0634c27b4bc6b0b23841d0f0a4b0a7d7b927e979b627d2b5c57e6bb256_0_0	d0274c0634c27b4bc6b0b23841d0f0a4b0a7d7b927e979b627d2b5c57e6bb256	0	0	/mnt/data/grasp-anything-lgd/data/processed/grasp-anything-pp/grasp_instructions/grasp_instructions/d0274c0634c27b4bc6b0b23841d0f0a4b0a7d7b927e979b627d2b5c57e6bb256_0_0.pkl	/mnt/data/grasp-anything-lgd/data/processed/grasp-anything-pp/grasp_label_positive/grasp_label_positive/d0274c0634c27b4bc6b0b23841d0f0a4b0a7d7b927e979b627d2b5c57e6bb256_0_0.pt	12x6	0.027155	297.653351	Grasp mug at its handle.	24
8df577000a955a80f72a9dc2d75378d44b5f14ccb6a99f08d5e91f88b7f586ad_0_2	8df577000a955a80f72a9dc2d75378d44b5f14ccb6a99f08d5e91f88b7f586ad	0	2	/mnt/data/grasp-anything-lgd/data/processed/grasp-anything-pp/grasp_instructions/grasp_instructions/8df577000a955a80f72a9dc2d75378d44b5f14ccb6a99f08d5e91f88b7f586ad_0_2.pkl	/mnt/data/grasp-anything-lgd/data/processed/grasp-anything-pp/grasp_label_positive/grasp_label_positive/8df577000a955a80f72a9dc2d75378d44b5f14ccb6a99f08d5e91f88b7f586ad_0_2.pt	1x6	0.046064	0.923297	Grip notebook on its binding.	29
f74efda6e8f8420923f3437cb40a3bad3f428338d6100df93065bf6f9fbaa6ea_2_2	f74efda6e8f8420923f3437cb40a3bad3f428338d6100df93065bf6f9fbaa6ea	2	2	/mnt/data/grasp-anything-lgd/data/processed/grasp-anything-pp/grasp_instructions/grasp_instructions/f74efda6e8f8420923f3437cb40a3bad3f428338d6100df93065bf6f9fbaa6ea_2_2.pkl	/mnt/data/grasp-anything-lgd/data/processed/grasp-anything-pp/grasp_label_positive/grasp_label_positive/f74efda6e8f8420923f3437cb40a3bad3f428338d6100df93065bf6f9fbaa6ea_2_2.pt	6x6	0.017785	302.978394	Grip clip on its clamping ends.	31
f8b30c10fe5ffa1efd2d9635dbe3c3ddbb383d885e8d1454d4ca2f9163f78d84_2_1	f8b30c10fe5ffa1efd2d9635dbe3c3ddbb383d885e8d1454d4ca2f9163f78d84	2	1	/mnt/data/grasp-anything-lgd/data/processed/grasp-anything-pp/grasp_instructions/grasp_instructions/f8b30c10fe5ffa1efd2d9635dbe3c3ddbb383d885e8d1454d4ca2f9163f78d84_2_1.pkl	/mnt/data/grasp-anything-lgd/data/processed/grasp-anything-pp/grasp_label_positive/grasp_label_positive/f8b30c10fe5ffa1efd2d9635dbe3c3ddbb383d885e8d1454d4ca2f9163f78d84_2_1.pt	8x6	0.013859	355.875885	Take pen by its ink or lead.	28
b763b08f037a9795004777b1af301d74c12743de8c3a7a280b05678d9413c2fd_0_2	b763b08f037a9795004777b1af301d74c12743de8c3a7a280b05678d9413c2fd	0	2	/mnt/data/grasp-anything-lgd/data/processed/grasp-anything-pp/grasp_instructions/grasp_instructions/b763b08f037a9795004777b1af301d74c12743de8c3a7a280b05678d9413c2fd_0_2.pkl	/mnt/data/grasp-anything-lgd/data/processed/grasp-anything-pp/grasp_label_positive/grasp_label_positive/b763b08f037a9795004777b1af301d74c12743de8c3a7a280b05678d9413c2fd_0_2.pt	9x6	0.090975	288.573944	Lift marker by its cap.	23
5cdc76ed535805556d209398c0f9b7eae094d76f41b9f1cc5e3b032a1e6def80_0_0	5cdc76ed535805556d209398c0f9b7eae094d76f41b9f1cc5e3b032a1e6def80	0	0	/mnt/data/grasp-anything-lgd/data/processed/grasp-anything-pp/grasp_instructions/grasp_instructions/5cdc76ed535805556d209398c0f9b7eae094d76f41b9f1cc5e3b032a1e6def80_0_0.pkl	/mnt/data/grasp-anything-lgd/data/processed/grasp-anything-pp/grasp_label_positive/grasp_label_positive/5cdc76ed535805556d209398c0f9b7eae094d76f41b9f1cc5e3b032a1e6def80_0_0.pt	8x6	0.083404	295.396118	Take hold of ball on its round shape.	37
e48f0a7c262e942265ef70a8305d597cb4cd886bd7043f3006a13a3fa2ab48a7_1_2	e48f0a7c262e942265ef70a8305d597cb4cd886bd7043f3006a13a3fa2ab48a7	1	2	/mnt/data/grasp-anything-lgd/data/processed/grasp-anything-pp/grasp_instructions/grasp_instructions/e48f0a7c262e942265ef70a8305d597cb4cd886bd7043f3006a13a3fa2ab48a7_1_2.pkl	/mnt/data/grasp-anything-lgd/data/processed/grasp-anything-pp/grasp_label_positive/grasp_label_positive/e48f0a7c262e942265ef70a8305d597cb4cd886bd7043f3006a13a3fa2ab48a7_1_2.pt	3x6	0.015085	216.767212	Grasp lock at its shackle.	26
ff34a7e9e11f22fde925cc17cc00b0293e54fe55691f8435eff8ea088aa3894c_1_2	ff34a7e9e11f22fde925cc17cc00b0293e54fe55691f8435eff8ea088aa3894c	1	2	/mnt/data/grasp-anything-lgd/data/processed/grasp-anything-pp/grasp_instructions/grasp_instructions/ff34a7e9e11f22fde925cc17cc00b0293e54fe55691f8435eff8ea088aa3894c_1_2.pkl	/mnt/data/grasp-anything-lgd/data/processed/grasp-anything-pp/grasp_label_positive/grasp_label_positive/ff34a7e9e11f22fde925cc17cc00b0293e54fe55691f8435eff8ea088aa3894c_1_2.pt	1x6	0.010835	375.140167	Hold banana at its peel.	24
2bcffec8cec178a8ae1bbaef7bcfd04ab819b29c4f72f9ee520f5f075bc09a0c_0_1	2bcffec8cec178a8ae1bbaef7bcfd04ab819b29c4f72f9ee520f5f075bc09a0c	0	1	/mnt/data/grasp-anything-lgd/data/processed/grasp-anything-pp/grasp_instructions/grasp_instructions/2bcffec8cec178a8ae1bbaef7bcfd04ab819b29c4f72f9ee520f5f075bc09a0c_0_1.pkl	/mnt/data/grasp-anything-lgd/data/processed/grasp-anything-pp/grasp_label_positive/grasp_label_positive/2bcffec8cec178a8ae1bbaef7bcfd04ab819b29c4f72f9ee520f5f075bc09a0c_0_1.pt	10x6	0.013725	387.457275	Grip spoon on its bowl-shaped.	30
04f35ddfeb69ef54a644165b483610c3df2db65b405d9c0e09927c8ceab99ce8_0_0	04f35ddfeb69ef54a644165b483610c3df2db65b405d9c0e09927c8ceab99ce8	0	0	/mnt/data/grasp-anything-lgd/data/processed/grasp-anything-pp/grasp_instructions/grasp_instructions/04f35ddfeb69ef54a644165b483610c3df2db65b405d9c0e09927c8ceab99ce8_0_0.pkl	/mnt/data/grasp-anything-lgd/data/processed/grasp-anything-pp/grasp_label_positive/grasp_label_positive/04f35ddfeb69ef54a644165b483610c3df2db65b405d9c0e09927c8ceab99ce8_0_0.pt	12x6	0.034694	362.50708	Grab dice on its cubical shape.	31
bc9e642cd21e8fa623e1afa821000525fb93585327685fdf01f7c00ec5a6b84e_0_1	bc9e642cd21e8fa623e1afa821000525fb93585327685fdf01f7c00ec5a6b84e	0	1	/mnt/data/grasp-anything-lgd/data/processed/grasp-anything-pp/grasp_instructions/grasp_instructions/bc9e642cd21e8fa623e1afa821000525fb93585327685fdf01f7c00ec5a6b84e_0_1.pkl	/mnt/data/grasp-anything-lgd/data/processed/grasp-anything-pp/grasp_label_positive/grasp_label_positive/bc9e642cd21e8fa623e1afa821000525fb93585327685fdf01f7c00ec5a6b84e_0_1.pt	15x6	0.024298	386.41983	Grasp pencil at its lead.	25
638873db677a0a38366635afdd19be3478bf264758431f9b4bcd89aa3d99b0de_0_2	638873db677a0a38366635afdd19be3478bf264758431f9b4bcd89aa3d99b0de	0	2	/mnt/data/grasp-anything-lgd/data/processed/grasp-anything-pp/grasp_instructions/grasp_instructions/638873db677a0a38366635afdd19be3478bf264758431f9b4bcd89aa3d99b0de_0_2.pkl	/mnt/data/grasp-anything-lgd/data/processed/grasp-anything-pp/grasp_label_positive/grasp_label_positive/638873db677a0a38366635afdd19be3478bf264758431f9b4bcd89aa3d99b0de_0_2.pt	11x6	0.021168	296.747467	Lift mug by its interior.	25
bb6cbc242bea01bca7bfdb922f1619ca4d42d035d42ae06c7713b57c4a332acc_0_0	bb6cbc242bea01bca7bfdb922f1619ca4d42d035d42ae06c7713b57c4a332acc	0	0	/mnt/data/grasp-anything-lgd/data/processed/grasp-anything-pp/grasp_instructions/grasp_instructions/bb6cbc242bea01bca7bfdb922f1619ca4d42d035d42ae06c7713b57c4a332acc_0_0.pkl	/mnt/data/grasp-anything-lgd/data/processed/grasp-anything-pp/grasp_label_positive/grasp_label_positive/bb6cbc242bea01bca7bfdb922f1619ca4d42d035d42ae06c7713b57c4a332acc_0_0.pt	14x6	0.018965	366.4328	Pick up key by its metal or plastic.	36
c592540d69281d5828dc369849719434962e61753ff8fad0721ddae988a16c1b_0_1	c592540d69281d5828dc369849719434962e61753ff8fad0721ddae988a16c1b	0	1	/mnt/data/grasp-anything-lgd/data/processed/grasp-anything-pp/grasp_instructions/grasp_instructions/c592540d69281d5828dc369849719434962e61753ff8fad0721ddae988a16c1b_0_1.pkl	/mnt/data/grasp-anything-lgd/data/processed/grasp-anything-pp/grasp_label_positive/grasp_label_positive/c592540d69281d5828dc369849719434962e61753ff8fad0721ddae988a16c1b_0_1.pt	10x6	0.017699	236.165405	Take smartphone by its screen.	30
de048d198759549623c9f686c0f2a1181976d3f264be29eb259b1d44c9fbb3c4_0_1	de048d198759549623c9f686c0f2a1181976d3f264be29eb259b1d44c9fbb3c4	0	1	/mnt/data/grasp-anything-lgd/data/processed/grasp-anything-pp/grasp_instructions/grasp_instructions/de048d198759549623c9f686c0f2a1181976d3f264be29eb259b1d44c9fbb3c4_0_1.pkl	/mnt/data/grasp-anything-lgd/data/processed/grasp-anything-pp/grasp_label_positive/grasp_label_positive/de048d198759549623c9f686c0f2a1181976d3f264be29eb259b1d44c9fbb3c4_0_1.pt	3x6	0.161568	265.040741	Grasp key at its notches.	25
bdf7ffff1a8f0bb97547dc63b764f894000930af77d1f0735b0f636b4a6d0874_0_3	bdf7ffff1a8f0bb97547dc63b764f894000930af77d1f0735b0f636b4a6d0874	0	3	/mnt/data/grasp-anything-lgd/data/processed/grasp-anything-pp/grasp_instructions/grasp_instructions/bdf7ffff1a8f0bb97547dc63b764f894000930af77d1f0735b0f636b4a6d0874_0_3.pkl	/mnt/data/grasp-anything-lgd/data/processed/grasp-anything-pp/grasp_label_positive/grasp_label_positive/bdf7ffff1a8f0bb97547dc63b764f894000930af77d1f0735b0f636b4a6d0874_0_3.pt	1x6	0.004119	0.800141	Grasp apple at its stem.	24
1c933dbb2f5aa45c907052062337f83dfdbf20e762b164f0569b21f33c807927_1_0	1c933dbb2f5aa45c907052062337f83dfdbf20e762b164f0569b21f33c807927	1	0	/mnt/data/grasp-anything-lgd/data/processed/grasp-anything-pp/grasp_instructions/grasp_instructions/1c933dbb2f5aa45c907052062337f83dfdbf20e762b164f0569b21f33c807927_1_0.pkl	/mnt/data/grasp-anything-lgd/data/processed/grasp-anything-pp/grasp_label_positive/grasp_label_positive/1c933dbb2f5aa45c907052062337f83dfdbf20e762b164f0569b21f33c807927_1_0.pt	28x6	0.010261	384.454041	Lift fork by its tines.	23
969ee9f0bd656ddd35df085decdd55bc20f4f0d74dd3f0585f6ed5f5d5a6a91d_2_1	969ee9f0bd656ddd35df085decdd55bc20f4f0d74dd3f0585f6ed5f5d5a6a91d	2	1	/mnt/data/grasp-anything-lgd/data/processed/grasp-anything-pp/grasp_instructions/grasp_instructions/969ee9f0bd656ddd35df085decdd55bc20f4f0d74dd3f0585f6ed5f5d5a6a91d_2_1.pkl	/mnt/data/grasp-anything-lgd/data/processed/grasp-anything-pp/grasp_label_positive/grasp_label_positive/969ee9f0bd656ddd35df085decdd55bc20f4f0d74dd3f0585f6ed5f5d5a6a91d_2_1.pt	8x6	0.02786	168.60817	Hold eraser at its shape.	25
c7d686ea9aff595a0884596064023e077c78b9fc5cd44affbeffe004e16f6a04_1_1	c7d686ea9aff595a0884596064023e077c78b9fc5cd44affbeffe004e16f6a04	1	1	/mnt/data/grasp-anything-lgd/data/processed/grasp-anything-pp/grasp_instructions/grasp_instructions/c7d686ea9aff595a0884596064023e077c78b9fc5cd44affbeffe004e16f6a04_1_1.pkl	/mnt/data/grasp-anything-lgd/data/processed/grasp-anything-pp/grasp_label_positive/grasp_label_positive/c7d686ea9aff595a0884596064023e077c78b9fc5cd44affbeffe004e16f6a04_1_1.pt	2x6	0.017413	201.253235	Pick up highlighter by its bright color.	40
3cb040cf7675679b715a9e1de01e1558b9fcae3f906f803115b9ee8116ad3417_2_1	3cb040cf7675679b715a9e1de01e1558b9fcae3f906f803115b9ee8116ad3417	2	1	/mnt/data/grasp-anything-lgd/data/processed/grasp-anything-pp/grasp_instructions/grasp_instructions/3cb040cf7675679b715a9e1de01e1558b9fcae3f906f803115b9ee8116ad3417_2_1.pkl	/mnt/data/grasp-anything-lgd/data/processed/grasp-anything-pp/grasp_label_positive/grasp_label_positive/3cb040cf7675679b715a9e1de01e1558b9fcae3f906f803115b9ee8116ad3417_2_1.pt	1x6	-0.003492	176.716431	Take hold of notebook on its pages.	35
5b3dc1d8cbaf8c7075c51b40b2151da0dc7910501f3407c98a7983d3e187f50d_3_2	5b3dc1d8cbaf8c7075c51b40b2151da0dc7910501f3407c98a7983d3e187f50d	3	2	/mnt/data/grasp-anything-lgd/data/processed/grasp-anything-pp/grasp_instructions/grasp_instructions/5b3dc1d8cbaf8c7075c51b40b2151da0dc7910501f3407c98a7983d3e187f50d_3_2.pkl	/mnt/data/grasp-anything-lgd/data/processed/grasp-anything-pp/grasp_label_positive/grasp_label_positive/5b3dc1d8cbaf8c7075c51b40b2151da0dc7910501f3407c98a7983d3e187f50d_3_2.pt	8x6	0.094248	379.097473	Take hold of pin on its shaft.	30
98c103720f0732f5e79c608d7ce43858ab87b90492615df58798f960b1aea5b6_0_0	98c103720f0732f5e79c608d7ce43858ab87b90492615df58798f960b1aea5b6	0	0	/mnt/data/grasp-anything-lgd/data/processed/grasp-anything-pp/grasp_instructions/grasp_instructions/98c103720f0732f5e79c608d7ce43858ab87b90492615df58798f960b1aea5b6_0_0.pkl	/mnt/data/grasp-anything-lgd/data/processed/grasp-anything-pp/grasp_label_positive/grasp_label_positive/98c103720f0732f5e79c608d7ce43858ab87b90492615df58798f960b1aea5b6_0_0.pt	12x6	0.016809	370.642426	Grab spoon on its utensil.	26
8637437aa5fe450b2f175e2cff0bdcec1c3924215ae8c2aea273cfcaf1c0d77b_2_2	8637437aa5fe450b2f175e2cff0bdcec1c3924215ae8c2aea273cfcaf1c0d77b	2	2	/mnt/data/grasp-anything-lgd/data/processed/grasp-anything-pp/grasp_instructions/grasp_instructions/8637437aa5fe450b2f175e2cff0bdcec1c3924215ae8c2aea273cfcaf1c0d77b_2_2.pkl	/mnt/data/grasp-anything-lgd/data/processed/grasp-anything-pp/grasp_label_positive/grasp_label_positive/8637437aa5fe450b2f175e2cff0bdcec1c3924215ae8c2aea273cfcaf1c0d77b_2_2.pt	1x6	0.057879	269.790344	Lift wallet by its closure.	27
9409e8f6d6bfdbe05a283634cd77f4e688f2a1bbf0ed47f51959e9c5959a62f3_1_3	9409e8f6d6bfdbe05a283634cd77f4e688f2a1bbf0ed47f51959e9c5959a62f3	1	3	/mnt/data/grasp-anything-lgd/data/processed/grasp-anything-pp/grasp_instructions/grasp_instructions/9409e8f6d6bfdbe05a283634cd77f4e688f2a1bbf0ed47f51959e9c5959a62f3_1_3.pkl	/mnt/data/grasp-anything-lgd/data/processed/grasp-anything-pp/grasp_label_positive/grasp_label_positive/9409e8f6d6bfdbe05a283634cd77f4e688f2a1bbf0ed47f51959e9c5959a62f3_1_3.pt	1x6	0.082027	356.182678	Fetch apple by its stem.	24
883a2005027602fdf31fc0f9294bca31e60a53c2d5fd9878ae1e9373e7a86ed9_0_2	883a2005027602fdf31fc0f9294bca31e60a53c2d5fd9878ae1e9373e7a86ed9	0	2	/mnt/data/grasp-anything-lgd/data/processed/grasp-anything-pp/grasp_instructions/grasp_instructions/883a2005027602fdf31fc0f9294bca31e60a53c2d5fd9878ae1e9373e7a86ed9_0_2.pkl	/mnt/data/grasp-anything-lgd/data/processed/grasp-anything-pp/grasp_label_positive/grasp_label_positive/883a2005027602fdf31fc0f9294bca31e60a53c2d5fd9878ae1e9373e7a86ed9_0_2.pt	4x6	0.115154	203.349838	Grip marker on its cap.	23
10592a85f689be8e10c49464f5dd26beca9b720d0ac075bdb322de5b67467e1e_1_2	10592a85f689be8e10c49464f5dd26beca9b720d0ac075bdb322de5b67467e1e	1	2	/mnt/data/grasp-anything-lgd/data/processed/grasp-anything-pp/grasp_instructions/grasp_instructions/10592a85f689be8e10c49464f5dd26beca9b720d0ac075bdb322de5b67467e1e_1_2.pkl	/mnt/data/grasp-anything-lgd/data/processed/grasp-anything-pp/grasp_label_positive/grasp_label_positive/10592a85f689be8e10c49464f5dd26beca9b720d0ac075bdb322de5b67467e1e_1_2.pt	5x6	0.068033	357.007324	Lift spoon by its handle.	25
749123c8b10b43b1841924ad61adb0a7b7e008ca99a9d79bcc0ef448954e7898_1_1	749123c8b10b43b1841924ad61adb0a7b7e008ca99a9d79bcc0ef448954e7898	1	1	/mnt/data/grasp-anything-lgd/data/processed/grasp-anything-pp/grasp_instructions/grasp_instructions/749123c8b10b43b1841924ad61adb0a7b7e008ca99a9d79bcc0ef448954e7898_1_1.pkl	/mnt/data/grasp-anything-lgd/data/processed/grasp-anything-pp/grasp_label_positive/grasp_label_positive/749123c8b10b43b1841924ad61adb0a7b7e008ca99a9d79bcc0ef448954e7898_1_1.pt	1x6	0.050465	219.04216	Fetch spoon by its bowl-shaped.	31
afcc6f31176380612c849a76c011d180bc8b7a21b57a5c47ca8a895ff9acc5df_0_1	afcc6f31176380612c849a76c011d180bc8b7a21b57a5c47ca8a895ff9acc5df	0	1	/mnt/data/grasp-anything-lgd/data/processed/grasp-anything-pp/grasp_instructions/grasp_instructions/afcc6f31176380612c849a76c011d180bc8b7a21b57a5c47ca8a895ff9acc5df_0_1.pkl	/mnt/data/grasp-anything-lgd/data/processed/grasp-anything-pp/grasp_label_positive/grasp_label_positive/afcc6f31176380612c849a76c011d180bc8b7a21b57a5c47ca8a895ff9acc5df_0_1.pt	10x6	0.040729	327.802521	Take lemon by its flesh.	24
2e2f888fc85278adfb482ac5aaa001220e63f767c5ff38acac8b0094fff014c1_1_0	2e2f888fc85278adfb482ac5aaa001220e63f767c5ff38acac8b0094fff014c1	1	0	/mnt/data/grasp-anything-lgd/data/processed/grasp-anything-pp/grasp_instructions/grasp_instructions/2e2f888fc85278adfb482ac5aaa001220e63f767c5ff38acac8b0094fff014c1_1_0.pkl	/mnt/data/grasp-anything-lgd/data/processed/grasp-anything-pp/grasp_label_positive/grasp_label_positive/2e2f888fc85278adfb482ac5aaa001220e63f767c5ff38acac8b0094fff014c1_1_0.pt	21x6	0.020065	360.439789	Grab pen on its barrel.	23
a51cbea451905e102d9758ca26a80be407d2e45c0931ee43e21a7d0e41220308_0_2	a51cbea451905e102d9758ca26a80be407d2e45c0931ee43e21a7d0e41220308	0	2	/mnt/data/grasp-anything-lgd/data/processed/grasp-anything-pp/grasp_instructions/grasp_instructions/a51cbea451905e102d9758ca26a80be407d2e45c0931ee43e21a7d0e41220308_0_2.pkl	/mnt/data/grasp-anything-lgd/data/processed/grasp-anything-pp/grasp_label_positive/grasp_label_positive/a51cbea451905e102d9758ca26a80be407d2e45c0931ee43e21a7d0e41220308_0_2.pt	17x6	0.022663	270.809967	Take hold of pliers on its pivot.	33
4227c751f8af5021389a1c6c223145e947474d640fec3c28f736c81c5d98f292_1_2	4227c751f8af5021389a1c6c223145e947474d640fec3c28f736c81c5d98f292	1	2	/mnt/data/grasp-anything-lgd/data/processed/grasp-anything-pp/grasp_instructions/grasp_instructions/4227c751f8af5021389a1c6c223145e947474d640fec3c28f736c81c5d98f292_1_2.pkl	/mnt/data/grasp-anything-lgd/data/processed/grasp-anything-pp/grasp_label_positive/grasp_label_positive/4227c751f8af5021389a1c6c223145e947474d640fec3c28f736c81c5d98f292_1_2.pt	1x6	0.103191	160.631638	Take hold of apple on its seeds.	32
6cfe7927095524befcbe33f8edca745c3f80394c05aa83d507856bbc06bc8d44_0_2	6cfe7927095524befcbe33f8edca745c3f80394c05aa83d507856bbc06bc8d44	0	2	/mnt/data/grasp-anything-lgd/data/processed/grasp-anything-pp/grasp_instructions/grasp_instructions/6cfe7927095524befcbe33f8edca745c3f80394c05aa83d507856bbc06bc8d44_0_2.pkl	/mnt/data/grasp-anything-lgd/data/processed/grasp-anything-pp/grasp_label_positive/grasp_label_positive/6cfe7927095524befcbe33f8edca745c3f80394c05aa83d507856bbc06bc8d44_0_2.pt	20x6	0.022977	387.796448	Take hold of spoon on its handle.	33
6a880ae9d507b1aa414597e7891c8d119f5ec1920ed0449b88ac19f3b6845e6d_0_2	6a880ae9d507b1aa414597e7891c8d119f5ec1920ed0449b88ac19f3b6845e6d	0	2	/mnt/data/grasp-anything-lgd/data/processed/grasp-anything-pp/grasp_instructions/grasp_instructions/6a880ae9d507b1aa414597e7891c8d119f5ec1920ed0449b88ac19f3b6845e6d_0_2.pkl	/mnt/data/grasp-anything-lgd/data/processed/grasp-anything-pp/grasp_label_positive/grasp_label_positive/6a880ae9d507b1aa414597e7891c8d119f5ec1920ed0449b88ac19f3b6845e6d_0_2.pt	1x6	0.092441	274.175354	Take key by its ring.	21
373cdd3a08498dfd3ac9d295b0f75de662c207f20161962021eb4b7c4c9683df_1_1	373cdd3a08498dfd3ac9d295b0f75de662c207f20161962021eb4b7c4c9683df	1	1	/mnt/data/grasp-anything-lgd/data/processed/grasp-anything-pp/grasp_instructions/grasp_instructions/373cdd3a08498dfd3ac9d295b0f75de662c207f20161962021eb4b7c4c9683df_1_1.pkl	/mnt/data/grasp-anything-lgd/data/processed/grasp-anything-pp/grasp_label_positive/grasp_label_positive/373cdd3a08498dfd3ac9d295b0f75de662c207f20161962021eb4b7c4c9683df_1_1.pt	4x6	0.133315	186.573105	Fetch spoon by its bowl-shaped.	31
a269a6e1baf8b983435c945553c665d43607e5c05092ea717695947dec910234_0_0	a269a6e1baf8b983435c945553c665d43607e5c05092ea717695947dec910234	0	0	/mnt/data/grasp-anything-lgd/data/processed/grasp-anything-pp/grasp_instructions/grasp_instructions/a269a6e1baf8b983435c945553c665d43607e5c05092ea717695947dec910234_0_0.pkl	/mnt/data/grasp-anything-lgd/data/processed/grasp-anything-pp/grasp_label_positive/grasp_label_positive/a269a6e1baf8b983435c945553c665d43607e5c05092ea717695947dec910234_0_0.pt	7x6	0.032518	300.510834	Grip rubber on its elastic material.	36
c9c54899cead07be5751d165f919d4a05e550e20f1d5cdbec2361d420a8f2801_0_2	c9c54899cead07be5751d165f919d4a05e550e20f1d5cdbec2361d420a8f2801	0	2	/mnt/data/grasp-anything-lgd/data/processed/grasp-anything-pp/grasp_instructions/grasp_instructions/c9c54899cead07be5751d165f919d4a05e550e20f1d5cdbec2361d420a8f2801_0_2.pkl	/mnt/data/grasp-anything-lgd/data/processed/grasp-anything-pp/grasp_label_positive/grasp_label_positive/c9c54899cead07be5751d165f919d4a05e550e20f1d5cdbec2361d420a8f2801_0_2.pt	5x6	0.069387	273.577332	Fetch ball by its bounce.	25
51ac18e96c116fb9c94a8f61d696930ec56dbb76a4a21486da6352cd82e7e3a8_0_0	51ac18e96c116fb9c94a8f61d696930ec56dbb76a4a21486da6352cd82e7e3a8	0	0	/mnt/data/grasp-anything-lgd/data/processed/grasp-anything-pp/grasp_instructions/grasp_instructions/51ac18e96c116fb9c94a8f61d696930ec56dbb76a4a21486da6352cd82e7e3a8_0_0.pkl	/mnt/data/grasp-anything-lgd/data/processed/grasp-anything-pp/grasp_label_positive/grasp_label_positive/51ac18e96c116fb9c94a8f61d696930ec56dbb76a4a21486da6352cd82e7e3a8_0_0.pt	28x6	0.015965	384.427643	Grasp pen at its barrel.	24
33feeb1980d2b113b360a0a17c68adeba9f69cd88f562c7fa36fea57bda53aa1_0_0	33feeb1980d2b113b360a0a17c68adeba9f69cd88f562c7fa36fea57bda53aa1	0	0	/mnt/data/grasp-anything-lgd/data/processed/grasp-anything-pp/grasp_instructions/grasp_instructions/33feeb1980d2b113b360a0a17c68adeba9f69cd88f562c7fa36fea57bda53aa1_0_0.pkl	/mnt/data/grasp-anything-lgd/data/processed/grasp-anything-pp/grasp_label_positive/grasp_label_positive/33feeb1980d2b113b360a0a17c68adeba9f69cd88f562c7fa36fea57bda53aa1_0_0.pt	12x6	0.015249	386.469727	Hold spoon at its utensil.	26
ea6f729a8cdaa2153ba5f8388a374395e6ec2f3d023c392c3a529ee98bd9d8df_0_2	ea6f729a8cdaa2153ba5f8388a374395e6ec2f3d023c392c3a529ee98bd9d8df	0	2	/mnt/data/grasp-anything-lgd/data/processed/grasp-anything-pp/grasp_instructions/grasp_instructions/ea6f729a8cdaa2153ba5f8388a374395e6ec2f3d023c392c3a529ee98bd9d8df_0_2.pkl	/mnt/data/grasp-anything-lgd/data/processed/grasp-anything-pp/grasp_label_positive/grasp_label_positive/ea6f729a8cdaa2153ba5f8388a374395e6ec2f3d023c392c3a529ee98bd9d8df_0_2.pt	5x6	0.04338	200.384293	Take ball by its bounce.	24
ee01e8c8b1c319b4768cdf4a49b0cc82a9b82e26a6776a9091530dc58b2ae414_1_0	ee01e8c8b1c319b4768cdf4a49b0cc82a9b82e26a6776a9091530dc58b2ae414	1	0	/mnt/data/grasp-anything-lgd/data/processed/grasp-anything-pp/grasp_instructions/grasp_instructions/ee01e8c8b1c319b4768cdf4a49b0cc82a9b82e26a6776a9091530dc58b2ae414_1_0.pkl	/mnt/data/grasp-anything-lgd/data/processed/grasp-anything-pp/grasp_label_positive/grasp_label_positive/ee01e8c8b1c319b4768cdf4a49b0cc82a9b82e26a6776a9091530dc58b2ae414_1_0.pt	1x6	0.009377	323.216644	Take fork by its tines.	23
20549ce81a9d2eb558b582a2cf82d9617ee0a560cc7257c45c684aac840e09c6_0_0	20549ce81a9d2eb558b582a2cf82d9617ee0a560cc7257c45c684aac840e09c6	0	0	/mnt/data/grasp-anything-lgd/data/processed/grasp-anything-pp/grasp_instructions/grasp_instructions/20549ce81a9d2eb558b582a2cf82d9617ee0a560cc7257c45c684aac840e09c6_0_0.pkl	/mnt/data/grasp-anything-lgd/data/processed/grasp-anything-pp/grasp_label_positive/grasp_label_positive/20549ce81a9d2eb558b582a2cf82d9617ee0a560cc7257c45c684aac840e09c6_0_0.pt	22x6	0.019562	237.440308	Hold pencil at its wooden or plastic.	37
3f63072ee3a5c5fed9a8e454232542527de6d22d3233d1128ed5037c8e423b9d_1_1	3f63072ee3a5c5fed9a8e454232542527de6d22d3233d1128ed5037c8e423b9d	1	1	/mnt/data/grasp-anything-lgd/data/processed/grasp-anything-pp/grasp_instructions/grasp_instructions/3f63072ee3a5c5fed9a8e454232542527de6d22d3233d1128ed5037c8e423b9d_1_1.pkl	/mnt/data/grasp-anything-lgd/data/processed/grasp-anything-pp/grasp_label_positive/grasp_label_positive/3f63072ee3a5c5fed9a8e454232542527de6d22d3233d1128ed5037c8e423b9d_1_1.pt	4x6	0.070087	366.540405	Grip dinosaur on its tail.	26
51990aefe17b3e6d2006b14afda844a789f36d2fe72dcb83d436a53d7173b79a_0_0	51990aefe17b3e6d2006b14afda844a789f36d2fe72dcb83d436a53d7173b79a	0	0	/mnt/data/grasp-anything-lgd/data/processed/grasp-anything-pp/grasp_instructions/grasp_instructions/51990aefe17b3e6d2006b14afda844a789f36d2fe72dcb83d436a53d7173b79a_0_0.pkl	/mnt/data/grasp-anything-lgd/data/processed/grasp-anything-pp/grasp_label_positive/grasp_label_positive/51990aefe17b3e6d2006b14afda844a789f36d2fe72dcb83d436a53d7173b79a_0_0.pt	3x6	0.015885	174.965759	Grab pencil on its wooden or plastic.	37
b6dd13b8ecd165861305e176d2f18febbb8a8c600764bc68d89e99d2f533cc39_0_2	b6dd13b8ecd165861305e176d2f18febbb8a8c600764bc68d89e99d2f533cc39	0	2	/mnt/data/grasp-anything-lgd/data/processed/grasp-anything-pp/grasp_instructions/grasp_instructions/b6dd13b8ecd165861305e176d2f18febbb8a8c600764bc68d89e99d2f533cc39_0_2.pkl	/mnt/data/grasp-anything-lgd/data/processed/grasp-anything-pp/grasp_label_positive/grasp_label_positive/b6dd13b8ecd165861305e176d2f18febbb8a8c600764bc68d89e99d2f533cc39_0_2.pt	14x6	0.010997	236.532776	Grip keychain on its keys.	26
d40d1562d031f1a778b78abc25fe2381eb288034e49b269314c3e48504dd3ef9_0_2	d40d1562d031f1a778b78abc25fe2381eb288034e49b269314c3e48504dd3ef9	0	2	/mnt/data/grasp-anything-lgd/data/processed/grasp-anything-pp/grasp_instructions/grasp_instructions/d40d1562d031f1a778b78abc25fe2381eb288034e49b269314c3e48504dd3ef9_0_2.pkl	/mnt/data/grasp-anything-lgd/data/processed/grasp-anything-pp/grasp_label_positive/grasp_label_positive/d40d1562d031f1a778b78abc25fe2381eb288034e49b269314c3e48504dd3ef9_0_2.pt	2x6	0.012129	328.371033	Lift fork by its prongs.	24
a059bcb16797bfb9c6a1a522327ac18b35f0bee98820f4109d9d689f4dfc69b0_2_0	a059bcb16797bfb9c6a1a522327ac18b35f0bee98820f4109d9d689f4dfc69b0	2	0	/mnt/data/grasp-anything-lgd/data/processed/grasp-anything-pp/grasp_instructions/grasp_instructions/a059bcb16797bfb9c6a1a522327ac18b35f0bee98820f4109d9d689f4dfc69b0_2_0.pkl	/mnt/data/grasp-anything-lgd/data/processed/grasp-anything-pp/grasp_label_positive/grasp_label_positive/a059bcb16797bfb9c6a1a522327ac18b35f0bee98820f4109d9d689f4dfc69b0_2_0.pt	14x6	0.019755	334.991821	Pick up toy by its plaything.	29
cc790c2859753d7df2b0538362db3ca6d633d8080dc16bf9b37701b8614c0dac_0_2	cc790c2859753d7df2b0538362db3ca6d633d8080dc16bf9b37701b8614c0dac	0	2	/mnt/data/grasp-anything-lgd/data/processed/grasp-anything-pp/grasp_instructions/grasp_instructions/cc790c2859753d7df2b0538362db3ca6d633d8080dc16bf9b37701b8614c0dac_0_2.pkl	/mnt/data/grasp-anything-lgd/data/processed/grasp-anything-pp/grasp_label_positive/grasp_label_positive/cc790c2859753d7df2b0538362db3ca6d633d8080dc16bf9b37701b8614c0dac_0_2.pt	6x6	0.020625	257.139435	Pick up hairbrush by its grip.	30
d56efa9509a5cece55e2d01cd796892a00c1c99e17cdb21781acda5e1188d7b5_0_1	d56efa9509a5cece55e2d01cd796892a00c1c99e17cdb21781acda5e1188d7b5	0	1	/mnt/data/grasp-anything-lgd/data/processed/grasp-anything-pp/grasp_instructions/grasp_instructions/d56efa9509a5cece55e2d01cd796892a00c1c99e17cdb21781acda5e1188d7b5_0_1.pkl	/mnt/data/grasp-anything-lgd/data/processed/grasp-anything-pp/grasp_label_positive/grasp_label_positive/d56efa9509a5cece55e2d01cd796892a00c1c99e17cdb21781acda5e1188d7b5_0_1.pt	7x6	0.047369	322.618286	Take hold of marker on its tip.	31
72c9594d62838c48d8b2dd0f8a098ec298ae1385147133be3805cfc20ac9c4c6_0_0	72c9594d62838c48d8b2dd0f8a098ec298ae1385147133be3805cfc20ac9c4c6	0	0	/mnt/data/grasp-anything-lgd/data/processed/grasp-anything-pp/grasp_instructions/grasp_instructions/72c9594d62838c48d8b2dd0f8a098ec298ae1385147133be3805cfc20ac9c4c6_0_0.pkl	/mnt/data/grasp-anything-lgd/data/processed/grasp-anything-pp/grasp_label_positive/grasp_label_positive/72c9594d62838c48d8b2dd0f8a098ec298ae1385147133be3805cfc20ac9c4c6_0_0.pt	12x6	0.036882	263.039459	Grip key on its metal or plastic.	33
5cc214840d4e2d7690d8aca75e9123ec3886f842f122242be5a5a48882af17c0_0_2	5cc214840d4e2d7690d8aca75e9123ec3886f842f122242be5a5a48882af17c0	0	2	/mnt/data/grasp-anything-lgd/data/processed/grasp-anything-pp/grasp_instructions/grasp_instructions/5cc214840d4e2d7690d8aca75e9123ec3886f842f122242be5a5a48882af17c0_0_2.pkl	/mnt/data/grasp-anything-lgd/data/processed/grasp-anything-pp/grasp_label_positive/grasp_label_positive/5cc214840d4e2d7690d8aca75e9123ec3886f842f122242be5a5a48882af17c0_0_2.pt	1x6	0.079074	205.716614	Lift stapler by its base.	25
037c757492c98d18ddacc903d359fda5b37684bb6c8df5cfa25366f6d015fcf8_1_2	037c757492c98d18ddacc903d359fda5b37684bb6c8df5cfa25366f6d015fcf8	1	2	/mnt/data/grasp-anything-lgd/data/processed/grasp-anything-pp/grasp_instructions/grasp_instructions/037c757492c98d18ddacc903d359fda5b37684bb6c8df5cfa25366f6d015fcf8_1_2.pkl	/mnt/data/grasp-anything-lgd/data/processed/grasp-anything-pp/grasp_label_positive/grasp_label_positive/037c757492c98d18ddacc903d359fda5b37684bb6c8df5cfa25366f6d015fcf8_1_2.pt	1x6	0.053894	271.516754	Grip clip on its clamping ends.	31
ba6ca8942d2d7393c52ff56559f7038787e494d5b0ffd132d2033c356dc3c0a5_0_1	ba6ca8942d2d7393c52ff56559f7038787e494d5b0ffd132d2033c356dc3c0a5	0	1	/mnt/data/grasp-anything-lgd/data/processed/grasp-anything-pp/grasp_instructions/grasp_instructions/ba6ca8942d2d7393c52ff56559f7038787e494d5b0ffd132d2033c356dc3c0a5_0_1.pkl	/mnt/data/grasp-anything-lgd/data/processed/grasp-anything-pp/grasp_label_positive/grasp_label_positive/ba6ca8942d2d7393c52ff56559f7038787e494d5b0ffd132d2033c356dc3c0a5_0_1.pt	19x6	0.017903	366.919159	Take hold of eraser on its shape.	33
59d9cc4b78e1d3f946599449f034972184870488b19db560f437929ce43bb7cb_0_2	59d9cc4b78e1d3f946599449f034972184870488b19db560f437929ce43bb7cb	0	2	/mnt/data/grasp-anything-lgd/data/processed/grasp-anything-pp/grasp_instructions/grasp_instructions/59d9cc4b78e1d3f946599449f034972184870488b19db560f437929ce43bb7cb_0_2.pkl	/mnt/data/grasp-anything-lgd/data/processed/grasp-anything-pp/grasp_label_positive/grasp_label_positive/59d9cc4b78e1d3f946599449f034972184870488b19db560f437929ce43bb7cb_0_2.pt	1x6	0.038943	233.479813	Hold lime at its seeds.	23
85c855b3a96d3ea2ae145883d5d490820e529beca9bf270cc022b9488268fda8_1_1	85c855b3a96d3ea2ae145883d5d490820e529beca9bf270cc022b9488268fda8	1	1	/mnt/data/grasp-anything-lgd/data/processed/grasp-anything-pp/grasp_instructions/grasp_instructions/85c855b3a96d3ea2ae145883d5d490820e529beca9bf270cc022b9488268fda8_1_1.pkl	/mnt/data/grasp-anything-lgd/data/processed/grasp-anything-pp/grasp_label_positive/grasp_label_positive/85c855b3a96d3ea2ae145883d5d490820e529beca9bf270cc022b9488268fda8_1_1.pt	1x6	0.069609	294.644592	Pick up duck by its bill.	25
bf41cab24d5328cb678337b7f905d58a02f384092ecf8a943d2a998c5c4beabf_1_2	bf41cab24d5328cb678337b7f905d58a02f384092ecf8a943d2a998c5c4beabf	1	2	/mnt/data/grasp-anything-lgd/data/processed/grasp-anything-pp/grasp_instructions/grasp_instructions/bf41cab24d5328cb678337b7f905d58a02f384092ecf8a943d2a998c5c4beabf_1_2.pkl	/mnt/data/grasp-anything-lgd/data/processed/grasp-anything-pp/grasp_label_positive/grasp_label_positive/bf41cab24d5328cb678337b7f905d58a02f384092ecf8a943d2a998c5c4beabf_1_2.pt	22x6	0.00919	362.901093	Lift pen by its cap.	20
10074c2c22e0e72a999b9009c29babc5411989584da0078a413e1945084a5c21_0_1	10074c2c22e0e72a999b9009c29babc5411989584da0078a413e1945084a5c21	0	1	/mnt/data/grasp-anything-lgd/data/processed/grasp-anything-pp/grasp_instructions/grasp_instructions/10074c2c22e0e72a999b9009c29babc5411989584da0078a413e1945084a5c21_0_1.pkl	/mnt/data/grasp-anything-lgd/data/processed/grasp-anything-pp/grasp_label_positive/grasp_label_positive/10074c2c22e0e72a999b9009c29babc5411989584da0078a413e1945084a5c21_0_1.pt	6x6	0.041722	179.671432	Take marker by its tip.	23
42f9023fe6b65661ab406706c17cd93e2a39fc183334990a0682630c2f1fbe44_2_2	42f9023fe6b65661ab406706c17cd93e2a39fc183334990a0682630c2f1fbe44	2	2	/mnt/data/grasp-anything-lgd/data/processed/grasp-anything-pp/grasp_instructions/grasp_instructions/42f9023fe6b65661ab406706c17cd93e2a39fc183334990a0682630c2f1fbe44_2_2.pkl	/mnt/data/grasp-anything-lgd/data/processed/grasp-anything-pp/grasp_label_positive/grasp_label_positive/42f9023fe6b65661ab406706c17cd93e2a39fc183334990a0682630c2f1fbe44_2_2.pt	4x6	0.008453	369.259308	Lift toy by its function.	25
9cd67bf1b6a58ad47a821a4b3e0859aec2a36d4436590f8e32518d9ee209e5f1_1_1	9cd67bf1b6a58ad47a821a4b3e0859aec2a36d4436590f8e32518d9ee209e5f1	1	1	/mnt/data/grasp-anything-lgd/data/processed/grasp-anything-pp/grasp_instructions/grasp_instructions/9cd67bf1b6a58ad47a821a4b3e0859aec2a36d4436590f8e32518d9ee209e5f1_1_1.pkl	/mnt/data/grasp-anything-lgd/data/processed/grasp-anything-pp/grasp_label_positive/grasp_label_positive/9cd67bf1b6a58ad47a821a4b3e0859aec2a36d4436590f8e32518d9ee209e5f1_1_1.pt	17x6	0.017522	376.738281	Lift eraser by its shape.	25
c169a435ae177a601b8e639a0ee7b84dd0e2a470f7b44501f36e7bb022c1f6a4_1_2	c169a435ae177a601b8e639a0ee7b84dd0e2a470f7b44501f36e7bb022c1f6a4	1	2	/mnt/data/grasp-anything-lgd/data/processed/grasp-anything-pp/grasp_instructions/grasp_instructions/c169a435ae177a601b8e639a0ee7b84dd0e2a470f7b44501f36e7bb022c1f6a4_1_2.pkl	/mnt/data/grasp-anything-lgd/data/processed/grasp-anything-pp/grasp_label_positive/grasp_label_positive/c169a435ae177a601b8e639a0ee7b84dd0e2a470f7b44501f36e7bb022c1f6a4_1_2.pt	4x6	0.053811	377.580536	Pick up orange by its seeds.	28
6221670a15321cb93aea476e8371870a86073c042fd6b6d434dabc01c8f11347_2_0	6221670a15321cb93aea476e8371870a86073c042fd6b6d434dabc01c8f11347	2	0	/mnt/data/grasp-anything-lgd/data/processed/grasp-anything-pp/grasp_instructions/grasp_instructions/6221670a15321cb93aea476e8371870a86073c042fd6b6d434dabc01c8f11347_2_0.pkl	/mnt/data/grasp-anything-lgd/data/processed/grasp-anything-pp/grasp_label_positive/grasp_label_positive/6221670a15321cb93aea476e8371870a86073c042fd6b6d434dabc01c8f11347_2_0.pt	20x6	0.015256	389.251099	Take pencil by its wooden or plastic.	37
8d90afca94c837e1ca373c7dc0939e19f2bb46d7d200d05809c5c14ea7a7e037_1_1	8d90afca94c837e1ca373c7dc0939e19f2bb46d7d200d05809c5c14ea7a7e037	1	1	/mnt/data/grasp-anything-lgd/data/processed/grasp-anything-pp/grasp_instructions/grasp_instructions/8d90afca94c837e1ca373c7dc0939e19f2bb46d7d200d05809c5c14ea7a7e037_1_1.pkl	/mnt/data/grasp-anything-lgd/data/processed/grasp-anything-pp/grasp_label_positive/grasp_label_positive/8d90afca94c837e1ca373c7dc0939e19f2bb46d7d200d05809c5c14ea7a7e037_1_1.pt	14x6	0.016945	331.223602	Pick up smartphone by its screen.	33
9218623d5bcb4aa67e3cb1d6b9e468f6ad1b07476a1b770736becef19a7dbf15_0_1	9218623d5bcb4aa67e3cb1d6b9e468f6ad1b07476a1b770736becef19a7dbf15	0	1	/mnt/data/grasp-anything-lgd/data/processed/grasp-anything-pp/grasp_instructions/grasp_instructions/9218623d5bcb4aa67e3cb1d6b9e468f6ad1b07476a1b770736becef19a7dbf15_0_1.pkl	/mnt/data/grasp-anything-lgd/data/processed/grasp-anything-pp/grasp_label_positive/grasp_label_positive/9218623d5bcb4aa67e3cb1d6b9e468f6ad1b07476a1b770736becef19a7dbf15_0_1.pt	5x6	0.020926	274.643494	Fetch pen by its ink or lead.	29
91e4494a8db68c03ddbdd1c4f1e38c3ab52cf3dafdc2eaa6d7ef692c5414e351_1_1	91e4494a8db68c03ddbdd1c4f1e38c3ab52cf3dafdc2eaa6d7ef692c5414e351	1	1	/mnt/data/grasp-anything-lgd/data/processed/grasp-anything-pp/grasp_instructions/grasp_instructions/91e4494a8db68c03ddbdd1c4f1e38c3ab52cf3dafdc2eaa6d7ef692c5414e351_1_1.pkl	/mnt/data/grasp-anything-lgd/data/processed/grasp-anything-pp/grasp_label_positive/grasp_label_positive/91e4494a8db68c03ddbdd1c4f1e38c3ab52cf3dafdc2eaa6d7ef692c5414e351_1_1.pt	8x6	0.024774	354.257874	Fetch glasses by its lenses.	28
840034e6c4aecd779c5299c5c66bd9dc1b517268fb6a4f6d0dd34dad9ae31169_0_1	840034e6c4aecd779c5299c5c66bd9dc1b517268fb6a4f6d0dd34dad9ae31169	0	1	/mnt/data/grasp-anything-lgd/data/processed/grasp-anything-pp/grasp_instructions/grasp_instructions/840034e6c4aecd779c5299c5c66bd9dc1b517268fb6a4f6d0dd34dad9ae31169_0_1.pkl	/mnt/data/grasp-anything-lgd/data/processed/grasp-anything-pp/grasp_label_positive/grasp_label_positive/840034e6c4aecd779c5299c5c66bd9dc1b517268fb6a4f6d0dd34dad9ae31169_0_1.pt	6x6	0.039244	233.802338	Lift ball by its material.	26
b761ae68cbebc4a6daeb41be62286e3a38ce4839054721971371b2c2ed1281c3_0_3	b761ae68cbebc4a6daeb41be62286e3a38ce4839054721971371b2c2ed1281c3	0	3	/mnt/data/grasp-anything-lgd/data/processed/grasp-anything-pp/grasp_instructions/grasp_instructions/b761ae68cbebc4a6daeb41be62286e3a38ce4839054721971371b2c2ed1281c3_0_3.pkl	/mnt/data/grasp-anything-lgd/data/processed/grasp-anything-pp/grasp_label_positive/grasp_label_positive/b761ae68cbebc4a6daeb41be62286e3a38ce4839054721971371b2c2ed1281c3_0_3.pt	1x6	-0.005334	178.153259	Grip apple on its stem.	23
04fd41cad5ee6de2fc589a9f25ec18429205849ec788d2b28ad722deb6df9cbb_0_1	04fd41cad5ee6de2fc589a9f25ec18429205849ec788d2b28ad722deb6df9cbb	0	1	/mnt/data/grasp-anything-lgd/data/processed/grasp-anything-pp/grasp_instructions/grasp_instructions/04fd41cad5ee6de2fc589a9f25ec18429205849ec788d2b28ad722deb6df9cbb_0_1.pkl	/mnt/data/grasp-anything-lgd/data/processed/grasp-anything-pp/grasp_label_positive/grasp_label_positive/04fd41cad5ee6de2fc589a9f25ec18429205849ec788d2b28ad722deb6df9cbb_0_1.pt	7x6	0.034442	269.054169	Pick up pencil by its lead.	27
61a7cce6c85938f4e87c7f8505338d8776e8b0cdb0c55d305635e887f6aac632_1_1	61a7cce6c85938f4e87c7f8505338d8776e8b0cdb0c55d305635e887f6aac632	1	1	/mnt/data/grasp-anything-lgd/data/processed/grasp-anything-pp/grasp_instructions/grasp_instructions/61a7cce6c85938f4e87c7f8505338d8776e8b0cdb0c55d305635e887f6aac632_1_1.pkl	/mnt/data/grasp-anything-lgd/data/processed/grasp-anything-pp/grasp_label_positive/grasp_label_positive/61a7cce6c85938f4e87c7f8505338d8776e8b0cdb0c55d305635e887f6aac632_1_1.pt	3x6	0.073081	376.213226	Take hold of clip on its hinge.	31
57624afca31cfa77b180ae5dd3923256c23381d34cabc297fb35260c05eff2bc_1_0	57624afca31cfa77b180ae5dd3923256c23381d34cabc297fb35260c05eff2bc	1	0	/mnt/data/grasp-anything-lgd/data/processed/grasp-anything-pp/grasp_instructions/grasp_instructions/57624afca31cfa77b180ae5dd3923256c23381d34cabc297fb35260c05eff2bc_1_0.pkl	/mnt/data/grasp-anything-lgd/data/processed/grasp-anything-pp/grasp_label_positive/grasp_label_positive/57624afca31cfa77b180ae5dd3923256c23381d34cabc297fb35260c05eff2bc_1_0.pt	4x6	0.009372	357.302704	Take hold of fork on its tines.	31
69c92fb641ea91158460576555697197f674c3c4d9af98fa5325844b0c720ef9_1_1	69c92fb641ea91158460576555697197f674c3c4d9af98fa5325844b0c720ef9	1	1	/mnt/data/grasp-anything-lgd/data/processed/grasp-anything-pp/grasp_instructions/grasp_instructions/69c92fb641ea91158460576555697197f674c3c4d9af98fa5325844b0c720ef9_1_1.pkl	/mnt/data/grasp-anything-lgd/data/processed/grasp-anything-pp/grasp_label_positive/grasp_label_positive/69c92fb641ea91158460576555697197f674c3c4d9af98fa5325844b0c720ef9_1_1.pt	21x6	0.012044	387.346283	Fetch pencil by its lead.	25
4b1c527890d1b362d0a779283be4932c0ae762fc52ab3228157d0deeb4ce9805_2_2	4b1c527890d1b362d0a779283be4932c0ae762fc52ab3228157d0deeb4ce9805	2	2	/mnt/data/grasp-anything-lgd/data/processed/grasp-anything-pp/grasp_instructions/grasp_instructions/4b1c527890d1b362d0a779283be4932c0ae762fc52ab3228157d0deeb4ce9805_2_2.pkl	/mnt/data/grasp-anything-lgd/data/processed/grasp-anything-pp/grasp_label_positive/grasp_label_positive/4b1c527890d1b362d0a779283be4932c0ae762fc52ab3228157d0deeb4ce9805_2_2.pt	18x6	0.022266	371.395844	Grab vase on its shape.	23
dd5499981dbc0d02bed28f28d3898755543ac12411bab140cf1e950e404816f9_3_1	dd5499981dbc0d02bed28f28d3898755543ac12411bab140cf1e950e404816f9	3	1	/mnt/data/grasp-anything-lgd/data/processed/grasp-anything-pp/grasp_instructions/grasp_instructions/dd5499981dbc0d02bed28f28d3898755543ac12411bab140cf1e950e404816f9_3_1.pkl	/mnt/data/grasp-anything-lgd/data/processed/grasp-anything-pp/grasp_label_positive/grasp_label_positive/dd5499981dbc0d02bed28f28d3898755543ac12411bab140cf1e950e404816f9_3_1.pt	19x6	0.018594	374.948181	Grasp ruler at its measurement markings.	40
cf06d3f62056fed9f22609c4c4e0d17f64f80a0e4811953b16a346028aa08120_0_0	cf06d3f62056fed9f22609c4c4e0d17f64f80a0e4811953b16a346028aa08120	0	0	/mnt/data/grasp-anything-lgd/data/processed/grasp-anything-pp/grasp_instructions/grasp_instructions/cf06d3f62056fed9f22609c4c4e0d17f64f80a0e4811953b16a346028aa08120_0_0.pkl	/mnt/data/grasp-anything-lgd/data/processed/grasp-anything-pp/grasp_label_positive/grasp_label_positive/cf06d3f62056fed9f22609c4c4e0d17f64f80a0e4811953b16a346028aa08120_0_0.pt	5x6	0.041977	195.729523	Lift key by its metal or plastic.	33
cacfa20ac3f2289a6e3a4a0f917ecf6afa56935abd8e443209ce1c74235ac31b_1_1	cacfa20ac3f2289a6e3a4a0f917ecf6afa56935abd8e443209ce1c74235ac31b	1	1	/mnt/data/grasp-anything-lgd/data/processed/grasp-anything-pp/grasp_instructions/grasp_instructions/cacfa20ac3f2289a6e3a4a0f917ecf6afa56935abd8e443209ce1c74235ac31b_1_1.pkl	/mnt/data/grasp-anything-lgd/data/processed/grasp-anything-pp/grasp_label_positive/grasp_label_positive/cacfa20ac3f2289a6e3a4a0f917ecf6afa56935abd8e443209ce1c74235ac31b_1_1.pt	1x6	0.017794	187.502319	Pick up keychain by its attachments.	36
000b49300d7df11ed7cc7f0e561b78383dc8648b14676a4a78bff8fe79a19037_1_0	000b49300d7df11ed7cc7f0e561b78383dc8648b14676a4a78bff8fe79a19037	1	0	/mnt/data/grasp-anything-lgd/data/processed/grasp-anything-pp/grasp_instructions/grasp_instructions/000b49300d7df11ed7cc7f0e561b78383dc8648b14676a4a78bff8fe79a19037_1_0.pkl	/mnt/data/grasp-anything-lgd/data/processed/grasp-anything-pp/grasp_label_positive/grasp_label_positive/000b49300d7df11ed7cc7f0e561b78383dc8648b14676a4a78bff8fe79a19037_1_0.pt	14x6	0.015604	388.933289	Grab pen on its barrel.	23
530ad6b064d9c6ddc97f4f226223e88ca28caeac30d14de321834dbe30c4e80a_1_0	530ad6b064d9c6ddc97f4f226223e88ca28caeac30d14de321834dbe30c4e80a	1	0	/mnt/data/grasp-anything-lgd/data/processed/grasp-anything-pp/grasp_instructions/grasp_instructions/530ad6b064d9c6ddc97f4f226223e88ca28caeac30d14de321834dbe30c4e80a_1_0.pkl	/mnt/data/grasp-anything-lgd/data/processed/grasp-anything-pp/grasp_label_positive/grasp_label_positive/530ad6b064d9c6ddc97f4f226223e88ca28caeac30d14de321834dbe30c4e80a_1_0.pt	11x6	0.060225	370.403442	Take spoon by its utensil.	26
379ec63950fe83ca612c8fdee89d3a3eee1679449d18e453c1400fbecaa66fc8_0_2	379ec63950fe83ca612c8fdee89d3a3eee1679449d18e453c1400fbecaa66fc8	0	2	/mnt/data/grasp-anything-lgd/data/processed/grasp-anything-pp/grasp_instructions/grasp_instructions/379ec63950fe83ca612c8fdee89d3a3eee1679449d18e453c1400fbecaa66fc8_0_2.pkl	/mnt/data/grasp-anything-lgd/data/processed/grasp-anything-pp/grasp_label_positive/grasp_label_positive/379ec63950fe83ca612c8fdee89d3a3eee1679449d18e453c1400fbecaa66fc8_0_2.pt	11x6	0.01139	362.688232	Grab mug on its interior.	25
bd6df52b4d1099e02ef3a291a93657907addf02e350430c9a5169c2ad3d21934_0_1	bd6df52b4d1099e02ef3a291a93657907addf02e350430c9a5169c2ad3d21934	0	1	/mnt/data/grasp-anything-lgd/data/processed/grasp-anything-pp/grasp_instructions/grasp_instructions/bd6df52b4d1099e02ef3a291a93657907addf02e350430c9a5169c2ad3d21934_0_1.pkl	/mnt/data/grasp-anything-lgd/data/processed/grasp-anything-pp/grasp_label_positive/grasp_label_positive/bd6df52b4d1099e02ef3a291a93657907addf02e350430c9a5169c2ad3d21934_0_1.pt	7x6	0.005392	356.856964	Take hold of flowers on its stems.	34
7fb41178676009d9c8054eb2cfec4f786a5286bbffc8ed0950dfb3f009c053f5_2_0	7fb41178676009d9c8054eb2cfec4f786a5286bbffc8ed0950dfb3f009c053f5	2	0	/mnt/data/grasp-anything-lgd/data/processed/grasp-anything-pp/grasp_instructions/grasp_instructions/7fb41178676009d9c8054eb2cfec4f786a5286bbffc8ed0950dfb3f009c053f5_2_0.pkl	/mnt/data/grasp-anything-lgd/data/processed/grasp-anything-pp/grasp_label_positive/grasp_label_positive/7fb41178676009d9c8054eb2cfec4f786a5286bbffc8ed0950dfb3f009c053f5_2_0.pt	1x6	0.0	217.810791	Fetch fork by its tines.	24
366574bea7b6be252a7b3d476dcb28eb6d38936e7568bc9ea8f911b5d1055d20_1_2	366574bea7b6be252a7b3d476dcb28eb6d38936e7568bc9ea8f911b5d1055d20	1	2	/mnt/data/grasp-anything-lgd/data/processed/grasp-anything-pp/grasp_instructions/grasp_instructions/366574bea7b6be252a7b3d476dcb28eb6d38936e7568bc9ea8f911b5d1055d20_1_2.pkl	/mnt/data/grasp-anything-lgd/data/processed/grasp-anything-pp/grasp_label_positive/grasp_label_positive/366574bea7b6be252a7b3d476dcb28eb6d38936e7568bc9ea8f911b5d1055d20_1_2.pt	2x6	0.018674	230.410416	Grab pencil on its eraser.	26
c00aba1e470452d645ab4f12ac70a23e1dbfe389934669746868c469b84a0eb8_1_0	c00aba1e470452d645ab4f12ac70a23e1dbfe389934669746868c469b84a0eb8	1	0	/mnt/data/grasp-anything-lgd/data/processed/grasp-anything-pp/grasp_instructions/grasp_instructions/c00aba1e470452d645ab4f12ac70a23e1dbfe389934669746868c469b84a0eb8_1_0.pkl	/mnt/data/grasp-anything-lgd/data/processed/grasp-anything-pp/grasp_label_positive/grasp_label_positive/c00aba1e470452d645ab4f12ac70a23e1dbfe389934669746868c469b84a0eb8_1_0.pt	7x6	0.011437	268.873108	Grab spoon on its utensil.	26
46f2312373e31b4b607d04cd08c9d2bcfb66cb639e1b38e1cc679f49245a3b7c_0_1	46f2312373e31b4b607d04cd08c9d2bcfb66cb639e1b38e1cc679f49245a3b7c	0	1	/mnt/data/grasp-anything-lgd/data/processed/grasp-anything-pp/grasp_instructions/grasp_instructions/46f2312373e31b4b607d04cd08c9d2bcfb66cb639e1b38e1cc679f49245a3b7c_0_1.pkl	/mnt/data/grasp-anything-lgd/data/processed/grasp-anything-pp/grasp_label_positive/grasp_label_positive/46f2312373e31b4b607d04cd08c9d2bcfb66cb639e1b38e1cc679f49245a3b7c_0_1.pt	10x6	0.038754	389.135651	Take hold of highlighter on its bright color.	45
cd79d24c903d02256bc367cfcd51ae536c735bf5aadb3fd9e0dbb3df7409e095_0_2	cd79d24c903d02256bc367cfcd51ae536c735bf5aadb3fd9e0dbb3df7409e095	0	2	/mnt/data/grasp-anything-lgd/data/processed/grasp-anything-pp/grasp_instructions/grasp_instructions/cd79d24c903d02256bc367cfcd51ae536c735bf5aadb3fd9e0dbb3df7409e095_0_2.pkl	/mnt/data/grasp-anything-lgd/data/processed/grasp-anything-pp/grasp_label_positive/grasp_label_positive/cd79d24c903d02256bc367cfcd51ae536c735bf5aadb3fd9e0dbb3df7409e095_0_2.pt	9x6	0.073406	369.639465	Grab ball on its bounce.	24
60b393cd7672dd31e75b7de044cbe2dbae71e935c11f9ab32936be33797b4fe4_0_2	60b393cd7672dd31e75b7de044cbe2dbae71e935c11f9ab32936be33797b4fe4	0	2	/mnt/data/grasp-anything-lgd/data/processed/grasp-anything-pp/grasp_instructions/grasp_instructions/60b393cd7672dd31e75b7de044cbe2dbae71e935c11f9ab32936be33797b4fe4_0_2.pkl	/mnt/data/grasp-anything-lgd/data/processed/grasp-anything-pp/grasp_label_positive/grasp_label_positive/60b393cd7672dd31e75b7de044cbe2dbae71e935c11f9ab32936be33797b4fe4_0_2.pt	4x6	0.011779	359.703094	Fetch banana by its peel.	25
1fa25597164ce0abcbaa98637cc3232153e00ce951c7d8e7c1f229afe36fa136_0_0	1fa25597164ce0abcbaa98637cc3232153e00ce951c7d8e7c1f229afe36fa136	0	0	/mnt/data/grasp-anything-lgd/data/processed/grasp-anything-pp/grasp_instructions/grasp_instructions/1fa25597164ce0abcbaa98637cc3232153e00ce951c7d8e7c1f229afe36fa136_0_0.pkl	/mnt/data/grasp-anything-lgd/data/processed/grasp-anything-pp/grasp_label_positive/grasp_label_positive/1fa25597164ce0abcbaa98637cc3232153e00ce951c7d8e7c1f229afe36fa136_0_0.pt	7x6	0.01962	336.166016	Take marker by its body.	24
b460badc9f75097d7104d15b5d744d78624468c77499d6e1138118e4d5d862ab_1_0	b460badc9f75097d7104d15b5d744d78624468c77499d6e1138118e4d5d862ab	1	0	/mnt/data/grasp-anything-lgd/data/processed/grasp-anything-pp/grasp_instructions/grasp_instructions/b460badc9f75097d7104d15b5d744d78624468c77499d6e1138118e4d5d862ab_1_0.pkl	/mnt/data/grasp-anything-lgd/data/processed/grasp-anything-pp/grasp_label_positive/grasp_label_positive/b460badc9f75097d7104d15b5d744d78624468c77499d6e1138118e4d5d862ab_1_0.pt	18x6	0.016851	361.812012	Grip pencil on its wooden or plastic.	37
38e94480ca85be5b5a3fc6351aefee1f1c2c682b8fc320622323ab9f4b1ab9d5_1_0	38e94480ca85be5b5a3fc6351aefee1f1c2c682b8fc320622323ab9f4b1ab9d5	1	0	/mnt/data/grasp-anything-lgd/data/processed/grasp-anything-pp/grasp_instructions/grasp_instructions/38e94480ca85be5b5a3fc6351aefee1f1c2c682b8fc320622323ab9f4b1ab9d5_1_0.pkl	/mnt/data/grasp-anything-lgd/data/processed/grasp-anything-pp/grasp_label_positive/grasp_label_positive/38e94480ca85be5b5a3fc6351aefee1f1c2c682b8fc320622323ab9f4b1ab9d5_1_0.pt	28x6	0.01299	385.545288	Grasp eraser at its rubber or material.	39
228b39554562ae47bdd6969c9b65f87eea0fe9c54313265a12ea13cf6479f677_0_0	228b39554562ae47bdd6969c9b65f87eea0fe9c54313265a12ea13cf6479f677	0	0	/mnt/data/grasp-anything-lgd/data/processed/grasp-anything-pp/grasp_instructions/grasp_instructions/228b39554562ae47bdd6969c9b65f87eea0fe9c54313265a12ea13cf6479f677_0_0.pkl	/mnt/data/grasp-anything-lgd/data/processed/grasp-anything-pp/grasp_label_positive/grasp_label_positive/228b39554562ae47bdd6969c9b65f87eea0fe9c54313265a12ea13cf6479f677_0_0.pt	10x6	0.023667	308.931885	Take earphones by its pair of earpieces.	40
33c050c9b35ee4bee5aea976a38bd0af3603367ed6ba685328fb217fb42afa65_0_1	33c050c9b35ee4bee5aea976a38bd0af3603367ed6ba685328fb217fb42afa65	0	1	/mnt/data/grasp-anything-lgd/data/processed/grasp-anything-pp/grasp_instructions/grasp_instructions/33c050c9b35ee4bee5aea976a38bd0af3603367ed6ba685328fb217fb42afa65_0_1.pkl	/mnt/data/grasp-anything-lgd/data/processed/grasp-anything-pp/grasp_label_positive/grasp_label_positive/33c050c9b35ee4bee5aea976a38bd0af3603367ed6ba685328fb217fb42afa65_0_1.pt	5x6	0.024777	270.070404	Take hold of key on its notches.	32
742c902642c9ed7fa6206367b527539f6815bdfc603beb31b4f1661ad6c36997_0_2	742c902642c9ed7fa6206367b527539f6815bdfc603beb31b4f1661ad6c36997	0	2	/mnt/data/grasp-anything-lgd/data/processed/grasp-anything-pp/grasp_instructions/grasp_instructions/742c902642c9ed7fa6206367b527539f6815bdfc603beb31b4f1661ad6c36997_0_2.pkl	/mnt/data/grasp-anything-lgd/data/processed/grasp-anything-pp/grasp_label_positive/grasp_label_positive/742c902642c9ed7fa6206367b527539f6815bdfc603beb31b4f1661ad6c36997_0_2.pt	11x6	0.014592	363.988678	Grab keychain on its keys.	26
4efc90ec245c9f7aae3b3eff778799214ccccc27f6a23f9d499bcbe7ada867c2_1_1	4efc90ec245c9f7aae3b3eff778799214ccccc27f6a23f9d499bcbe7ada867c2	1	1	/mnt/data/grasp-anything-lgd/data/processed/grasp-anything-pp/grasp_instructions/grasp_instructions/4efc90ec245c9f7aae3b3eff778799214ccccc27f6a23f9d499bcbe7ada867c2_1_1.pkl	/mnt/data/grasp-anything-lgd/data/processed/grasp-anything-pp/grasp_label_positive/grasp_label_positive/4efc90ec245c9f7aae3b3eff778799214ccccc27f6a23f9d499bcbe7ada867c2_1_1.pt	8x6	0.020812	263.836975	Pick up fork by its handle.	27
1760e54f4eaa130e2580500b4e72a32e9ec1786cf8ca945b89a447480a1ff52b_1_2	1760e54f4eaa130e2580500b4e72a32e9ec1786cf8ca945b89a447480a1ff52b	1	2	/mnt/data/grasp-anything-lgd/data/processed/grasp-anything-pp/grasp_instructions/grasp_instructions/1760e54f4eaa130e2580500b4e72a32e9ec1786cf8ca945b89a447480a1ff52b_1_2.pkl	/mnt/data/grasp-anything-lgd/data/processed/grasp-anything-pp/grasp_label_positive/grasp_label_positive/1760e54f4eaa130e2580500b4e72a32e9ec1786cf8ca945b89a447480a1ff52b_1_2.pt	1x6	0.013699	269.966461	Pick up highlighter by its cap.	31
fea3bedd832f7b147a4e488b72429834b608ea714cbd1a952c2b09b663f8815d_1_2	fea3bedd832f7b147a4e488b72429834b608ea714cbd1a952c2b09b663f8815d	1	2	/mnt/data/grasp-anything-lgd/data/processed/grasp-anything-pp/grasp_instructions/grasp_instructions/fea3bedd832f7b147a4e488b72429834b608ea714cbd1a952c2b09b663f8815d_1_2.pkl	/mnt/data/grasp-anything-lgd/data/processed/grasp-anything-pp/grasp_label_positive/grasp_label_positive/fea3bedd832f7b147a4e488b72429834b608ea714cbd1a952c2b09b663f8815d_1_2.pt	1x6	-0.005244	103.54287	Hold lime at its seeds.	23
1a266dc3d49a1da5d5ccc45cdce7ef9c820d7bafd0613735ab0288a9f3494637_0_2	1a266dc3d49a1da5d5ccc45cdce7ef9c820d7bafd0613735ab0288a9f3494637	0	2	/mnt/data/grasp-anything-lgd/data/processed/grasp-anything-pp/grasp_instructions/grasp_instructions/1a266dc3d49a1da5d5ccc45cdce7ef9c820d7bafd0613735ab0288a9f3494637_0_2.pkl	/mnt/data/grasp-anything-lgd/data/processed/grasp-anything-pp/grasp_label_positive/grasp_label_positive/1a266dc3d49a1da5d5ccc45cdce7ef9c820d7bafd0613735ab0288a9f3494637_0_2.pt	1x6	0.009797	269.747284	Take calculator by its solar panel.	35
10cd6efc4af451d9c0f7a936ce65bb1939cca38597f9109e1c908056e6516611_1_2	10cd6efc4af451d9c0f7a936ce65bb1939cca38597f9109e1c908056e6516611	1	2	/mnt/data/grasp-anything-lgd/data/processed/grasp-anything-pp/grasp_instructions/grasp_instructions/10cd6efc4af451d9c0f7a936ce65bb1939cca38597f9109e1c908056e6516611_1_2.pkl	/mnt/data/grasp-anything-lgd/data/processed/grasp-anything-pp/grasp_label_positive/grasp_label_positive/10cd6efc4af451d9c0f7a936ce65bb1939cca38597f9109e1c908056e6516611_1_2.pt	9x6	0.01791	372.032562	Take hold of drive on its power source.	39
fdb849cb22ae61fe06918aa34c837c719cb76c1fc5fa2b2fd797afd51b2baf3f_1_2	fdb849cb22ae61fe06918aa34c837c719cb76c1fc5fa2b2fd797afd51b2baf3f	1	2	/mnt/data/grasp-anything-lgd/data/processed/grasp-anything-pp/grasp_instructions/grasp_instructions/fdb849cb22ae61fe06918aa34c837c719cb76c1fc5fa2b2fd797afd51b2baf3f_1_2.pkl	/mnt/data/grasp-anything-lgd/data/processed/grasp-anything-pp/grasp_label_positive/grasp_label_positive/fdb849cb22ae61fe06918aa34c837c719cb76c1fc5fa2b2fd797afd51b2baf3f_1_2.pt	13x6	0.023789	232.63028	Grip eraser on its texture.	27
932aa3f7b61cfb24ffd5e20572f8401a94a7d51fc811d7d525597b59a7dd4cf2_1_2	932aa3f7b61cfb24ffd5e20572f8401a94a7d51fc811d7d525597b59a7dd4cf2	1	2	/mnt/data/grasp-anything-lgd/data/processed/grasp-anything-pp/grasp_instructions/grasp_instructions/932aa3f7b61cfb24ffd5e20572f8401a94a7d51fc811d7d525597b59a7dd4cf2_1_2.pkl	/mnt/data/grasp-anything-lgd/data/processed/grasp-anything-pp/grasp_label_positive/grasp_label_positive/932aa3f7b61cfb24ffd5e20572f8401a94a7d51fc811d7d525597b59a7dd4cf2_1_2.pt	11x6	0.022789	365.28894	Grip paperclip on its clipping ends.	36
e2ddab5e0d2b050a6a8d784eda1bc7823c04b43701faf8187657637942e54c1d_0_3	e2ddab5e0d2b050a6a8d784eda1bc7823c04b43701faf8187657637942e54c1d	0	3	/mnt/data/grasp-anything-lgd/data/processed/grasp-anything-pp/grasp_instructions/grasp_instructions/e2ddab5e0d2b050a6a8d784eda1bc7823c04b43701faf8187657637942e54c1d_0_3.pkl	/mnt/data/grasp-anything-lgd/data/processed/grasp-anything-pp/grasp_label_positive/grasp_label_positive/e2ddab5e0d2b050a6a8d784eda1bc7823c04b43701faf8187657637942e54c1d_0_3.pt	3x6	0.021696	289.632965	Grasp apple at its stem.	24
fec02b591360423f6b8240f606bffc663dc06761d81509ca879aecc955db196a_1_0	fec02b591360423f6b8240f606bffc663dc06761d81509ca879aecc955db196a	1	0	/mnt/data/grasp-anything-lgd/data/processed/grasp-anything-pp/grasp_instructions/grasp_instructions/fec02b591360423f6b8240f606bffc663dc06761d81509ca879aecc955db196a_1_0.pkl	/mnt/data/grasp-anything-lgd/data/processed/grasp-anything-pp/grasp_label_positive/grasp_label_positive/fec02b591360423f6b8240f606bffc663dc06761d81509ca879aecc955db196a_1_0.pt	2x6	0.0429	267.464874	Grip note on its paper.	23
ddae274f40a2987c96932a7a8246bacfb2249015361476f6e940079dd1492ba8_2_2	ddae274f40a2987c96932a7a8246bacfb2249015361476f6e940079dd1492ba8	2	2	/mnt/data/grasp-anything-lgd/data/processed/grasp-anything-pp/grasp_instructions/grasp_instructions/ddae274f40a2987c96932a7a8246bacfb2249015361476f6e940079dd1492ba8_2_2.pkl	/mnt/data/grasp-anything-lgd/data/processed/grasp-anything-pp/grasp_label_positive/grasp_label_positive/ddae274f40a2987c96932a7a8246bacfb2249015361476f6e940079dd1492ba8_2_2.pt	2x6	0.008604	363.648682	Fetch bowl by its base.	23
f086e98785e52589cec21feaea5e43fb888643e755dc497a98ab571db3c13471_0_2	f086e98785e52589cec21feaea5e43fb888643e755dc497a98ab571db3c13471	0	2	/mnt/data/grasp-anything-lgd/data/processed/grasp-anything-pp/grasp_instructions/grasp_instructions/f086e98785e52589cec21feaea5e43fb888643e755dc497a98ab571db3c13471_0_2.pkl	/mnt/data/grasp-anything-lgd/data/processed/grasp-anything-pp/grasp_label_positive/grasp_label_positive/f086e98785e52589cec21feaea5e43fb888643e755dc497a98ab571db3c13471_0_2.pt	1x6	0.03142	278.251038	Hold banana at its peel.	24
4ac64c28b3c230a9b9cdd981666a51a47e604451017089d52b321fbd58d0449a_1_1	4ac64c28b3c230a9b9cdd981666a51a47e604451017089d52b321fbd58d0449a	1	1	/mnt/data/grasp-anything-lgd/data/processed/grasp-anything-pp/grasp_instructions/grasp_instructions/4ac64c28b3c230a9b9cdd981666a51a47e604451017089d52b321fbd58d0449a_1_1.pkl	/mnt/data/grasp-anything-lgd/data/processed/grasp-anything-pp/grasp_label_positive/grasp_label_positive/4ac64c28b3c230a9b9cdd981666a51a47e604451017089d52b321fbd58d0449a_1_1.pt	13x6	0.025705	370.623505	Pick up clip by its hinge.	26
6f2abfa9bb287f6059298aef78c6b91e2e6ec38148a0def5367852a456fc08a8_1_1	6f2abfa9bb287f6059298aef78c6b91e2e6ec38148a0def5367852a456fc08a8	1	1	/mnt/data/grasp-anything-lgd/data/processed/grasp-anything-pp/grasp_instructions/grasp_instructions/6f2abfa9bb287f6059298aef78c6b91e2e6ec38148a0def5367852a456fc08a8_1_1.pkl	/mnt/data/grasp-anything-lgd/data/processed/grasp-anything-pp/grasp_label_positive/grasp_label_positive/6f2abfa9bb287f6059298aef78c6b91e2e6ec38148a0def5367852a456fc08a8_1_1.pt	10x6	0.095715	200.923798	Lift lime by its flesh.	23
e007d0b270164dd043ea3e1309058b171e9c5e1967f5b5a97c3bfa94beab2bc9_0_1	e007d0b270164dd043ea3e1309058b171e9c5e1967f5b5a97c3bfa94beab2bc9	0	1	/mnt/data/grasp-anything-lgd/data/processed/grasp-anything-pp/grasp_instructions/grasp_instructions/e007d0b270164dd043ea3e1309058b171e9c5e1967f5b5a97c3bfa94beab2bc9_0_1.pkl	/mnt/data/grasp-anything-lgd/data/processed/grasp-anything-pp/grasp_label_positive/grasp_label_positive/e007d0b270164dd043ea3e1309058b171e9c5e1967f5b5a97c3bfa94beab2bc9_0_1.pt	21x6	0.00506	256.826996	Take hold of pen on its ink or lead.	36
c02ea6c5abc0028528c96511b20ce078bf1d804bba3276255f1481236cc7506f_0_0	c02ea6c5abc0028528c96511b20ce078bf1d804bba3276255f1481236cc7506f	0	0	/mnt/data/grasp-anything-lgd/data/processed/grasp-anything-pp/grasp_instructions/grasp_instructions/c02ea6c5abc0028528c96511b20ce078bf1d804bba3276255f1481236cc7506f_0_0.pkl	/mnt/data/grasp-anything-lgd/data/processed/grasp-anything-pp/grasp_label_positive/grasp_label_positive/c02ea6c5abc0028528c96511b20ce078bf1d804bba3276255f1481236cc7506f_0_0.pt	2x6	0.031025	325.111176	Grab pencil on its wooden or plastic.	37
d84eac0d2780e115be3cf2d405d9aa742c60ab8a8efbafbb22855dcf23d52778_1_1	d84eac0d2780e115be3cf2d405d9aa742c60ab8a8efbafbb22855dcf23d52778	1	1	/mnt/data/grasp-anything-lgd/data/processed/grasp-anything-pp/grasp_instructions/grasp_instructions/d84eac0d2780e115be3cf2d405d9aa742c60ab8a8efbafbb22855dcf23d52778_1_1.pkl	/mnt/data/grasp-anything-lgd/data/processed/grasp-anything-pp/grasp_label_positive/grasp_label_positive/d84eac0d2780e115be3cf2d405d9aa742c60ab8a8efbafbb22855dcf23d52778_1_1.pt	2x6	0.035532	166.374985	Take duck by its bill.	22
a4233026bbd66bba83c6e78a16ac5a303772ad596cd798ec7bcd4bfe38c1d4d5_1_1	a4233026bbd66bba83c6e78a16ac5a303772ad596cd798ec7bcd4bfe38c1d4d5	1	1	/mnt/data/grasp-anything-lgd/data/processed/grasp-anything-pp/grasp_instructions/grasp_instructions/a4233026bbd66bba83c6e78a16ac5a303772ad596cd798ec7bcd4bfe38c1d4d5_1_1.pkl	/mnt/data/grasp-anything-lgd/data/processed/grasp-anything-pp/grasp_label_positive/grasp_label_positive/a4233026bbd66bba83c6e78a16ac5a303772ad596cd798ec7bcd4bfe38c1d4d5_1_1.pt	22x6	0.011457	386.361389	Grab highlighter on its bright color.	37
8d6f9c7a53b3807fa8370285ebac2a11313fa9028cf2a33f0dc494abe28c5962_1_0	8d6f9c7a53b3807fa8370285ebac2a11313fa9028cf2a33f0dc494abe28c5962	1	0	/mnt/data/grasp-anything-lgd/data/processed/grasp-anything-pp/grasp_instructions/grasp_instructions/8d6f9c7a53b3807fa8370285ebac2a11313fa9028cf2a33f0dc494abe28c5962_1_0.pkl	/mnt/data/grasp-anything-lgd/data/processed/grasp-anything-pp/grasp_label_positive/grasp_label_positive/8d6f9c7a53b3807fa8370285ebac2a11313fa9028cf2a33f0dc494abe28c5962_1_0.pt	6x6	0.005803	372.724945	Grab tweezers on its small tongs.	33
c890b53bdd1d34722d44d8740ffaf942975dd74d4b57eb784d59d3a6ae59a667_0_2	c890b53bdd1d34722d44d8740ffaf942975dd74d4b57eb784d59d3a6ae59a667	0	2	/mnt/data/grasp-anything-lgd/data/processed/grasp-anything-pp/grasp_instructions/grasp_instructions/c890b53bdd1d34722d44d8740ffaf942975dd74d4b57eb784d59d3a6ae59a667_0_2.pkl	/mnt/data/grasp-anything-lgd/data/processed/grasp-anything-pp/grasp_label_positive/grasp_label_positive/c890b53bdd1d34722d44d8740ffaf942975dd74d4b57eb784d59d3a6ae59a667_0_2.pt	6x6	0.159435	378.807922	Pick up stapler by its base.	28
f1cdb19ebccb189ce9e25c08882d6b740f962ce1b494704ff33873c6f6238650_1_1	f1cdb19ebccb189ce9e25c08882d6b740f962ce1b494704ff33873c6f6238650	1	1	/mnt/data/grasp-anything-lgd/data/processed/grasp-anything-pp/grasp_instructions/grasp_instructions/f1cdb19ebccb189ce9e25c08882d6b740f962ce1b494704ff33873c6f6238650_1_1.pkl	/mnt/data/grasp-anything-lgd/data/processed/grasp-anything-pp/grasp_label_positive/grasp_label_positive/f1cdb19ebccb189ce9e25c08882d6b740f962ce1b494704ff33873c6f6238650_1_1.pt	5x6	0.028467	300.616486	Take banana by its flesh.	25
f14da3f8b7310ca6d0b147b1fbdd36431cd30159c5622490489b2b58747494ad_1_3	f14da3f8b7310ca6d0b147b1fbdd36431cd30159c5622490489b2b58747494ad	1	3	/mnt/data/grasp-anything-lgd/data/processed/grasp-anything-pp/grasp_instructions/grasp_instructions/f14da3f8b7310ca6d0b147b1fbdd36431cd30159c5622490489b2b58747494ad_1_3.pkl	/mnt/data/grasp-anything-lgd/data/processed/grasp-anything-pp/grasp_label_positive/grasp_label_positive/f14da3f8b7310ca6d0b147b1fbdd36431cd30159c5622490489b2b58747494ad_1_3.pt	1x6	-0.004398	171.905716	Lift apple by its stem.	23
3e9fdef57a69f7cf5aa8ec74533d13cd21bab23917bac615e055678371f88f99_0_0	3e9fdef57a69f7cf5aa8ec74533d13cd21bab23917bac615e055678371f88f99	0	0	/mnt/data/grasp-anything-lgd/data/processed/grasp-anything-pp/grasp_instructions/grasp_instructions/3e9fdef57a69f7cf5aa8ec74533d13cd21bab23917bac615e055678371f88f99_0_0.pkl	/mnt/data/grasp-anything-lgd/data/processed/grasp-anything-pp/grasp_label_positive/grasp_label_positive/3e9fdef57a69f7cf5aa8ec74533d13cd21bab23917bac615e055678371f88f99_0_0.pt	10x6	0.041771	377.125061	Take pencil by its wooden or plastic.	37
c7ff3c4e8138d602eb0586d9ebc99f5ce43aa646674d9097657bc3a1d12ceab4_1_1	c7ff3c4e8138d602eb0586d9ebc99f5ce43aa646674d9097657bc3a1d12ceab4	1	1	/mnt/data/grasp-anything-lgd/data/processed/grasp-anything-pp/grasp_instructions/grasp_instructions/c7ff3c4e8138d602eb0586d9ebc99f5ce43aa646674d9097657bc3a1d12ceab4_1_1.pkl	/mnt/data/grasp-anything-lgd/data/processed/grasp-anything-pp/grasp_label_positive/grasp_label_positive/c7ff3c4e8138d602eb0586d9ebc99f5ce43aa646674d9097657bc3a1d12ceab4_1_1.pt	15x6	0.020011	373.168152	Grab fork on its handle.	24
f3871b0c1df808429f261a0950155a4936dfbcc36b928a7b3244048b1f46ac4a_1_2	f3871b0c1df808429f261a0950155a4936dfbcc36b928a7b3244048b1f46ac4a	1	2	/mnt/data/grasp-anything-lgd/data/processed/grasp-anything-pp/grasp_instructions/grasp_instructions/f3871b0c1df808429f261a0950155a4936dfbcc36b928a7b3244048b1f46ac4a_1_2.pkl	/mnt/data/grasp-anything-lgd/data/processed/grasp-anything-pp/grasp_label_positive/grasp_label_positive/f3871b0c1df808429f261a0950155a4936dfbcc36b928a7b3244048b1f46ac4a_1_2.pt	12x6	0.033222	390.247101	Grasp carrot at its top.	24
aff489fd023945011c11bc132a038bcd6e7ba2f44a195ae641a594ea36df99a8_0_2	aff489fd023945011c11bc132a038bcd6e7ba2f44a195ae641a594ea36df99a8	0	2	/mnt/data/grasp-anything-lgd/data/processed/grasp-anything-pp/grasp_instructions/grasp_instructions/aff489fd023945011c11bc132a038bcd6e7ba2f44a195ae641a594ea36df99a8_0_2.pkl	/mnt/data/grasp-anything-lgd/data/processed/grasp-anything-pp/grasp_label_positive/grasp_label_positive/aff489fd023945011c11bc132a038bcd6e7ba2f44a195ae641a594ea36df99a8_0_2.pt	2x6	0.089242	326.393738	Grasp apple at its seeds.	25
a218ce2fba9d295e850fd0562da40f839b60a2af2dd66158404c6bffb7898957_1_0	a218ce2fba9d295e850fd0562da40f839b60a2af2dd66158404c6bffb7898957	1	0	/mnt/data/grasp-anything-lgd/data/processed/grasp-anything-pp/grasp_instructions/grasp_instructions/a218ce2fba9d295e850fd0562da40f839b60a2af2dd66158404c6bffb7898957_1_0.pkl	/mnt/data/grasp-anything-lgd/data/processed/grasp-anything-pp/grasp_label_positive/grasp_label_positive/a218ce2fba9d295e850fd0562da40f839b60a2af2dd66158404c6bffb7898957_1_0.pt	9x6	0.017502	240.198975	Fetch banana by its skin.	25
55b1b82214e8bf8d4d4beddc89997e3de09dce982da1f7d34929c1496e40cec5_1_2	55b1b82214e8bf8d4d4beddc89997e3de09dce982da1f7d34929c1496e40cec5	1	2	/mnt/data/grasp-anything-lgd/data/processed/grasp-anything-pp/grasp_instructions/grasp_instructions/55b1b82214e8bf8d4d4beddc89997e3de09dce982da1f7d34929c1496e40cec5_1_2.pkl	/mnt/data/grasp-anything-lgd/data/processed/grasp-anything-pp/grasp_label_positive/grasp_label_positive/55b1b82214e8bf8d4d4beddc89997e3de09dce982da1f7d34929c1496e40cec5_1_2.pt	1x6	0.037058	356.225006	Grip flower on its blossom.	27
335ed05c1d57470911d6a463e4873664786a6822159c934fe165bdf397a695f6_0_0	335ed05c1d57470911d6a463e4873664786a6822159c934fe165bdf397a695f6	0	0	/mnt/data/grasp-anything-lgd/data/processed/grasp-anything-pp/grasp_instructions/grasp_instructions/335ed05c1d57470911d6a463e4873664786a6822159c934fe165bdf397a695f6_0_0.pkl	/mnt/data/grasp-anything-lgd/data/processed/grasp-anything-pp/grasp_label_positive/grasp_label_positive/335ed05c1d57470911d6a463e4873664786a6822159c934fe165bdf397a695f6_0_0.pt	6x6	0.070839	370.050812	Fetch pencil by its wooden or plastic.	38
d0fb5f837b256a674d051a209fe930129bc647e6bab2a43c3b828e6fb623be1c_0_3	d0fb5f837b256a674d051a209fe930129bc647e6bab2a43c3b828e6fb623be1c	0	3	/mnt/data/grasp-anything-lgd/data/processed/grasp-anything-pp/grasp_instructions/grasp_instructions/d0fb5f837b256a674d051a209fe930129bc647e6bab2a43c3b828e6fb623be1c_0_3.pkl	/mnt/data/grasp-anything-lgd/data/processed/grasp-anything-pp/grasp_label_positive/grasp_label_positive/d0fb5f837b256a674d051a209fe930129bc647e6bab2a43c3b828e6fb623be1c_0_3.pt	1x6	0.020269	0.916523	Grip apple on its stem.	23
f26752d50e3460b1f01697dc9b7bb3647bf318823df90944297a53ef73358b49_0_2	f26752d50e3460b1f01697dc9b7bb3647bf318823df90944297a53ef73358b49	0	2	/mnt/data/grasp-anything-lgd/data/processed/grasp-anything-pp/grasp_instructions/grasp_instructions/f26752d50e3460b1f01697dc9b7bb3647bf318823df90944297a53ef73358b49_0_2.pkl	/mnt/data/grasp-anything-lgd/data/processed/grasp-anything-pp/grasp_label_positive/grasp_label_positive/f26752d50e3460b1f01697dc9b7bb3647bf318823df90944297a53ef73358b49_0_2.pt	6x6	0.031105	299.947723	Pick up apple by its seeds.	27
9da5d8989c5c781860439512200480e8ace65ec43cdde63b4397eef90d68bae4_0_2	9da5d8989c5c781860439512200480e8ace65ec43cdde63b4397eef90d68bae4	0	2	/mnt/data/grasp-anything-lgd/data/processed/grasp-anything-pp/grasp_instructions/grasp_instructions/9da5d8989c5c781860439512200480e8ace65ec43cdde63b4397eef90d68bae4_0_2.pkl	/mnt/data/grasp-anything-lgd/data/processed/grasp-anything-pp/grasp_label_positive/grasp_label_positive/9da5d8989c5c781860439512200480e8ace65ec43cdde63b4397eef90d68bae4_0_2.pt	2x6	0.014224	172.96228	Hold earphones at its connectors.	33
55f236ddb61f35dbe52ff44143f999378613d73fdd058c00108f60d1f86ffb00_1_1	55f236ddb61f35dbe52ff44143f999378613d73fdd058c00108f60d1f86ffb00	1	1	/mnt/data/grasp-anything-lgd/data/processed/grasp-anything-pp/grasp_instructions/grasp_instructions/55f236ddb61f35dbe52ff44143f999378613d73fdd058c00108f60d1f86ffb00_1_1.pkl	/mnt/data/grasp-anything-lgd/data/processed/grasp-anything-pp/grasp_label_positive/grasp_label_positive/55f236ddb61f35dbe52ff44143f999378613d73fdd058c00108f60d1f86ffb00_1_1.pt	6x6	0.027181	361.578186	Hold pen at its ink or lead.	28
7737b6aa3b188ec0703eaea6f272ff87044e83c71e120630a3c233fb476c2624_0_0	7737b6aa3b188ec0703eaea6f272ff87044e83c71e120630a3c233fb476c2624	0	0	/mnt/data/grasp-anything-lgd/data/processed/grasp-anything-pp/grasp_instructions/grasp_instructions/7737b6aa3b188ec0703eaea6f272ff87044e83c71e120630a3c233fb476c2624_0_0.pkl	/mnt/data/grasp-anything-lgd/data/processed/grasp-anything-pp/grasp_label_positive/grasp_label_positive/7737b6aa3b188ec0703eaea6f272ff87044e83c71e120630a3c233fb476c2624_0_0.pt	6x6	0.083701	240.654526	Fetch ball by its round shape.	30
146a049398448b20ac217a498490954673946f8f19b4405207909a83022d9753_0_1	146a049398448b20ac217a498490954673946f8f19b4405207909a83022d9753	0	1	/mnt/data/grasp-anything-lgd/data/processed/grasp-anything-pp/grasp_instructions/grasp_instructions/146a049398448b20ac217a498490954673946f8f19b4405207909a83022d9753_0_1.pkl	/mnt/data/grasp-anything-lgd/data/processed/grasp-anything-pp/grasp_label_positive/grasp_label_positive/146a049398448b20ac217a498490954673946f8f19b4405207909a83022d9753_0_1.pt	3x6	0.126432	264.807953	Grasp mug at its rim.	21
4f9279437c832281a303905c5caa0f2504c9b91471bb082eecfa09e7ef98c6e4_0_0	4f9279437c832281a303905c5caa0f2504c9b91471bb082eecfa09e7ef98c6e4	0	0	/mnt/data/grasp-anything-lgd/data/processed/grasp-anything-pp/grasp_instructions/grasp_instructions/4f9279437c832281a303905c5caa0f2504c9b91471bb082eecfa09e7ef98c6e4_0_0.pkl	/mnt/data/grasp-anything-lgd/data/processed/grasp-anything-pp/grasp_label_positive/grasp_label_positive/4f9279437c832281a303905c5caa0f2504c9b91471bb082eecfa09e7ef98c6e4_0_0.pt	13x6	0.040805	389.96051	Take hold of apple on its skin.	31
89bb5ea49e785599653c8475d6239cf84bc40e566e748c666583a4049b565af0_0_2	89bb5ea49e785599653c8475d6239cf84bc40e566e748c666583a4049b565af0	0	2	/mnt/data/grasp-anything-lgd/data/processed/grasp-anything-pp/grasp_instructions/grasp_instructions/89bb5ea49e785599653c8475d6239cf84bc40e566e748c666583a4049b565af0_0_2.pkl	/mnt/data/grasp-anything-lgd/data/processed/grasp-anything-pp/grasp_label_positive/grasp_label_positive/89bb5ea49e785599653c8475d6239cf84bc40e566e748c666583a4049b565af0_0_2.pt	1x6	0.0	368.314941	Take banana by its peel.	24
4c9308ede19f20bacbc6af9ca02679b051962256d0a70a839cfa660e99509c24_1_1	4c9308ede19f20bacbc6af9ca02679b051962256d0a70a839cfa660e99509c24	1	1	/mnt/data/grasp-anything-lgd/data/processed/grasp-anything-pp/grasp_instructions/grasp_instructions/4c9308ede19f20bacbc6af9ca02679b051962256d0a70a839cfa660e99509c24_1_1.pkl	/mnt/data/grasp-anything-lgd/data/processed/grasp-anything-pp/grasp_label_positive/grasp_label_positive/4c9308ede19f20bacbc6af9ca02679b051962256d0a70a839cfa660e99509c24_1_1.pt	3x6	0.181444	226.732635	Hold hairbrush at its handle.	29
2648f9987424251bab7a6cfbf08ad743541ce309c9b1a109ca42a1553c1910a0_1_3	2648f9987424251bab7a6cfbf08ad743541ce309c9b1a109ca42a1553c1910a0	1	3	/mnt/data/grasp-anything-lgd/data/processed/grasp-anything-pp/grasp_instructions/grasp_instructions/2648f9987424251bab7a6cfbf08ad743541ce309c9b1a109ca42a1553c1910a0_1_3.pkl	/mnt/data/grasp-anything-lgd/data/processed/grasp-anything-pp/grasp_label_positive/grasp_label_positive/2648f9987424251bab7a6cfbf08ad743541ce309c9b1a109ca42a1553c1910a0_1_3.pt	3x6	0.040518	205.225983	Grab apple on its stem.	23
ed8a3a4efdd4f336d26519ebb8f45abefa3a5ed09e7afbd7c920334968be5291_1_2	ed8a3a4efdd4f336d26519ebb8f45abefa3a5ed09e7afbd7c920334968be5291	1	2	/mnt/data/grasp-anything-lgd/data/processed/grasp-anything-pp/grasp_instructions/grasp_instructions/ed8a3a4efdd4f336d26519ebb8f45abefa3a5ed09e7afbd7c920334968be5291_1_2.pkl	/mnt/data/grasp-anything-lgd/data/processed/grasp-anything-pp/grasp_label_positive/grasp_label_positive/ed8a3a4efdd4f336d26519ebb8f45abefa3a5ed09e7afbd7c920334968be5291_1_2.pt	3x6	0.069059	262.106262	Fetch lime by its seeds.	24
ae7a9f64d29e56fdaba71197179d39f0adf73826c589405b7bae26cefc944ec2_0_0	ae7a9f64d29e56fdaba71197179d39f0adf73826c589405b7bae26cefc944ec2	0	0	/mnt/data/grasp-anything-lgd/data/processed/grasp-anything-pp/grasp_instructions/grasp_instructions/ae7a9f64d29e56fdaba71197179d39f0adf73826c589405b7bae26cefc944ec2_0_0.pkl	/mnt/data/grasp-anything-lgd/data/processed/grasp-anything-pp/grasp_label_positive/grasp_label_positive/ae7a9f64d29e56fdaba71197179d39f0adf73826c589405b7bae26cefc944ec2_0_0.pt	19x6	0.010209	366.694885	Take hold of key on its metal or plastic.	41
d4b53b45d568005f09973bc9bd9628590c90e5388fcded5edb0e74eac2116815_1_1	d4b53b45d568005f09973bc9bd9628590c90e5388fcded5edb0e74eac2116815	1	1	/mnt/data/grasp-anything-lgd/data/processed/grasp-anything-pp/grasp_instructions/grasp_instructions/d4b53b45d568005f09973bc9bd9628590c90e5388fcded5edb0e74eac2116815_1_1.pkl	/mnt/data/grasp-anything-lgd/data/processed/grasp-anything-pp/grasp_label_positive/grasp_label_positive/d4b53b45d568005f09973bc9bd9628590c90e5388fcded5edb0e74eac2116815_1_1.pt	7x6	0.033206	385.082794	Take hold of lemon on its flesh.	32
1da1d59c53d2bd76b5a9f314efe965ea83fc035573a4f1365ba4c59be298f321_0_2	1da1d59c53d2bd76b5a9f314efe965ea83fc035573a4f1365ba4c59be298f321	0	2	/mnt/data/grasp-anything-lgd/data/processed/grasp-anything-pp/grasp_instructions/grasp_instructions/1da1d59c53d2bd76b5a9f314efe965ea83fc035573a4f1365ba4c59be298f321_0_2.pkl	/mnt/data/grasp-anything-lgd/data/processed/grasp-anything-pp/grasp_label_positive/grasp_label_positive/1da1d59c53d2bd76b5a9f314efe965ea83fc035573a4f1365ba4c59be298f321_0_2.pt	2x6	0.010218	304.838745	Take pencil by its eraser.	26
38e04e2cb6133049fdabd7a7c170eca17cb0bcda4a566faf9e09ed737f7bd23c_1_0	38e04e2cb6133049fdabd7a7c170eca17cb0bcda4a566faf9e09ed737f7bd23c	1	0	/mnt/data/grasp-anything-lgd/data/processed/grasp-anything-pp/grasp_instructions/grasp_instructions/38e04e2cb6133049fdabd7a7c170eca17cb0bcda4a566faf9e09ed737f7bd23c_1_0.pkl	/mnt/data/grasp-anything-lgd/data/processed/grasp-anything-pp/grasp_label_positive/grasp_label_positive/38e04e2cb6133049fdabd7a7c170eca17cb0bcda4a566faf9e09ed737f7bd23c_1_0.pt	1x6	0.124477	0.801409	Take hold of notepad on its paper.	34
9db005452199d017953c2a481ff3a21307d692cccf038fcd01b3219b1701ba37_1_0	9db005452199d017953c2a481ff3a21307d692cccf038fcd01b3219b1701ba37	1	0	/mnt/data/grasp-anything-lgd/data/processed/grasp-anything-pp/grasp_instructions/grasp_instructions/9db005452199d017953c2a481ff3a21307d692cccf038fcd01b3219b1701ba37_1_0.pkl	/mnt/data/grasp-anything-lgd/data/processed/grasp-anything-pp/grasp_label_positive/grasp_label_positive/9db005452199d017953c2a481ff3a21307d692cccf038fcd01b3219b1701ba37_1_0.pt	3x6	0.042008	260.867615	Hold apple at its skin.	23
ce9db6d3e9ba66f82f3624b881d9df3d070a5d8bcec782af90e31d799e59b881_0_2	ce9db6d3e9ba66f82f3624b881d9df3d070a5d8bcec782af90e31d799e59b881	0	2	/mnt/data/grasp-anything-lgd/data/processed/grasp-anything-pp/grasp_instructions/grasp_instructions/ce9db6d3e9ba66f82f3624b881d9df3d070a5d8bcec782af90e31d799e59b881_0_2.pkl	/mnt/data/grasp-anything-lgd/data/processed/grasp-anything-pp/grasp_label_positive/grasp_label_positive/ce9db6d3e9ba66f82f3624b881d9df3d070a5d8bcec782af90e31d799e59b881_0_2.pt	1x6	-0.004588	178.688904	Hold banana at its peel.	24
b746a6bba7baa1fc433a6ed06038bf1e360b47fc2eb1db32f086cda0f20d8b8b_0_2	b746a6bba7baa1fc433a6ed06038bf1e360b47fc2eb1db32f086cda0f20d8b8b	0	2	/mnt/data/grasp-anything-lgd/data/processed/grasp-anything-pp/grasp_instructions/grasp_instructions/b746a6bba7baa1fc433a6ed06038bf1e360b47fc2eb1db32f086cda0f20d8b8b_0_2.pkl	/mnt/data/grasp-anything-lgd/data/processed/grasp-anything-pp/grasp_label_positive/grasp_label_positive/b746a6bba7baa1fc433a6ed06038bf1e360b47fc2eb1db32f086cda0f20d8b8b_0_2.pt	2x6	0.008502	299.629791	Grab banana on its peel.	24
f78bfe2f1190716646d4f117d611258ce2c644bb99976f051133e614c681c14c_0_0	f78bfe2f1190716646d4f117d611258ce2c644bb99976f051133e614c681c14c	0	0	/mnt/data/grasp-anything-lgd/data/processed/grasp-anything-pp/grasp_instructions/grasp_instructions/f78bfe2f1190716646d4f117d611258ce2c644bb99976f051133e614c681c14c_0_0.pkl	/mnt/data/grasp-anything-lgd/data/processed/grasp-anything-pp/grasp_label_positive/grasp_label_positive/f78bfe2f1190716646d4f117d611258ce2c644bb99976f051133e614c681c14c_0_0.pt	22x6	0.017258	387.407318	Lift pencil by its wooden or plastic.	37
b19e4c6b1e7bc5749b29393a18d178fd14b523e0a369c76ac8c4a9d42e9e6a8c_0_2	b19e4c6b1e7bc5749b29393a18d178fd14b523e0a369c76ac8c4a9d42e9e6a8c	0	2	/mnt/data/grasp-anything-lgd/data/processed/grasp-anything-pp/grasp_instructions/grasp_instructions/b19e4c6b1e7bc5749b29393a18d178fd14b523e0a369c76ac8c4a9d42e9e6a8c_0_2.pkl	/mnt/data/grasp-anything-lgd/data/processed/grasp-anything-pp/grasp_label_positive/grasp_label_positive/b19e4c6b1e7bc5749b29393a18d178fd14b523e0a369c76ac8c4a9d42e9e6a8c_0_2.pt	1x6	0.058512	276.444336	Grip key on its ring.	21
9e8a9c2f9bebffe1f7bb0e107463844d22dd9e0cd44320600ae9d86716cfd0ca_1_2	9e8a9c2f9bebffe1f7bb0e107463844d22dd9e0cd44320600ae9d86716cfd0ca	1	2	/mnt/data/grasp-anything-lgd/data/processed/grasp-anything-pp/grasp_instructions/grasp_instructions/9e8a9c2f9bebffe1f7bb0e107463844d22dd9e0cd44320600ae9d86716cfd0ca_1_2.pkl	/mnt/data/grasp-anything-lgd/data/processed/grasp-anything-pp/grasp_label_positive/grasp_label_positive/9e8a9c2f9bebffe1f7bb0e107463844d22dd9e0cd44320600ae9d86716cfd0ca_1_2.pt	21x6	0.017236	328.021942	Hold pen at its cap.	20
0c010ef55d00d7bd8a88583b88c57d9fc7c05cda6c88837c33b7e29340f70046_1_2	0c010ef55d00d7bd8a88583b88c57d9fc7c05cda6c88837c33b7e29340f70046	1	2	/mnt/data/grasp-anything-lgd/data/processed/grasp-anything-pp/grasp_instructions/grasp_instructions/0c010ef55d00d7bd8a88583b88c57d9fc7c05cda6c88837c33b7e29340f70046_1_2.pkl	/mnt/data/grasp-anything-lgd/data/processed/grasp-anything-pp/grasp_label_positive/grasp_label_positive/0c010ef55d00d7bd8a88583b88c57d9fc7c05cda6c88837c33b7e29340f70046_1_2.pt	2x6	0.006236	338.178467	Take hold of banana on its peel.	32
2dd17abffd67fe9a584e8c394f1b3f25336df1c7cc631c53fc581a45b4f7e35c_0_2	2dd17abffd67fe9a584e8c394f1b3f25336df1c7cc631c53fc581a45b4f7e35c	0	2	/mnt/data/grasp-anything-lgd/data/processed/grasp-anything-pp/grasp_instructions/grasp_instructions/2dd17abffd67fe9a584e8c394f1b3f25336df1c7cc631c53fc581a45b4f7e35c_0_2.pkl	/mnt/data/grasp-anything-lgd/data/processed/grasp-anything-pp/grasp_label_positive/grasp_label_positive/2dd17abffd67fe9a584e8c394f1b3f25336df1c7cc631c53fc581a45b4f7e35c_0_2.pt	5x6	0.06448	291.668518	Take ball by its bounce.	24
cab094a0e63daf1b63dd2885a41107af0de60839a4338197b39974e2bcff58a3_0_1	cab094a0e63daf1b63dd2885a41107af0de60839a4338197b39974e2bcff58a3	0	1	/mnt/data/grasp-anything-lgd/data/processed/grasp-anything-pp/grasp_instructions/grasp_instructions/cab094a0e63daf1b63dd2885a41107af0de60839a4338197b39974e2bcff58a3_0_1.pkl	/mnt/data/grasp-anything-lgd/data/processed/grasp-anything-pp/grasp_label_positive/grasp_label_positive/cab094a0e63daf1b63dd2885a41107af0de60839a4338197b39974e2bcff58a3_0_1.pt	10x6	0.058746	372.305756	Take hold of pen on its ink or lead.	36
f5b355ae71abcc3950da9a277e1e229c7d653cbfe49e385aa6e87c3c3d9ae799_0_0	f5b355ae71abcc3950da9a277e1e229c7d653cbfe49e385aa6e87c3c3d9ae799	0	0	/mnt/data/grasp-anything-lgd/data/processed/grasp-anything-pp/grasp_instructions/grasp_instructions/f5b355ae71abcc3950da9a277e1e229c7d653cbfe49e385aa6e87c3c3d9ae799_0_0.pkl	/mnt/data/grasp-anything-lgd/data/processed/grasp-anything-pp/grasp_label_positive/grasp_label_positive/f5b355ae71abcc3950da9a277e1e229c7d653cbfe49e385aa6e87c3c3d9ae799_0_0.pt	1x6	0.099421	151.453857	Lift lemon by its skin.	23
fb8c3ab38752f8428048e107244a31001b448068d6af7897c10558b91f39eaae_0_0	fb8c3ab38752f8428048e107244a31001b448068d6af7897c10558b91f39eaae	0	0	/mnt/data/grasp-anything-lgd/data/processed/grasp-anything-pp/grasp_instructions/grasp_instructions/fb8c3ab38752f8428048e107244a31001b448068d6af7897c10558b91f39eaae_0_0.pkl	/mnt/data/grasp-anything-lgd/data/processed/grasp-anything-pp/grasp_label_positive/grasp_label_positive/fb8c3ab38752f8428048e107244a31001b448068d6af7897c10558b91f39eaae_0_0.pt	1x6	0.014659	366.709564	Take phone by its screen.	25
41e1ae21073385537d5cc6636622c970dfad605373f88ab22f02db8aaaf3c42c_2_0	41e1ae21073385537d5cc6636622c970dfad605373f88ab22f02db8aaaf3c42c	2	0	/mnt/data/grasp-anything-lgd/data/processed/grasp-anything-pp/grasp_instructions/grasp_instructions/41e1ae21073385537d5cc6636622c970dfad605373f88ab22f02db8aaaf3c42c_2_0.pkl	/mnt/data/grasp-anything-lgd/data/processed/grasp-anything-pp/grasp_label_positive/grasp_label_positive/41e1ae21073385537d5cc6636622c970dfad605373f88ab22f02db8aaaf3c42c_2_0.pt	2x6	1.740346	177.554138	Hold remover at its tool.	25
8bb2b012e98250388563256ab9de5ae21fe1ee5734272428a03c2b1399914e2f_1_0	8bb2b012e98250388563256ab9de5ae21fe1ee5734272428a03c2b1399914e2f	1	0	/mnt/data/grasp-anything-lgd/data/processed/grasp-anything-pp/grasp_instructions/grasp_instructions/8bb2b012e98250388563256ab9de5ae21fe1ee5734272428a03c2b1399914e2f_1_0.pkl	/mnt/data/grasp-anything-lgd/data/processed/grasp-anything-pp/grasp_label_positive/grasp_label_positive/8bb2b012e98250388563256ab9de5ae21fe1ee5734272428a03c2b1399914e2f_1_0.pt	13x6	0.02345	326.248108	Fetch pencil by its wooden or plastic.	38
9e453974a2fee1fb03570f46f6322c753f6a76157ee27bf3872dc59d808a7ccd_1_1	9e453974a2fee1fb03570f46f6322c753f6a76157ee27bf3872dc59d808a7ccd	1	1	/mnt/data/grasp-anything-lgd/data/processed/grasp-anything-pp/grasp_instructions/grasp_instructions/9e453974a2fee1fb03570f46f6322c753f6a76157ee27bf3872dc59d808a7ccd_1_1.pkl	/mnt/data/grasp-anything-lgd/data/processed/grasp-anything-pp/grasp_label_positive/grasp_label_positive/9e453974a2fee1fb03570f46f6322c753f6a76157ee27bf3872dc59d808a7ccd_1_1.pt	6x6	0.054851	266.675446	Pick up flower by its stem.	27
4124081ad77e0421e6f91654ac3fd63c4213256ff231dfe21e20b9b155db3be6_2_2	4124081ad77e0421e6f91654ac3fd63c4213256ff231dfe21e20b9b155db3be6	2	2	/mnt/data/grasp-anything-lgd/data/processed/grasp-anything-pp/grasp_instructions/grasp_instructions/4124081ad77e0421e6f91654ac3fd63c4213256ff231dfe21e20b9b155db3be6_2_2.pkl	/mnt/data/grasp-anything-lgd/data/processed/grasp-anything-pp/grasp_label_positive/grasp_label_positive/4124081ad77e0421e6f91654ac3fd63c4213256ff231dfe21e20b9b155db3be6_2_2.pt	8x6	0.050977	385.519043	Lift glasses by its arms.	25
fc55aafc0a60dac6b661370f72c467347026bf616c84562922076b9a04a558fa_0_1	fc55aafc0a60dac6b661370f72c467347026bf616c84562922076b9a04a558fa	0	1	/mnt/data/grasp-anything-lgd/data/processed/grasp-anything-pp/grasp_instructions/grasp_instructions/fc55aafc0a60dac6b661370f72c467347026bf616c84562922076b9a04a558fa_0_1.pkl	/mnt/data/grasp-anything-lgd/data/processed/grasp-anything-pp/grasp_label_positive/grasp_label_positive/fc55aafc0a60dac6b661370f72c467347026bf616c84562922076b9a04a558fa_0_1.pt	14x6	0.017203	269.084198	Take pen by its ink or lead.	28
030306bacb9ae8102cb2428f29e096bf9ed0c1c70ee923143d695b2d522d8216_2_1	030306bacb9ae8102cb2428f29e096bf9ed0c1c70ee923143d695b2d522d8216	2	1	/mnt/data/grasp-anything-lgd/data/processed/grasp-anything-pp/grasp_instructions/grasp_instructions/030306bacb9ae8102cb2428f29e096bf9ed0c1c70ee923143d695b2d522d8216_2_1.pkl	/mnt/data/grasp-anything-lgd/data/processed/grasp-anything-pp/grasp_label_positive/grasp_label_positive/030306bacb9ae8102cb2428f29e096bf9ed0c1c70ee923143d695b2d522d8216_2_1.pt	17x6	0.017921	377.746399	Grab highlighter on its bright color.	37
1a8a72a70a187e3372c082f56e86c9c90f4c3286ec0fc13e653ca6ea8fe5d004_0_3	1a8a72a70a187e3372c082f56e86c9c90f4c3286ec0fc13e653ca6ea8fe5d004	0	3	/mnt/data/grasp-anything-lgd/data/processed/grasp-anything-pp/grasp_instructions/grasp_instructions/1a8a72a70a187e3372c082f56e86c9c90f4c3286ec0fc13e653ca6ea8fe5d004_0_3.pkl	/mnt/data/grasp-anything-lgd/data/processed/grasp-anything-pp/grasp_label_positive/grasp_label_positive/1a8a72a70a187e3372c082f56e86c9c90f4c3286ec0fc13e653ca6ea8fe5d004_0_3.pt	1x6	-0.004002	157.989868	Lift apple by its stem.	23
f32713a9425befe7fe0a2d7f8d00bf04df4ea92187c3cce0f29f76f7f4df6448_2_1	f32713a9425befe7fe0a2d7f8d00bf04df4ea92187c3cce0f29f76f7f4df6448	2	1	/mnt/data/grasp-anything-lgd/data/processed/grasp-anything-pp/grasp_instructions/grasp_instructions/f32713a9425befe7fe0a2d7f8d00bf04df4ea92187c3cce0f29f76f7f4df6448_2_1.pkl	/mnt/data/grasp-anything-lgd/data/processed/grasp-anything-pp/grasp_label_positive/grasp_label_positive/f32713a9425befe7fe0a2d7f8d00bf04df4ea92187c3cce0f29f76f7f4df6448_2_1.pt	1x6	-0.003349	175.308212	Lift notebook by its pages.	27
caeca1667969b36dd83666dd63231122c6bd57d592fd25c10b7936ca928cd0f9_0_0	caeca1667969b36dd83666dd63231122c6bd57d592fd25c10b7936ca928cd0f9	0	0	/mnt/data/grasp-anything-lgd/data/processed/grasp-anything-pp/grasp_instructions/grasp_instructions/caeca1667969b36dd83666dd63231122c6bd57d592fd25c10b7936ca928cd0f9_0_0.pkl	/mnt/data/grasp-anything-lgd/data/processed/grasp-anything-pp/grasp_label_positive/grasp_label_positive/caeca1667969b36dd83666dd63231122c6bd57d592fd25c10b7936ca928cd0f9_0_0.pt	1x6	0.023704	338.527374	Take hold of wallet on its money holder.	40
9ca4db3bf8a0b947e078551dce70d28a330efa615d3030225a0859ac31d3be35_0_0	9ca4db3bf8a0b947e078551dce70d28a330efa615d3030225a0859ac31d3be35	0	0	/mnt/data/grasp-anything-lgd/data/processed/grasp-anything-pp/grasp_instructions/grasp_instructions/9ca4db3bf8a0b947e078551dce70d28a330efa615d3030225a0859ac31d3be35_0_0.pkl	/mnt/data/grasp-anything-lgd/data/processed/grasp-anything-pp/grasp_label_positive/grasp_label_positive/9ca4db3bf8a0b947e078551dce70d28a330efa615d3030225a0859ac31d3be35_0_0.pt	22x6	0.015327	333.196198	Hold key at its metal or plastic.	33
f98f3fca9383b649e3e6f91792f6ce3f7556e79f297a4b6faa372c5d073861b6_1_2	f98f3fca9383b649e3e6f91792f6ce3f7556e79f297a4b6faa372c5d073861b6	1	2	/mnt/data/grasp-anything-lgd/data/processed/grasp-anything-pp/grasp_instructions/grasp_instructions/f98f3fca9383b649e3e6f91792f6ce3f7556e79f297a4b6faa372c5d073861b6_1_2.pkl	/mnt/data/grasp-anything-lgd/data/processed/grasp-anything-pp/grasp_label_positive/grasp_label_positive/f98f3fca9383b649e3e6f91792f6ce3f7556e79f297a4b6faa372c5d073861b6_1_2.pt	4x6	0.00967	335.968048	Pick up comb by its material.	29
05223f55bd05c0cc09e752629ee1bad426894abc16d2afc22cecea9cb8500366_1_0	05223f55bd05c0cc09e752629ee1bad426894abc16d2afc22cecea9cb8500366	1	0	/mnt/data/grasp-anything-lgd/data/processed/grasp-anything-pp/grasp_instructions/grasp_instructions/05223f55bd05c0cc09e752629ee1bad426894abc16d2afc22cecea9cb8500366_1_0.pkl	/mnt/data/grasp-anything-lgd/data/processed/grasp-anything-pp/grasp_label_positive/grasp_label_positive/05223f55bd05c0cc09e752629ee1bad426894abc16d2afc22cecea9cb8500366_1_0.pt	5x6	0.074692	179.973129	Pick up ball by its round shape.	32
56e157e824c5151fb09961205720ffc24d27ba522a5f4a48c37d6b4671041931_0_1	56e157e824c5151fb09961205720ffc24d27ba522a5f4a48c37d6b4671041931	0	1	/mnt/data/grasp-anything-lgd/data/processed/grasp-anything-pp/grasp_instructions/grasp_instructions/56e157e824c5151fb09961205720ffc24d27ba522a5f4a48c37d6b4671041931_0_1.pkl	/mnt/data/grasp-anything-lgd/data/processed/grasp-anything-pp/grasp_label_positive/grasp_label_positive/56e157e824c5151fb09961205720ffc24d27ba522a5f4a48c37d6b4671041931_0_1.pt	1x6	0.020372	327.940613	Grip ball on its material.	26
f8278eb6adcd1ff50e10a75a60e2814a5a90d6a04f727c5b415f71019888b418_0_3	f8278eb6adcd1ff50e10a75a60e2814a5a90d6a04f727c5b415f71019888b418	0	3	/mnt/data/grasp-anything-lgd/data/processed/grasp-anything-pp/grasp_instructions/grasp_instructions/f8278eb6adcd1ff50e10a75a60e2814a5a90d6a04f727c5b415f71019888b418_0_3.pkl	/mnt/data/grasp-anything-lgd/data/processed/grasp-anything-pp/grasp_label_positive/grasp_label_positive/f8278eb6adcd1ff50e10a75a60e2814a5a90d6a04f727c5b415f71019888b418_0_3.pt	1x6	0.021802	335.308655	Hold apple at its stem.	23
540617e6ff7a186a2bd266dd60cb9a9ba7c6fd8b932c2f4cc606b2d58160566d_2_1	540617e6ff7a186a2bd266dd60cb9a9ba7c6fd8b932c2f4cc606b2d58160566d	2	1	/mnt/data/grasp-anything-lgd/data/processed/grasp-anything-pp/grasp_instructions/grasp_instructions/540617e6ff7a186a2bd266dd60cb9a9ba7c6fd8b932c2f4cc606b2d58160566d_2_1.pkl	/mnt/data/grasp-anything-lgd/data/processed/grasp-anything-pp/grasp_label_positive/grasp_label_positive/540617e6ff7a186a2bd266dd60cb9a9ba7c6fd8b932c2f4cc606b2d58160566d_2_1.pt	1x6	0.017015	198.803207	Lift paperclip by its shape.	28
980475f7b4b4dbd45738bab0c74eff3a1a867a93023b182b1225f427467be20c_0_2	980475f7b4b4dbd45738bab0c74eff3a1a867a93023b182b1225f427467be20c	0	2	/mnt/data/grasp-anything-lgd/data/processed/grasp-anything-pp/grasp_instructions/grasp_instructions/980475f7b4b4dbd45738bab0c74eff3a1a867a93023b182b1225f427467be20c_0_2.pkl	/mnt/data/grasp-anything-lgd/data/processed/grasp-anything-pp/grasp_label_positive/grasp_label_positive/980475f7b4b4dbd45738bab0c74eff3a1a867a93023b182b1225f427467be20c_0_2.pt	22x6	0.015136	359.959778	Grab stapler on its base.	25
52a1ac4f3143fa2f8ea2c0cfa7d19d45e00a111ee499402a08b685fda6aba86d_0_2	52a1ac4f3143fa2f8ea2c0cfa7d19d45e00a111ee499402a08b685fda6aba86d	0	2	/mnt/data/grasp-anything-lgd/data/processed/grasp-anything-pp/grasp_instructions/grasp_instructions/52a1ac4f3143fa2f8ea2c0cfa7d19d45e00a111ee499402a08b685fda6aba86d_0_2.pkl	/mnt/data/grasp-anything-lgd/data/processed/grasp-anything-pp/grasp_label_positive/grasp_label_positive/52a1ac4f3143fa2f8ea2c0cfa7d19d45e00a111ee499402a08b685fda6aba86d_0_2.pt	1x6	0.018902	324.279449	Take hold of marker on its cap.	31
ab797ee4c12648b773e47b9d492fa9b029d6ec4cca73a5dc1bbd93abb0febb8c_1_0	ab797ee4c12648b773e47b9d492fa9b029d6ec4cca73a5dc1bbd93abb0febb8c	1	0	/mnt/data/grasp-anything-lgd/data/processed/grasp-anything-pp/grasp_instructions/grasp_instructions/ab797ee4c12648b773e47b9d492fa9b029d6ec4cca73a5dc1bbd93abb0febb8c_1_0.pkl	/mnt/data/grasp-anything-lgd/data/processed/grasp-anything-pp/grasp_label_positive/grasp_label_positive/ab797ee4c12648b773e47b9d492fa9b029d6ec4cca73a5dc1bbd93abb0febb8c_1_0.pt	6x6	0.048714	200.202606	Take coin by its metal disc.	28
5979c43d3e7ad35d5590113de4b63879b769a38ae6b5b76d4a2bf90c6d32769a_1_1	5979c43d3e7ad35d5590113de4b63879b769a38ae6b5b76d4a2bf90c6d32769a	1	1	/mnt/data/grasp-anything-lgd/data/processed/grasp-anything-pp/grasp_instructions/grasp_instructions/5979c43d3e7ad35d5590113de4b63879b769a38ae6b5b76d4a2bf90c6d32769a_1_1.pkl	/mnt/data/grasp-anything-lgd/data/processed/grasp-anything-pp/grasp_label_positive/grasp_label_positive/5979c43d3e7ad35d5590113de4b63879b769a38ae6b5b76d4a2bf90c6d32769a_1_1.pt	11x6	0.026898	353.393768	Hold drive at its cables.	25
bbb4b6c365ec716f203bf7b4b0c7de806868eae6cecec69867aa1f103373a82c_0_0	bbb4b6c365ec716f203bf7b4b0c7de806868eae6cecec69867aa1f103373a82c	0	0	/mnt/data/grasp-anything-lgd/data/processed/grasp-anything-pp/grasp_instructions/grasp_instructions/bbb4b6c365ec716f203bf7b4b0c7de806868eae6cecec69867aa1f103373a82c_0_0.pkl	/mnt/data/grasp-anything-lgd/data/processed/grasp-anything-pp/grasp_label_positive/grasp_label_positive/bbb4b6c365ec716f203bf7b4b0c7de806868eae6cecec69867aa1f103373a82c_0_0.pt	17x6	0.012936	375.852173	Lift spoon by its utensil.	26
e080295dd71ed11266d6781b09c165c984cd129c6c56703947a8ca58fd5de422_0_0	e080295dd71ed11266d6781b09c165c984cd129c6c56703947a8ca58fd5de422	0	0	/mnt/data/grasp-anything-lgd/data/processed/grasp-anything-pp/grasp_instructions/grasp_instructions/e080295dd71ed11266d6781b09c165c984cd129c6c56703947a8ca58fd5de422_0_0.pkl	/mnt/data/grasp-anything-lgd/data/processed/grasp-anything-pp/grasp_label_positive/grasp_label_positive/e080295dd71ed11266d6781b09c165c984cd129c6c56703947a8ca58fd5de422_0_0.pt	7x6	0.028838	236.384109	Pick up stapler by its office tool.	35
b06fc4bc3bdf7fddc13f551c6ce9bcc412724fd24f4ce85bf3ef6cf5e960e519_0_2	b06fc4bc3bdf7fddc13f551c6ce9bcc412724fd24f4ce85bf3ef6cf5e960e519	0	2	/mnt/data/grasp-anything-lgd/data/processed/grasp-anything-pp/grasp_instructions/grasp_instructions/b06fc4bc3bdf7fddc13f551c6ce9bcc412724fd24f4ce85bf3ef6cf5e960e519_0_2.pkl	/mnt/data/grasp-anything-lgd/data/processed/grasp-anything-pp/grasp_label_positive/grasp_label_positive/b06fc4bc3bdf7fddc13f551c6ce9bcc412724fd24f4ce85bf3ef6cf5e960e519_0_2.pt	1x6	0.128246	369.830811	Lift stapler by its base.	25
eb89c7cff47a2a6fa423f64a1ba060b2530e4a49a50d9e1b3f8362123555b2b1_1_0	eb89c7cff47a2a6fa423f64a1ba060b2530e4a49a50d9e1b3f8362123555b2b1	1	0	/mnt/data/grasp-anything-lgd/data/processed/grasp-anything-pp/grasp_instructions/grasp_instructions/eb89c7cff47a2a6fa423f64a1ba060b2530e4a49a50d9e1b3f8362123555b2b1_1_0.pkl	/mnt/data/grasp-anything-lgd/data/processed/grasp-anything-pp/grasp_label_positive/grasp_label_positive/eb89c7cff47a2a6fa423f64a1ba060b2530e4a49a50d9e1b3f8362123555b2b1_1_0.pt	28x6	0.015555	337.091431	Grab fork on its tines.	23
0472b8830e4d54f651ab4a43e94751ede5e92d1386ee60abb5a7879983637bf9_0_1	0472b8830e4d54f651ab4a43e94751ede5e92d1386ee60abb5a7879983637bf9	0	1	/mnt/data/grasp-anything-lgd/data/processed/grasp-anything-pp/grasp_instructions/grasp_instructions/0472b8830e4d54f651ab4a43e94751ede5e92d1386ee60abb5a7879983637bf9_0_1.pkl	/mnt/data/grasp-anything-lgd/data/processed/grasp-anything-pp/grasp_label_positive/grasp_label_positive/0472b8830e4d54f651ab4a43e94751ede5e92d1386ee60abb5a7879983637bf9_0_1.pt	14x6	0.045464	203.720016	Take hold of spoon on its bowl-shaped.	38
46ce7c66a9df977062d5977bf01b9be027800d35e246e426a75b8a3e2d7c43d1_2_2	46ce7c66a9df977062d5977bf01b9be027800d35e246e426a75b8a3e2d7c43d1	2	2	/mnt/data/grasp-anything-lgd/data/processed/grasp-anything-pp/grasp_instructions/grasp_instructions/46ce7c66a9df977062d5977bf01b9be027800d35e246e426a75b8a3e2d7c43d1_2_2.pkl	/mnt/data/grasp-anything-lgd/data/processed/grasp-anything-pp/grasp_label_positive/grasp_label_positive/46ce7c66a9df977062d5977bf01b9be027800d35e246e426a75b8a3e2d7c43d1_2_2.pt	16x6	0.021189	322.339447	Lift paperclip by its clipping ends.	36
3c82c273a9b6de02dd1f7f88f9a69a6f8082e5d936ef64763ad710ee92f57be9_2_1	3c82c273a9b6de02dd1f7f88f9a69a6f8082e5d936ef64763ad710ee92f57be9	2	1	/mnt/data/grasp-anything-lgd/data/processed/grasp-anything-pp/grasp_instructions/grasp_instructions/3c82c273a9b6de02dd1f7f88f9a69a6f8082e5d936ef64763ad710ee92f57be9_2_1.pkl	/mnt/data/grasp-anything-lgd/data/processed/grasp-anything-pp/grasp_label_positive/grasp_label_positive/3c82c273a9b6de02dd1f7f88f9a69a6f8082e5d936ef64763ad710ee92f57be9_2_1.pt	18x6	0.018278	263.529572	Grab pepper on its flavor.	26
1bd73687a21032fa2fe9980fe4083431a733fdc362424b8786270eed2ff50718_0_1	1bd73687a21032fa2fe9980fe4083431a733fdc362424b8786270eed2ff50718	0	1	/mnt/data/grasp-anything-lgd/data/processed/grasp-anything-pp/grasp_instructions/grasp_instructions/1bd73687a21032fa2fe9980fe4083431a733fdc362424b8786270eed2ff50718_0_1.pkl	/mnt/data/grasp-anything-lgd/data/processed/grasp-anything-pp/grasp_label_positive/grasp_label_positive/1bd73687a21032fa2fe9980fe4083431a733fdc362424b8786270eed2ff50718_0_1.pt	4x6	0.01251	386.325317	Lift hairbrush by its handle.	29
7ffea9138e72574d478b494dedf582197130aa5bbfb6676937fabd3110747699_0_1	7ffea9138e72574d478b494dedf582197130aa5bbfb6676937fabd3110747699	0	1	/mnt/data/grasp-anything-lgd/data/processed/grasp-anything-pp/grasp_instructions/grasp_instructions/7ffea9138e72574d478b494dedf582197130aa5bbfb6676937fabd3110747699_0_1.pkl	/mnt/data/grasp-anything-lgd/data/processed/grasp-anything-pp/grasp_label_positive/grasp_label_positive/7ffea9138e72574d478b494dedf582197130aa5bbfb6676937fabd3110747699_0_1.pt	1x6	0.021804	373.931152	Fetch apple by its flesh.	25
9b95352a56b4c251c27062e72df01524822f167643bfd5f6b6e4af3a6f7ffc60_0_1	9b95352a56b4c251c27062e72df01524822f167643bfd5f6b6e4af3a6f7ffc60	0	1	/mnt/data/grasp-anything-lgd/data/processed/grasp-anything-pp/grasp_instructions/grasp_instructions/9b95352a56b4c251c27062e72df01524822f167643bfd5f6b6e4af3a6f7ffc60_0_1.pkl	/mnt/data/grasp-anything-lgd/data/processed/grasp-anything-pp/grasp_label_positive/grasp_label_positive/9b95352a56b4c251c27062e72df01524822f167643bfd5f6b6e4af3a6f7ffc60_0_1.pt	26x6	0.008844	357.825165	Grab pencil on its lead.	24
b3f3b50a9c32ef135b378d0cdcd144388c80d75520fc6b8fb4314839a7fe821b_0_0	b3f3b50a9c32ef135b378d0cdcd144388c80d75520fc6b8fb4314839a7fe821b	0	0	/mnt/data/grasp-anything-lgd/data/processed/grasp-anything-pp/grasp_instructions/grasp_instructions/b3f3b50a9c32ef135b378d0cdcd144388c80d75520fc6b8fb4314839a7fe821b_0_0.pkl	/mnt/data/grasp-anything-lgd/data/processed/grasp-anything-pp/grasp_label_positive/grasp_label_positive/b3f3b50a9c32ef135b378d0cdcd144388c80d75520fc6b8fb4314839a7fe821b_0_0.pt	7x6	0.097743	265.736694	Grab duck on its feathers.	26
870fcf8db9e8a53059309d84ef8080e5c71df757cfe5afddff1488f00bae5b40_1_3	870fcf8db9e8a53059309d84ef8080e5c71df757cfe5afddff1488f00bae5b40	1	3	/mnt/data/grasp-anything-lgd/data/processed/grasp-anything-pp/grasp_instructions/grasp_instructions/870fcf8db9e8a53059309d84ef8080e5c71df757cfe5afddff1488f00bae5b40_1_3.pkl	/mnt/data/grasp-anything-lgd/data/processed/grasp-anything-pp/grasp_label_positive/grasp_label_positive/870fcf8db9e8a53059309d84ef8080e5c71df757cfe5afddff1488f00bae5b40_1_3.pt	2x6	0.073885	179.351257	Grasp apple at its stem.	24
10b09f75fbbdc6ca48d7ea4e02d813ee45af7552b6e1dc8a0b834fdd017c5353_1_2	10b09f75fbbdc6ca48d7ea4e02d813ee45af7552b6e1dc8a0b834fdd017c5353	1	2	/mnt/data/grasp-anything-lgd/data/processed/grasp-anything-pp/grasp_instructions/grasp_instructions/10b09f75fbbdc6ca48d7ea4e02d813ee45af7552b6e1dc8a0b834fdd017c5353_1_2.pkl	/mnt/data/grasp-anything-lgd/data/processed/grasp-anything-pp/grasp_label_positive/grasp_label_positive/10b09f75fbbdc6ca48d7ea4e02d813ee45af7552b6e1dc8a0b834fdd017c5353_1_2.pt	6x6	0.024411	373.249146	Take hold of pencil on its eraser.	34
231aa062f2b4487d18736085889267a6c76fdfd8c85b64c68272be8c7b69a3b8_1_0	231aa062f2b4487d18736085889267a6c76fdfd8c85b64c68272be8c7b69a3b8	1	0	/mnt/data/grasp-anything-lgd/data/processed/grasp-anything-pp/grasp_instructions/grasp_instructions/231aa062f2b4487d18736085889267a6c76fdfd8c85b64c68272be8c7b69a3b8_1_0.pkl	/mnt/data/grasp-anything-lgd/data/processed/grasp-anything-pp/grasp_label_positive/grasp_label_positive/231aa062f2b4487d18736085889267a6c76fdfd8c85b64c68272be8c7b69a3b8_1_0.pt	7x6	0.044471	340.629303	Grasp bottle at its container.	30
0e4b1714835707995538c078e0630e35486ebb412de03c38824f2fb2ff4091f5_0_1	0e4b1714835707995538c078e0630e35486ebb412de03c38824f2fb2ff4091f5	0	1	/mnt/data/grasp-anything-lgd/data/processed/grasp-anything-pp/grasp_instructions/grasp_instructions/0e4b1714835707995538c078e0630e35486ebb412de03c38824f2fb2ff4091f5_0_1.pkl	/mnt/data/grasp-anything-lgd/data/processed/grasp-anything-pp/grasp_label_positive/grasp_label_positive/0e4b1714835707995538c078e0630e35486ebb412de03c38824f2fb2ff4091f5_0_1.pt	7x6	0.071259	375.386932	Take toy by its material.	25
b477c1ae5d02de682ceab40685b08d75e7eb1f7fafcdbcf9ab4d38bc2fef209e_2_2	b477c1ae5d02de682ceab40685b08d75e7eb1f7fafcdbcf9ab4d38bc2fef209e	2	2	/mnt/data/grasp-anything-lgd/data/processed/grasp-anything-pp/grasp_instructions/grasp_instructions/b477c1ae5d02de682ceab40685b08d75e7eb1f7fafcdbcf9ab4d38bc2fef209e_2_2.pkl	/mnt/data/grasp-anything-lgd/data/processed/grasp-anything-pp/grasp_label_positive/grasp_label_positive/b477c1ae5d02de682ceab40685b08d75e7eb1f7fafcdbcf9ab4d38bc2fef209e_2_2.pt	3x6	0.023232	176.607315	Grasp wallet at its closure.	28
8f3e1cf06384dbdd5295bbc0ed629617f21ee54c110bbb7d1d9428e228a19303_0_2	8f3e1cf06384dbdd5295bbc0ed629617f21ee54c110bbb7d1d9428e228a19303	0	2	/mnt/data/grasp-anything-lgd/data/processed/grasp-anything-pp/grasp_instructions/grasp_instructions/8f3e1cf06384dbdd5295bbc0ed629617f21ee54c110bbb7d1d9428e228a19303_0_2.pkl	/mnt/data/grasp-anything-lgd/data/processed/grasp-anything-pp/grasp_label_positive/grasp_label_positive/8f3e1cf06384dbdd5295bbc0ed629617f21ee54c110bbb7d1d9428e228a19303_0_2.pt	12x6	0.037245	376.715881	Grip pen on its cap.	20
ede29ae37f43b9c4f0680c7e0318339095f434181c7ab8fe936be5e3d91a82b7_2_1	ede29ae37f43b9c4f0680c7e0318339095f434181c7ab8fe936be5e3d91a82b7	2	1	/mnt/data/grasp-anything-lgd/data/processed/grasp-anything-pp/grasp_instructions/grasp_instructions/ede29ae37f43b9c4f0680c7e0318339095f434181c7ab8fe936be5e3d91a82b7_2_1.pkl	/mnt/data/grasp-anything-lgd/data/processed/grasp-anything-pp/grasp_label_positive/grasp_label_positive/ede29ae37f43b9c4f0680c7e0318339095f434181c7ab8fe936be5e3d91a82b7_2_1.pt	3x6	0.146298	265.069763	Grip eraser on its shape.	25
7667dfd6d7ad69c7e6cca3d030b73a8c7f088500bea08685f5d37f21ccb4b2d8_1_0	7667dfd6d7ad69c7e6cca3d030b73a8c7f088500bea08685f5d37f21ccb4b2d8	1	0	/mnt/data/grasp-anything-lgd/data/processed/grasp-anything-pp/grasp_instructions/grasp_instructions/7667dfd6d7ad69c7e6cca3d030b73a8c7f088500bea08685f5d37f21ccb4b2d8_1_0.pkl	/mnt/data/grasp-anything-lgd/data/processed/grasp-anything-pp/grasp_label_positive/grasp_label_positive/7667dfd6d7ad69c7e6cca3d030b73a8c7f088500bea08685f5d37f21ccb4b2d8_1_0.pt	2x6	0.096032	198.130859	Grip apple on its skin.	23
fa800e3fddc451909335773f526f14f18c9b4df9a64a6ab0d7891b4fab440fa8_1_0	fa800e3fddc451909335773f526f14f18c9b4df9a64a6ab0d7891b4fab440fa8	1	0	/mnt/data/grasp-anything-lgd/data/processed/grasp-anything-pp/grasp_instructions/grasp_instructions/fa800e3fddc451909335773f526f14f18c9b4df9a64a6ab0d7891b4fab440fa8_1_0.pkl	/mnt/data/grasp-anything-lgd/data/processed/grasp-anything-pp/grasp_label_positive/grasp_label_positive/fa800e3fddc451909335773f526f14f18c9b4df9a64a6ab0d7891b4fab440fa8_1_0.pt	17x6	0.018451	369.617493	Hold stapler at its office tool.	32
83a66aaa5ba740d6591f6c984335cf8f546fda1c5888fbc1703dec8697fd6618_0_0	83a66aaa5ba740d6591f6c984335cf8f546fda1c5888fbc1703dec8697fd6618	0	0	/mnt/data/grasp-anything-lgd/data/processed/grasp-anything-pp/grasp_instructions/grasp_instructions/83a66aaa5ba740d6591f6c984335cf8f546fda1c5888fbc1703dec8697fd6618_0_0.pkl	/mnt/data/grasp-anything-lgd/data/processed/grasp-anything-pp/grasp_label_positive/grasp_label_positive/83a66aaa5ba740d6591f6c984335cf8f546fda1c5888fbc1703dec8697fd6618_0_0.pt	26x6	0.015589	330.373352	Lift pencil by its wooden or plastic.	37
52b66b512aad5d8138adf7eaf0757ea61eb5d795301273b56fd20310aaa9ca36_0_1	52b66b512aad5d8138adf7eaf0757ea61eb5d795301273b56fd20310aaa9ca36	0	1	/mnt/data/grasp-anything-lgd/data/processed/grasp-anything-pp/grasp_instructions/grasp_instructions/52b66b512aad5d8138adf7eaf0757ea61eb5d795301273b56fd20310aaa9ca36_0_1.pkl	/mnt/data/grasp-anything-lgd/data/processed/grasp-anything-pp/grasp_label_positive/grasp_label_positive/52b66b512aad5d8138adf7eaf0757ea61eb5d795301273b56fd20310aaa9ca36_0_1.pt	6x6	0.00871	366.946075	Grip notebook on its pages.	27
376dc9ff35014c273928249ca614640bd2951833c7546025b837f42221122a77_0_1	376dc9ff35014c273928249ca614640bd2951833c7546025b837f42221122a77	0	1	/mnt/data/grasp-anything-lgd/data/processed/grasp-anything-pp/grasp_instructions/grasp_instructions/376dc9ff35014c273928249ca614640bd2951833c7546025b837f42221122a77_0_1.pkl	/mnt/data/grasp-anything-lgd/data/processed/grasp-anything-pp/grasp_label_positive/grasp_label_positive/376dc9ff35014c273928249ca614640bd2951833c7546025b837f42221122a77_0_1.pt	8x6	0.025774	363.129822	Hold eraser at its shape.	25
5e771b06d8b14b86b8d78dac182cd8464c6b93634a561c1f495d0ad9891729d4_2_1	5e771b06d8b14b86b8d78dac182cd8464c6b93634a561c1f495d0ad9891729d4	2	1	/mnt/data/grasp-anything-lgd/data/processed/grasp-anything-pp/grasp_instructions/grasp_instructions/5e771b06d8b14b86b8d78dac182cd8464c6b93634a561c1f495d0ad9891729d4_2_1.pkl	/mnt/data/grasp-anything-lgd/data/processed/grasp-anything-pp/grasp_label_positive/grasp_label_positive/5e771b06d8b14b86b8d78dac182cd8464c6b93634a561c1f495d0ad9891729d4_2_1.pt	3x6	0.031233	268.551575	Grasp vase at its flowers.	26
0cb2615d3a9d6f3073d3ac67970cd983964547613dcf57f3872caac7c92be913_0_3	0cb2615d3a9d6f3073d3ac67970cd983964547613dcf57f3872caac7c92be913	0	3	/mnt/data/grasp-anything-lgd/data/processed/grasp-anything-pp/grasp_instructions/grasp_instructions/0cb2615d3a9d6f3073d3ac67970cd983964547613dcf57f3872caac7c92be913_0_3.pkl	/mnt/data/grasp-anything-lgd/data/processed/grasp-anything-pp/grasp_label_positive/grasp_label_positive/0cb2615d3a9d6f3073d3ac67970cd983964547613dcf57f3872caac7c92be913_0_3.pt	1x6	-0.005477	175.137756	Grip apple on its stem.	23
06971c1c5a88201d7a06715851e0286d77a3627933ed6c480f5a6cb60b981cc0_2_0	06971c1c5a88201d7a06715851e0286d77a3627933ed6c480f5a6cb60b981cc0	2	0	/mnt/data/grasp-anything-lgd/data/processed/grasp-anything-pp/grasp_instructions/grasp_instructions/06971c1c5a88201d7a06715851e0286d77a3627933ed6c480f5a6cb60b981cc0_2_0.pkl	/mnt/data/grasp-anything-lgd/data/processed/grasp-anything-pp/grasp_label_positive/grasp_label_positive/06971c1c5a88201d7a06715851e0286d77a3627933ed6c480f5a6cb60b981cc0_2_0.pt	6x6	0.019549	374.419922	Lift book by its cover.	23
424ca96a7b29c89e577c9f0ebd3861d23bb81c428ce2f824706637d253f0ed5c_0_1	424ca96a7b29c89e577c9f0ebd3861d23bb81c428ce2f824706637d253f0ed5c	0	1	/mnt/data/grasp-anything-lgd/data/processed/grasp-anything-pp/grasp_instructions/grasp_instructions/424ca96a7b29c89e577c9f0ebd3861d23bb81c428ce2f824706637d253f0ed5c_0_1.pkl	/mnt/data/grasp-anything-lgd/data/processed/grasp-anything-pp/grasp_label_positive/grasp_label_positive/424ca96a7b29c89e577c9f0ebd3861d23bb81c428ce2f824706637d253f0ed5c_0_1.pt	7x6	0.014775	238.394028	Take apple by its flesh.	24
e65a6123d693f9eca2da014e90d9a77d500d9ab40e7dd48725efa41f6676ee57_0_1	e65a6123d693f9eca2da014e90d9a77d500d9ab40e7dd48725efa41f6676ee57	0	1	/mnt/data/grasp-anything-lgd/data/processed/grasp-anything-pp/grasp_instructions/grasp_instructions/e65a6123d693f9eca2da014e90d9a77d500d9ab40e7dd48725efa41f6676ee57_0_1.pkl	/mnt/data/grasp-anything-lgd/data/processed/grasp-anything-pp/grasp_label_positive/grasp_label_positive/e65a6123d693f9eca2da014e90d9a77d500d9ab40e7dd48725efa41f6676ee57_0_1.pt	4x6	0.028614	345.746582	Grasp notebook at its pages.	28
b8d0de0462e81bb7751cfaf2df10c2679460b1a71be79860a8679df5ebe06d80_1_1	b8d0de0462e81bb7751cfaf2df10c2679460b1a71be79860a8679df5ebe06d80	1	1	/mnt/data/grasp-anything-lgd/data/processed/grasp-anything-pp/grasp_instructions/grasp_instructions/b8d0de0462e81bb7751cfaf2df10c2679460b1a71be79860a8679df5ebe06d80_1_1.pkl	/mnt/data/grasp-anything-lgd/data/processed/grasp-anything-pp/grasp_label_positive/grasp_label_positive/b8d0de0462e81bb7751cfaf2df10c2679460b1a71be79860a8679df5ebe06d80_1_1.pt	9x6	0.043545	373.10141	Pick up lime by its flesh.	26
b8560eeeeda4b130f3b2fe935f4e4d92cb41b7024a87d763571a45b6a484409c_0_2	b8560eeeeda4b130f3b2fe935f4e4d92cb41b7024a87d763571a45b6a484409c	0	2	/mnt/data/grasp-anything-lgd/data/processed/grasp-anything-pp/grasp_instructions/grasp_instructions/b8560eeeeda4b130f3b2fe935f4e4d92cb41b7024a87d763571a45b6a484409c_0_2.pkl	/mnt/data/grasp-anything-lgd/data/processed/grasp-anything-pp/grasp_label_positive/grasp_label_positive/b8560eeeeda4b130f3b2fe935f4e4d92cb41b7024a87d763571a45b6a484409c_0_2.pt	14x6	0.013405	235.838196	Lift key by its ring.	21
f01223510be03729b80e5d8ca180c6856238641a9599343bb12265255c2627b8_0_0	f01223510be03729b80e5d8ca180c6856238641a9599343bb12265255c2627b8	0	0	/mnt/data/grasp-anything-lgd/data/processed/grasp-anything-pp/grasp_instructions/grasp_instructions/f01223510be03729b80e5d8ca180c6856238641a9599343bb12265255c2627b8_0_0.pkl	/mnt/data/grasp-anything-lgd/data/processed/grasp-anything-pp/grasp_label_positive/grasp_label_positive/f01223510be03729b80e5d8ca180c6856238641a9599343bb12265255c2627b8_0_0.pt	2x6	0.045917	228.990997	Hold apple at its skin.	23
f68ebb870440f0a7e9af0be946a00b5f6373e7ff6fb06cb64dd4f35ead30b71f_0_2	f68ebb870440f0a7e9af0be946a00b5f6373e7ff6fb06cb64dd4f35ead30b71f	0	2	/mnt/data/grasp-anything-lgd/data/processed/grasp-anything-pp/grasp_instructions/grasp_instructions/f68ebb870440f0a7e9af0be946a00b5f6373e7ff6fb06cb64dd4f35ead30b71f_0_2.pkl	/mnt/data/grasp-anything-lgd/data/processed/grasp-anything-pp/grasp_label_positive/grasp_label_positive/f68ebb870440f0a7e9af0be946a00b5f6373e7ff6fb06cb64dd4f35ead30b71f_0_2.pt	12x6	0.025659	259.493408	Grasp key at its ring.	22
a388a1675c248c92582534be15a1cb2288e630328892a273006c5135f11f3adc_0_2	a388a1675c248c92582534be15a1cb2288e630328892a273006c5135f11f3adc	0	2	/mnt/data/grasp-anything-lgd/data/processed/grasp-anything-pp/grasp_instructions/grasp_instructions/a388a1675c248c92582534be15a1cb2288e630328892a273006c5135f11f3adc_0_2.pkl	/mnt/data/grasp-anything-lgd/data/processed/grasp-anything-pp/grasp_label_positive/grasp_label_positive/a388a1675c248c92582534be15a1cb2288e630328892a273006c5135f11f3adc_0_2.pt	5x6	0.024317	238.624664	Grab hairbrush on its grip.	27
b60d5a645290fec850f6aebd6c4e0c50273bfd0c5cd4d1f6d92ebbdebda3c7fb_1_1	b60d5a645290fec850f6aebd6c4e0c50273bfd0c5cd4d1f6d92ebbdebda3c7fb	1	1	/mnt/data/grasp-anything-lgd/data/processed/grasp-anything-pp/grasp_instructions/grasp_instructions/b60d5a645290fec850f6aebd6c4e0c50273bfd0c5cd4d1f6d92ebbdebda3c7fb_1_1.pkl	/mnt/data/grasp-anything-lgd/data/processed/grasp-anything-pp/grasp_label_positive/grasp_label_positive/b60d5a645290fec850f6aebd6c4e0c50273bfd0c5cd4d1f6d92ebbdebda3c7fb_1_1.pt	7x6	0.041313	258.14389	Grasp ball at its material.	27
615117deb30984faa07b17a2bdd73238acff5a1ccc2a6dc31bc878211f239fe0_1_0	615117deb30984faa07b17a2bdd73238acff5a1ccc2a6dc31bc878211f239fe0	1	0	/mnt/data/grasp-anything-lgd/data/processed/grasp-anything-pp/grasp_instructions/grasp_instructions/615117deb30984faa07b17a2bdd73238acff5a1ccc2a6dc31bc878211f239fe0_1_0.pkl	/mnt/data/grasp-anything-lgd/data/processed/grasp-anything-pp/grasp_label_positive/grasp_label_positive/615117deb30984faa07b17a2bdd73238acff5a1ccc2a6dc31bc878211f239fe0_1_0.pt	2x6	0.021348	228.368118	Take hold of pen on its barrel.	31
a96c2398203aae945c8941d4d1eeec68ee80ed0cfa3ca2ef19ac35158d8110ed_0_3	a96c2398203aae945c8941d4d1eeec68ee80ed0cfa3ca2ef19ac35158d8110ed	0	3	/mnt/data/grasp-anything-lgd/data/processed/grasp-anything-pp/grasp_instructions/grasp_instructions/a96c2398203aae945c8941d4d1eeec68ee80ed0cfa3ca2ef19ac35158d8110ed_0_3.pkl	/mnt/data/grasp-anything-lgd/data/processed/grasp-anything-pp/grasp_label_positive/grasp_label_positive/a96c2398203aae945c8941d4d1eeec68ee80ed0cfa3ca2ef19ac35158d8110ed_0_3.pt	6x6	0.102523	261.552673	Take apple by its stem.	23
86902d7fd42ca49f6cce9ddc88eed6483b76613b0c4614424141310c77868bf6_0_0	86902d7fd42ca49f6cce9ddc88eed6483b76613b0c4614424141310c77868bf6	0	0	/mnt/data/grasp-anything-lgd/data/processed/grasp-anything-pp/grasp_instructions/grasp_instructions/86902d7fd42ca49f6cce9ddc88eed6483b76613b0c4614424141310c77868bf6_0_0.pkl	/mnt/data/grasp-anything-lgd/data/processed/grasp-anything-pp/grasp_label_positive/grasp_label_positive/86902d7fd42ca49f6cce9ddc88eed6483b76613b0c4614424141310c77868bf6_0_0.pt	1x6	0.038046	214.244797	Take hold of rubber on its elastic material.	44
8b4a11f13ad0dde02da7726615bbcead46bf1d9561aec370bb00c13285e3c21e_1_1	8b4a11f13ad0dde02da7726615bbcead46bf1d9561aec370bb00c13285e3c21e	1	1	/mnt/data/grasp-anything-lgd/data/processed/grasp-anything-pp/grasp_instructions/grasp_instructions/8b4a11f13ad0dde02da7726615bbcead46bf1d9561aec370bb00c13285e3c21e_1_1.pkl	/mnt/data/grasp-anything-lgd/data/processed/grasp-anything-pp/grasp_label_positive/grasp_label_positive/8b4a11f13ad0dde02da7726615bbcead46bf1d9561aec370bb00c13285e3c21e_1_1.pt	3x6	0.032819	370.570038	Hold note at its writing.	25
e0bbe7fade0aef847394183e26e65c1799af9db12b65196354222f8186cbee0f_0_2	e0bbe7fade0aef847394183e26e65c1799af9db12b65196354222f8186cbee0f	0	2	/mnt/data/grasp-anything-lgd/data/processed/grasp-anything-pp/grasp_instructions/grasp_instructions/e0bbe7fade0aef847394183e26e65c1799af9db12b65196354222f8186cbee0f_0_2.pkl	/mnt/data/grasp-anything-lgd/data/processed/grasp-anything-pp/grasp_label_positive/grasp_label_positive/e0bbe7fade0aef847394183e26e65c1799af9db12b65196354222f8186cbee0f_0_2.pt	5x6	0.020255	371.267609	Grip toy on its function.	25
55c15afd533766df4f8811a8cb2006df4a5cb1bddec4b376f5c02ad482bebbda_0_2	55c15afd533766df4f8811a8cb2006df4a5cb1bddec4b376f5c02ad482bebbda	0	2	/mnt/data/grasp-anything-lgd/data/processed/grasp-anything-pp/grasp_instructions/grasp_instructions/55c15afd533766df4f8811a8cb2006df4a5cb1bddec4b376f5c02ad482bebbda_0_2.pkl	/mnt/data/grasp-anything-lgd/data/processed/grasp-anything-pp/grasp_label_positive/grasp_label_positive/55c15afd533766df4f8811a8cb2006df4a5cb1bddec4b376f5c02ad482bebbda_0_2.pt	9x6	0.022182	245.010239	Take apple by its seeds.	24
54824cc512465ab25ec472672b9a2dcd8ca90b57ce8d5c1b9ec47f1cf06cdfd2_1_1	54824cc512465ab25ec472672b9a2dcd8ca90b57ce8d5c1b9ec47f1cf06cdfd2	1	1	/mnt/data/grasp-anything-lgd/data/processed/grasp-anything-pp/grasp_instructions/grasp_instructions/54824cc512465ab25ec472672b9a2dcd8ca90b57ce8d5c1b9ec47f1cf06cdfd2_1_1.pkl	/mnt/data/grasp-anything-lgd/data/processed/grasp-anything-pp/grasp_label_positive/grasp_label_positive/54824cc512465ab25ec472672b9a2dcd8ca90b57ce8d5c1b9ec47f1cf06cdfd2_1_1.pt	14x6	0.023362	241.71228	Grab pencil on its lead.	24
d22e38b70c2764ef67992d725c4ec8a54028adb1ac110582596625e36401fe82_2_0	d22e38b70c2764ef67992d725c4ec8a54028adb1ac110582596625e36401fe82	2	0	/mnt/data/grasp-anything-lgd/data/processed/grasp-anything-pp/grasp_instructions/grasp_instructions/d22e38b70c2764ef67992d725c4ec8a54028adb1ac110582596625e36401fe82_2_0.pkl	/mnt/data/grasp-anything-lgd/data/processed/grasp-anything-pp/grasp_label_positive/grasp_label_positive/d22e38b70c2764ef67992d725c4ec8a54028adb1ac110582596625e36401fe82_2_0.pt	6x6	0.026606	384.966522	Grip paperclip on its metal or plastic.	39
99dbc109e419ac4bf3974136c42d54fc75a7ac492629865e3cf5564d8dcefc66_0_3	99dbc109e419ac4bf3974136c42d54fc75a7ac492629865e3cf5564d8dcefc66	0	3	/mnt/data/grasp-anything-lgd/data/processed/grasp-anything-pp/grasp_instructions/grasp_instructions/99dbc109e419ac4bf3974136c42d54fc75a7ac492629865e3cf5564d8dcefc66_0_3.pkl	/mnt/data/grasp-anything-lgd/data/processed/grasp-anything-pp/grasp_label_positive/grasp_label_positive/99dbc109e419ac4bf3974136c42d54fc75a7ac492629865e3cf5564d8dcefc66_0_3.pt	1x6	-0.005585	178.408005	Take apple by its stem.	23
6ec084b47726cecdda6818ff2fbd37cb8590e0f09d5631debb48e7f8d3de07bd_1_3	6ec084b47726cecdda6818ff2fbd37cb8590e0f09d5631debb48e7f8d3de07bd	1	3	/mnt/data/grasp-anything-lgd/data/processed/grasp-anything-pp/grasp_instructions/grasp_instructions/6ec084b47726cecdda6818ff2fbd37cb8590e0f09d5631debb48e7f8d3de07bd_1_3.pkl	/mnt/data/grasp-anything-lgd/data/processed/grasp-anything-pp/grasp_label_positive/grasp_label_positive/6ec084b47726cecdda6818ff2fbd37cb8590e0f09d5631debb48e7f8d3de07bd_1_3.pt	5x6	0.011358	355.006287	Lift apple by its stem.	23
612210d40185207d477f004766ab085df56a680cbc9662cf9198c1686f084140_1_1	612210d40185207d477f004766ab085df56a680cbc9662cf9198c1686f084140	1	1	/mnt/data/grasp-anything-lgd/data/processed/grasp-anything-pp/grasp_instructions/grasp_instructions/612210d40185207d477f004766ab085df56a680cbc9662cf9198c1686f084140_1_1.pkl	/mnt/data/grasp-anything-lgd/data/processed/grasp-anything-pp/grasp_label_positive/grasp_label_positive/612210d40185207d477f004766ab085df56a680cbc9662cf9198c1686f084140_1_1.pt	6x6	0.058263	204.255951	Grip apple on its flesh.	24
7558b7fa10e11bbee86d2434a7e8676cf9a4fbbab41ff06bad69cba21153e966_2_2	7558b7fa10e11bbee86d2434a7e8676cf9a4fbbab41ff06bad69cba21153e966	2	2	/mnt/data/grasp-anything-lgd/data/processed/grasp-anything-pp/grasp_instructions/grasp_instructions/7558b7fa10e11bbee86d2434a7e8676cf9a4fbbab41ff06bad69cba21153e966_2_2.pkl	/mnt/data/grasp-anything-lgd/data/processed/grasp-anything-pp/grasp_label_positive/grasp_label_positive/7558b7fa10e11bbee86d2434a7e8676cf9a4fbbab41ff06bad69cba21153e966_2_2.pt	11x6	0.035856	296.141266	Pick up paperclip by its clipping ends.	39
94b17fbcde5326db16f54b17bc1a29607f53ba94e63afef941a8256b44b9bc7a_1_2	94b17fbcde5326db16f54b17bc1a29607f53ba94e63afef941a8256b44b9bc7a	1	2	/mnt/data/grasp-anything-lgd/data/processed/grasp-anything-pp/grasp_instructions/grasp_instructions/94b17fbcde5326db16f54b17bc1a29607f53ba94e63afef941a8256b44b9bc7a_1_2.pkl	/mnt/data/grasp-anything-lgd/data/processed/grasp-anything-pp/grasp_label_positive/grasp_label_positive/94b17fbcde5326db16f54b17bc1a29607f53ba94e63afef941a8256b44b9bc7a_1_2.pt	1x6	0.0	157.596497	Hold toothbrush at its handle.	30
cc6fb300b0fb26b02a95c5866a28a095f4ec180d8655856438041d4a1bff6bfa_1_1	cc6fb300b0fb26b02a95c5866a28a095f4ec180d8655856438041d4a1bff6bfa	1	1	/mnt/data/grasp-anything-lgd/data/processed/grasp-anything-pp/grasp_instructions/grasp_instructions/cc6fb300b0fb26b02a95c5866a28a095f4ec180d8655856438041d4a1bff6bfa_1_1.pkl	/mnt/data/grasp-anything-lgd/data/processed/grasp-anything-pp/grasp_label_positive/grasp_label_positive/cc6fb300b0fb26b02a95c5866a28a095f4ec180d8655856438041d4a1bff6bfa_1_1.pt	2x6	0.029047	368.013947	Lift apple by its flesh.	24
e10868147c6ed272457b2a3727b47edaba77eeb3ed22ef56deccd42605e98382_0_0	e10868147c6ed272457b2a3727b47edaba77eeb3ed22ef56deccd42605e98382	0	0	/mnt/data/grasp-anything-lgd/data/processed/grasp-anything-pp/grasp_instructions/grasp_instructions/e10868147c6ed272457b2a3727b47edaba77eeb3ed22ef56deccd42605e98382_0_0.pkl	/mnt/data/grasp-anything-lgd/data/processed/grasp-anything-pp/grasp_label_positive/grasp_label_positive/e10868147c6ed272457b2a3727b47edaba77eeb3ed22ef56deccd42605e98382_0_0.pt	2x6	0.137414	378.389587	Lift key by its metal or plastic.	33
74ae1112c38b3a163392f5cfaf1dc7bc4b95c83c42bd6da5a2a4d7a8562e66f1_1_2	74ae1112c38b3a163392f5cfaf1dc7bc4b95c83c42bd6da5a2a4d7a8562e66f1	1	2	/mnt/data/grasp-anything-lgd/data/processed/grasp-anything-pp/grasp_instructions/grasp_instructions/74ae1112c38b3a163392f5cfaf1dc7bc4b95c83c42bd6da5a2a4d7a8562e66f1_1_2.pkl	/mnt/data/grasp-anything-lgd/data/processed/grasp-anything-pp/grasp_label_positive/grasp_label_positive/74ae1112c38b3a163392f5cfaf1dc7bc4b95c83c42bd6da5a2a4d7a8562e66f1_1_2.pt	4x6	0.037482	205.148621	Pick up orange by its seeds.	28
c261ceeef6e2097ecd5372d4fc26e31e2d5d65e051c301d496641f08ba47635b_1_2	c261ceeef6e2097ecd5372d4fc26e31e2d5d65e051c301d496641f08ba47635b	1	2	/mnt/data/grasp-anything-lgd/data/processed/grasp-anything-pp/grasp_instructions/grasp_instructions/c261ceeef6e2097ecd5372d4fc26e31e2d5d65e051c301d496641f08ba47635b_1_2.pkl	/mnt/data/grasp-anything-lgd/data/processed/grasp-anything-pp/grasp_label_positive/grasp_label_positive/c261ceeef6e2097ecd5372d4fc26e31e2d5d65e051c301d496641f08ba47635b_1_2.pt	4x6	0.019913	312.5513	Grip bead on its hole.	22
bfa4ac371fb7ac2c09e16165bd734769f41ab74e1aaa96c930608d85188ea548_0_0	bfa4ac371fb7ac2c09e16165bd734769f41ab74e1aaa96c930608d85188ea548	0	0	/mnt/data/grasp-anything-lgd/data/processed/grasp-anything-pp/grasp_instructions/grasp_instructions/bfa4ac371fb7ac2c09e16165bd734769f41ab74e1aaa96c930608d85188ea548_0_0.pkl	/mnt/data/grasp-anything-lgd/data/processed/grasp-anything-pp/grasp_label_positive/grasp_label_positive/bfa4ac371fb7ac2c09e16165bd734769f41ab74e1aaa96c930608d85188ea548_0_0.pt	6x6	0.034599	175.585144	Lift kiwi by its skin.	22
cdeebef36d5246809c50620d6fbbee0932d955470b0312267bb3e3994327c136_1_1	cdeebef36d5246809c50620d6fbbee0932d955470b0312267bb3e3994327c136	1	1	/mnt/data/grasp-anything-lgd/data/processed/grasp-anything-pp/grasp_instructions/grasp_instructions/cdeebef36d5246809c50620d6fbbee0932d955470b0312267bb3e3994327c136_1_1.pkl	/mnt/data/grasp-anything-lgd/data/processed/grasp-anything-pp/grasp_label_positive/grasp_label_positive/cdeebef36d5246809c50620d6fbbee0932d955470b0312267bb3e3994327c136_1_1.pt	1x6	0.027091	158.514725	Take pen by its ink or lead.	28
1975df60cebb0e419ddbe360354d4ba41e847db4f83d432a1b4d73e5dc8660fa_1_0	1975df60cebb0e419ddbe360354d4ba41e847db4f83d432a1b4d73e5dc8660fa	1	0	/mnt/data/grasp-anything-lgd/data/processed/grasp-anything-pp/grasp_instructions/grasp_instructions/1975df60cebb0e419ddbe360354d4ba41e847db4f83d432a1b4d73e5dc8660fa_1_0.pkl	/mnt/data/grasp-anything-lgd/data/processed/grasp-anything-pp/grasp_label_positive/grasp_label_positive/1975df60cebb0e419ddbe360354d4ba41e847db4f83d432a1b4d73e5dc8660fa_1_0.pt	27x6	0.010625	387.146027	Take pencil by its wooden or plastic.	37
2be45ddac3469d318764013fec4b5c3a8fbeaaed4673edc8c9fe5dbc16b8c6f9_0_2	2be45ddac3469d318764013fec4b5c3a8fbeaaed4673edc8c9fe5dbc16b8c6f9	0	2	/mnt/data/grasp-anything-lgd/data/processed/grasp-anything-pp/grasp_instructions/grasp_instructions/2be45ddac3469d318764013fec4b5c3a8fbeaaed4673edc8c9fe5dbc16b8c6f9_0_2.pkl	/mnt/data/grasp-anything-lgd/data/processed/grasp-anything-pp/grasp_label_positive/grasp_label_positive/2be45ddac3469d318764013fec4b5c3a8fbeaaed4673edc8c9fe5dbc16b8c6f9_0_2.pt	9x6	0.04987	258.53067	Lift key by its ring.	21
4902fc6f0d6d438c806dfb8bac8efa19709b71272876783a8a51ee13fa18a66c_1_0	4902fc6f0d6d438c806dfb8bac8efa19709b71272876783a8a51ee13fa18a66c	1	0	/mnt/data/grasp-anything-lgd/data/processed/grasp-anything-pp/grasp_instructions/grasp_instructions/4902fc6f0d6d438c806dfb8bac8efa19709b71272876783a8a51ee13fa18a66c_1_0.pkl	/mnt/data/grasp-anything-lgd/data/processed/grasp-anything-pp/grasp_label_positive/grasp_label_positive/4902fc6f0d6d438c806dfb8bac8efa19709b71272876783a8a51ee13fa18a66c_1_0.pt	10x6	0.041045	387.353699	Take paperclip by its metal or plastic.	39
56ecd8b245a732fe3a756240a90af2cdcc57a720fbe9104d922f7ebc317b137a_2_0	56ecd8b245a732fe3a756240a90af2cdcc57a720fbe9104d922f7ebc317b137a	2	0	/mnt/data/grasp-anything-lgd/data/processed/grasp-anything-pp/grasp_instructions/grasp_instructions/56ecd8b245a732fe3a756240a90af2cdcc57a720fbe9104d922f7ebc317b137a_2_0.pkl	/mnt/data/grasp-anything-lgd/data/processed/grasp-anything-pp/grasp_label_positive/grasp_label_positive/56ecd8b245a732fe3a756240a90af2cdcc57a720fbe9104d922f7ebc317b137a_2_0.pt	9x6	0.033451	358.522034	Pick up paperclip by its metal or plastic.	42
54d986947f2c3adfe672a492f940ea09672b3e6cf90ac642c76ee265dde64349_1_2	54d986947f2c3adfe672a492f940ea09672b3e6cf90ac642c76ee265dde64349	1	2	/mnt/data/grasp-anything-lgd/data/processed/grasp-anything-pp/grasp_instructions/grasp_instructions/54d986947f2c3adfe672a492f940ea09672b3e6cf90ac642c76ee265dde64349_1_2.pkl	/mnt/data/grasp-anything-lgd/data/processed/grasp-anything-pp/grasp_label_positive/grasp_label_positive/54d986947f2c3adfe672a492f940ea09672b3e6cf90ac642c76ee265dde64349_1_2.pt	9x6	0.036817	205.619186	Grasp lemon at its seeds.	25
f059e85005d18f5ad860d9f2d47a4a0af888c1229556c9fad28c0614f5997c72_1_2	f059e85005d18f5ad860d9f2d47a4a0af888c1229556c9fad28c0614f5997c72	1	2	/mnt/data/grasp-anything-lgd/data/processed/grasp-anything-pp/grasp_instructions/grasp_instructions/f059e85005d18f5ad860d9f2d47a4a0af888c1229556c9fad28c0614f5997c72_1_2.pkl	/mnt/data/grasp-anything-lgd/data/processed/grasp-anything-pp/grasp_label_positive/grasp_label_positive/f059e85005d18f5ad860d9f2d47a4a0af888c1229556c9fad28c0614f5997c72_1_2.pt	5x6	0.070137	343.782593	Grip earbuds on its connectors.	31
c7c6eb6a5690f3ad483ffae9930bfd27d370eb03bcdedcf0376850650c6cd28a_0_1	c7c6eb6a5690f3ad483ffae9930bfd27d370eb03bcdedcf0376850650c6cd28a	0	1	/mnt/data/grasp-anything-lgd/data/processed/grasp-anything-pp/grasp_instructions/grasp_instructions/c7c6eb6a5690f3ad483ffae9930bfd27d370eb03bcdedcf0376850650c6cd28a_0_1.pkl	/mnt/data/grasp-anything-lgd/data/processed/grasp-anything-pp/grasp_label_positive/grasp_label_positive/c7c6eb6a5690f3ad483ffae9930bfd27d370eb03bcdedcf0376850650c6cd28a_0_1.pt	1x6	0.106167	363.225372	Grip apple on its flesh.	24
f8574ed059ad7c1c1c03da04909deca30d853274016e1aae36d1806b87f9fa69_0_0	f8574ed059ad7c1c1c03da04909deca30d853274016e1aae36d1806b87f9fa69	0	0	/mnt/data/grasp-anything-lgd/data/processed/grasp-anything-pp/grasp_instructions/grasp_instructions/f8574ed059ad7c1c1c03da04909deca30d853274016e1aae36d1806b87f9fa69_0_0.pkl	/mnt/data/grasp-anything-lgd/data/processed/grasp-anything-pp/grasp_label_positive/grasp_label_positive/f8574ed059ad7c1c1c03da04909deca30d853274016e1aae36d1806b87f9fa69_0_0.pt	5x6	0.026292	371.463165	Pick up pencil by its wooden or plastic.	40
7c73ee149b77510c3fdea00e647a3e2f5ec63fb1cd1586eb3b2e0d7bf86b1c25_0_2	7c73ee149b77510c3fdea00e647a3e2f5ec63fb1cd1586eb3b2e0d7bf86b1c25	0	2	/mnt/data/grasp-anything-lgd/data/processed/grasp-anything-pp/grasp_instructions/grasp_instructions/7c73ee149b77510c3fdea00e647a3e2f5ec63fb1cd1586eb3b2e0d7bf86b1c25_0_2.pkl	/mnt/data/grasp-anything-lgd/data/processed/grasp-anything-pp/grasp_label_positive/grasp_label_positive/7c73ee149b77510c3fdea00e647a3e2f5ec63fb1cd1586eb3b2e0d7bf86b1c25_0_2.pt	5x6	0.019915	234.417358	Pick up banana by its peel.	27
7ba581c959fca97bcbee6b368ff78ea294e421e9e4531a48a8e733e569c8f93b_1_0	7ba581c959fca97bcbee6b368ff78ea294e421e9e4531a48a8e733e569c8f93b	1	0	/mnt/data/grasp-anything-lgd/data/processed/grasp-anything-pp/grasp_instructions/grasp_instructions/7ba581c959fca97bcbee6b368ff78ea294e421e9e4531a48a8e733e569c8f93b_1_0.pkl	/mnt/data/grasp-anything-lgd/data/processed/grasp-anything-pp/grasp_label_positive/grasp_label_positive/7ba581c959fca97bcbee6b368ff78ea294e421e9e4531a48a8e733e569c8f93b_1_0.pt	1x6	0.22582	0.871336	Pick up tomato by its fruit.	28
05e30ad70dfd6f2242ea22e88981621b957680c836898f6bdc4ec9b864283de0_0_1	05e30ad70dfd6f2242ea22e88981621b957680c836898f6bdc4ec9b864283de0	0	1	/mnt/data/grasp-anything-lgd/data/processed/grasp-anything-pp/grasp_instructions/grasp_instructions/05e30ad70dfd6f2242ea22e88981621b957680c836898f6bdc4ec9b864283de0_0_1.pkl	/mnt/data/grasp-anything-lgd/data/processed/grasp-anything-pp/grasp_label_positive/grasp_label_positive/05e30ad70dfd6f2242ea22e88981621b957680c836898f6bdc4ec9b864283de0_0_1.pt	3x6	0.0156	375.007294	Take plant by its stems.	24
863e06eff717f2ac654b268684ab62e1312310790234570b23ccf7a24e54336a_0_2	863e06eff717f2ac654b268684ab62e1312310790234570b23ccf7a24e54336a	0	2	/mnt/data/grasp-anything-lgd/data/processed/grasp-anything-pp/grasp_instructions/grasp_instructions/863e06eff717f2ac654b268684ab62e1312310790234570b23ccf7a24e54336a_0_2.pkl	/mnt/data/grasp-anything-lgd/data/processed/grasp-anything-pp/grasp_label_positive/grasp_label_positive/863e06eff717f2ac654b268684ab62e1312310790234570b23ccf7a24e54336a_0_2.pt	17x6	0.011843	325.432037	Fetch stapler by its base.	26
f06821309efef09beb50f7dc7db125de4cb38c98acc8a77f08ca06cb904ff37c_0_1	f06821309efef09beb50f7dc7db125de4cb38c98acc8a77f08ca06cb904ff37c	0	1	/mnt/data/grasp-anything-lgd/data/processed/grasp-anything-pp/grasp_instructions/grasp_instructions/f06821309efef09beb50f7dc7db125de4cb38c98acc8a77f08ca06cb904ff37c_0_1.pkl	/mnt/data/grasp-anything-lgd/data/processed/grasp-anything-pp/grasp_label_positive/grasp_label_positive/f06821309efef09beb50f7dc7db125de4cb38c98acc8a77f08ca06cb904ff37c_0_1.pt	4x6	0.036578	323.876862	Hold marker at its tip.	23
4ac39a0c884f233e37c17de75872e13738836a39ae3822d363b2cfaf2f494675_0_1	4ac39a0c884f233e37c17de75872e13738836a39ae3822d363b2cfaf2f494675	0	1	/mnt/data/grasp-anything-lgd/data/processed/grasp-anything-pp/grasp_instructions/grasp_instructions/4ac39a0c884f233e37c17de75872e13738836a39ae3822d363b2cfaf2f494675_0_1.pkl	/mnt/data/grasp-anything-lgd/data/processed/grasp-anything-pp/grasp_label_positive/grasp_label_positive/4ac39a0c884f233e37c17de75872e13738836a39ae3822d363b2cfaf2f494675_0_1.pt	8x6	0.035743	322.458893	Grasp spoon at its bowl-shaped.	31
57e8c1350e444b7d664680b9a635835dc4d93be6f0eee7cc4431a7446b5ce7ef_0_2	57e8c1350e444b7d664680b9a635835dc4d93be6f0eee7cc4431a7446b5ce7ef	0	2	/mnt/data/grasp-anything-lgd/data/processed/grasp-anything-pp/grasp_instructions/grasp_instructions/57e8c1350e444b7d664680b9a635835dc4d93be6f0eee7cc4431a7446b5ce7ef_0_2.pkl	/mnt/data/grasp-anything-lgd/data/processed/grasp-anything-pp/grasp_label_positive/grasp_label_positive/57e8c1350e444b7d664680b9a635835dc4d93be6f0eee7cc4431a7446b5ce7ef_0_2.pt	1x6	0.076081	334.124237	Fetch remote by its infrared sensor.	36
92ebf85e987bb952560bff41f57407b723078628cabeb43245fd23fbe0a7d4ca_0_2	92ebf85e987bb952560bff41f57407b723078628cabeb43245fd23fbe0a7d4ca	0	2	/mnt/data/grasp-anything-lgd/data/processed/grasp-anything-pp/grasp_instructions/grasp_instructions/92ebf85e987bb952560bff41f57407b723078628cabeb43245fd23fbe0a7d4ca_0_2.pkl	/mnt/data/grasp-anything-lgd/data/processed/grasp-anything-pp/grasp_label_positive/grasp_label_positive/92ebf85e987bb952560bff41f57407b723078628cabeb43245fd23fbe0a7d4ca_0_2.pt	1x6	0.041823	300.075409	Take apple by its seeds.	24
68b2d41bc703f2a7d3d3e1715ba55730b5f1421e55d61278531fa39430ea3850_1_2	68b2d41bc703f2a7d3d3e1715ba55730b5f1421e55d61278531fa39430ea3850	1	2	/mnt/data/grasp-anything-lgd/data/processed/grasp-anything-pp/grasp_instructions/grasp_instructions/68b2d41bc703f2a7d3d3e1715ba55730b5f1421e55d61278531fa39430ea3850_1_2.pkl	/mnt/data/grasp-anything-lgd/data/processed/grasp-anything-pp/grasp_label_positive/grasp_label_positive/68b2d41bc703f2a7d3d3e1715ba55730b5f1421e55d61278531fa39430ea3850_1_2.pt	9x6	0.010905	258.551727	Take hold of stapler on its base.	33
b9051bb4e4f012a7d86d7d7c65e39d424f2a29c5635f4f5f6e8e02aa5fce7911_1_0	b9051bb4e4f012a7d86d7d7c65e39d424f2a29c5635f4f5f6e8e02aa5fce7911	1	0	/mnt/data/grasp-anything-lgd/data/processed/grasp-anything-pp/grasp_instructions/grasp_instructions/b9051bb4e4f012a7d86d7d7c65e39d424f2a29c5635f4f5f6e8e02aa5fce7911_1_0.pkl	/mnt/data/grasp-anything-lgd/data/processed/grasp-anything-pp/grasp_label_positive/grasp_label_positive/b9051bb4e4f012a7d86d7d7c65e39d424f2a29c5635f4f5f6e8e02aa5fce7911_1_0.pt	17x6	0.021502	236.305939	Grasp stapler at its office tool.	33
a2d7afb80e80c154b69f2d804b4a4009d038c199b61d6b8d7a0932dae7afc0fe_1_0	a2d7afb80e80c154b69f2d804b4a4009d038c199b61d6b8d7a0932dae7afc0fe	1	0	/mnt/data/grasp-anything-lgd/data/processed/grasp-anything-pp/grasp_instructions/grasp_instructions/a2d7afb80e80c154b69f2d804b4a4009d038c199b61d6b8d7a0932dae7afc0fe_1_0.pkl	/mnt/data/grasp-anything-lgd/data/processed/grasp-anything-pp/grasp_label_positive/grasp_label_positive/a2d7afb80e80c154b69f2d804b4a4009d038c199b61d6b8d7a0932dae7afc0fe_1_0.pt	2x6	0.028754	374.687561	Take car by its body.	21
99cb975f6e09ff95db7d7e7eba08db572b856bb1d7f75ba0eadeab32e485582f_1_1	99cb975f6e09ff95db7d7e7eba08db572b856bb1d7f75ba0eadeab32e485582f	1	1	/mnt/data/grasp-anything-lgd/data/processed/grasp-anything-pp/grasp_instructions/grasp_instructions/99cb975f6e09ff95db7d7e7eba08db572b856bb1d7f75ba0eadeab32e485582f_1_1.pkl	/mnt/data/grasp-anything-lgd/data/processed/grasp-anything-pp/grasp_label_positive/grasp_label_positive/99cb975f6e09ff95db7d7e7eba08db572b856bb1d7f75ba0eadeab32e485582f_1_1.pt	4x6	0.045876	373.577423	Grab orange on its segments.	28
5ad7b0f3529bdfdba8e88d388358bde342a6fe5785bc0f22cec44484c966944b_1_2	5ad7b0f3529bdfdba8e88d388358bde342a6fe5785bc0f22cec44484c966944b	1	2	/mnt/data/grasp-anything-lgd/data/processed/grasp-anything-pp/grasp_instructions/grasp_instructions/5ad7b0f3529bdfdba8e88d388358bde342a6fe5785bc0f22cec44484c966944b_1_2.pkl	/mnt/data/grasp-anything-lgd/data/processed/grasp-anything-pp/grasp_label_positive/grasp_label_positive/5ad7b0f3529bdfdba8e88d388358bde342a6fe5785bc0f22cec44484c966944b_1_2.pt	10x6	0.01332	356.714142	Fetch coin by its value.	24
bbe1eec1518b2bc7253651c9c13f5c5608eeadc72b6cdd648b29b6d1e8276dcd_0_2	bbe1eec1518b2bc7253651c9c13f5c5608eeadc72b6cdd648b29b6d1e8276dcd	0	2	/mnt/data/grasp-anything-lgd/data/processed/grasp-anything-pp/grasp_instructions/grasp_instructions/bbe1eec1518b2bc7253651c9c13f5c5608eeadc72b6cdd648b29b6d1e8276dcd_0_2.pkl	/mnt/data/grasp-anything-lgd/data/processed/grasp-anything-pp/grasp_label_positive/grasp_label_positive/bbe1eec1518b2bc7253651c9c13f5c5608eeadc72b6cdd648b29b6d1e8276dcd_0_2.pt	1x6	0.0	180.46344	Take fork by its prongs.	24
bd711943c5e168d5de40430fdf13d092a72cf9a2f7a4df0ff83000030b1aa932_0_2	bd711943c5e168d5de40430fdf13d092a72cf9a2f7a4df0ff83000030b1aa932	0	2	/mnt/data/grasp-anything-lgd/data/processed/grasp-anything-pp/grasp_instructions/grasp_instructions/bd711943c5e168d5de40430fdf13d092a72cf9a2f7a4df0ff83000030b1aa932_0_2.pkl	/mnt/data/grasp-anything-lgd/data/processed/grasp-anything-pp/grasp_label_positive/grasp_label_positive/bd711943c5e168d5de40430fdf13d092a72cf9a2f7a4df0ff83000030b1aa932_0_2.pt	8x6	0.063773	336.507874	Grip key on its ring.	21
da09c9277db0f319dceb70191f734144ece553c0c84cbe393db5d191b71891cb_1_0	da09c9277db0f319dceb70191f734144ece553c0c84cbe393db5d191b71891cb	1	0	/mnt/data/grasp-anything-lgd/data/processed/grasp-anything-pp/grasp_instructions/grasp_instructions/da09c9277db0f319dceb70191f734144ece553c0c84cbe393db5d191b71891cb_1_0.pkl	/mnt/data/grasp-anything-lgd/data/processed/grasp-anything-pp/grasp_label_positive/grasp_label_positive/da09c9277db0f319dceb70191f734144ece553c0c84cbe393db5d191b71891cb_1_0.pt	8x6	0.102018	229.435776	Grasp mug at its handle.	24
763a61febab77928dc34c0beac5af3342a984408fed71dd9fd77c70ecdc427a1_2_0	763a61febab77928dc34c0beac5af3342a984408fed71dd9fd77c70ecdc427a1	2	0	/mnt/data/grasp-anything-lgd/data/processed/grasp-anything-pp/grasp_instructions/grasp_instructions/763a61febab77928dc34c0beac5af3342a984408fed71dd9fd77c70ecdc427a1_2_0.pkl	/mnt/data/grasp-anything-lgd/data/processed/grasp-anything-pp/grasp_label_positive/grasp_label_positive/763a61febab77928dc34c0beac5af3342a984408fed71dd9fd77c70ecdc427a1_2_0.pt	5x6	0.061486	275.559021	Lift eraser by its rubber or material.	38
9d334f2e8e1fe8bc61227dddc105b01fe22e5a32cfdc71122111e9b9aecfb073_1_0	9d334f2e8e1fe8bc61227dddc105b01fe22e5a32cfdc71122111e9b9aecfb073	1	0	/mnt/data/grasp-anything-lgd/data/processed/grasp-anything-pp/grasp_instructions/grasp_instructions/9d334f2e8e1fe8bc61227dddc105b01fe22e5a32cfdc71122111e9b9aecfb073_1_0.pkl	/mnt/data/grasp-anything-lgd/data/processed/grasp-anything-pp/grasp_label_positive/grasp_label_positive/9d334f2e8e1fe8bc61227dddc105b01fe22e5a32cfdc71122111e9b9aecfb073_1_0.pt	22x6	0.009288	378.677307	Grasp fork at its tines.	24
0b5e9022be7702597219e4b0b5a686a0358a810c4fa0c338312de4e3d891b5dc_0_1	0b5e9022be7702597219e4b0b5a686a0358a810c4fa0c338312de4e3d891b5dc	0	1	/mnt/data/grasp-anything-lgd/data/processed/grasp-anything-pp/grasp_instructions/grasp_instructions/0b5e9022be7702597219e4b0b5a686a0358a810c4fa0c338312de4e3d891b5dc_0_1.pkl	/mnt/data/grasp-anything-lgd/data/processed/grasp-anything-pp/grasp_label_positive/grasp_label_positive/0b5e9022be7702597219e4b0b5a686a0358a810c4fa0c338312de4e3d891b5dc_0_1.pt	1x6	0.018717	272.831818	Lift banana by its flesh.	25
5542d7e86c51bffa8d3cf189e90208ed214a0f88468b4733693a8a9a16ec0101_1_2	5542d7e86c51bffa8d3cf189e90208ed214a0f88468b4733693a8a9a16ec0101	1	2	/mnt/data/grasp-anything-lgd/data/processed/grasp-anything-pp/grasp_instructions/grasp_instructions/5542d7e86c51bffa8d3cf189e90208ed214a0f88468b4733693a8a9a16ec0101_1_2.pkl	/mnt/data/grasp-anything-lgd/data/processed/grasp-anything-pp/grasp_label_positive/grasp_label_positive/5542d7e86c51bffa8d3cf189e90208ed214a0f88468b4733693a8a9a16ec0101_1_2.pt	10x6	0.105049	258.095276	Grab lime on its seeds.	23
2e20616f60766e4bda475e3e3766fc0f4879fe90068080946f5ced15efe4ff3f_0_1	2e20616f60766e4bda475e3e3766fc0f4879fe90068080946f5ced15efe4ff3f	0	1	/mnt/data/grasp-anything-lgd/data/processed/grasp-anything-pp/grasp_instructions/grasp_instructions/2e20616f60766e4bda475e3e3766fc0f4879fe90068080946f5ced15efe4ff3f_0_1.pkl	/mnt/data/grasp-anything-lgd/data/processed/grasp-anything-pp/grasp_label_positive/grasp_label_positive/2e20616f60766e4bda475e3e3766fc0f4879fe90068080946f5ced15efe4ff3f_0_1.pt	6x6	0.036693	322.572876	Grab pen on its ink or lead.	28
5dc4ce20f1d809164789c8ef1a591f2026134ad93e725d14b081e3bfaab0534f_0_2	5dc4ce20f1d809164789c8ef1a591f2026134ad93e725d14b081e3bfaab0534f	0	2	/mnt/data/grasp-anything-lgd/data/processed/grasp-anything-pp/grasp_instructions/grasp_instructions/5dc4ce20f1d809164789c8ef1a591f2026134ad93e725d14b081e3bfaab0534f_0_2.pkl	/mnt/data/grasp-anything-lgd/data/processed/grasp-anything-pp/grasp_label_positive/grasp_label_positive/5dc4ce20f1d809164789c8ef1a591f2026134ad93e725d14b081e3bfaab0534f_0_2.pt	7x6	0.03369	273.003632	Grab highlighter on its cap.	28
e7aec795095a634ae4d26eb53904bb177de4d6d79e1d910a56361ea6a9fad045_2_2	e7aec795095a634ae4d26eb53904bb177de4d6d79e1d910a56361ea6a9fad045	2	2	/mnt/data/grasp-anything-lgd/data/processed/grasp-anything-pp/grasp_instructions/grasp_instructions/e7aec795095a634ae4d26eb53904bb177de4d6d79e1d910a56361ea6a9fad045_2_2.pkl	/mnt/data/grasp-anything-lgd/data/processed/grasp-anything-pp/grasp_label_positive/grasp_label_positive/e7aec795095a634ae4d26eb53904bb177de4d6d79e1d910a56361ea6a9fad045_2_2.pt	22x6	0.013969	338.140076	Pick up ruler by its length.	28
cc082274aef00fb8871b6e7a7cbaf9ec6a0e3c1061762f59cd4176d003f78794_0_2	cc082274aef00fb8871b6e7a7cbaf9ec6a0e3c1061762f59cd4176d003f78794	0	2	/mnt/data/grasp-anything-lgd/data/processed/grasp-anything-pp/grasp_instructions/grasp_instructions/cc082274aef00fb8871b6e7a7cbaf9ec6a0e3c1061762f59cd4176d003f78794_0_2.pkl	/mnt/data/grasp-anything-lgd/data/processed/grasp-anything-pp/grasp_label_positive/grasp_label_positive/cc082274aef00fb8871b6e7a7cbaf9ec6a0e3c1061762f59cd4176d003f78794_0_2.pt	2x6	0.073983	369.646973	Hold pen at its cap.	20
8a756868ee1abcffe0ea871f0b1d633ccda5831453e7a534375829e3ba953aa8_1_0	8a756868ee1abcffe0ea871f0b1d633ccda5831453e7a534375829e3ba953aa8	1	0	/mnt/data/grasp-anything-lgd/data/processed/grasp-anything-pp/grasp_instructions/grasp_instructions/8a756868ee1abcffe0ea871f0b1d633ccda5831453e7a534375829e3ba953aa8_1_0.pkl	/mnt/data/grasp-anything-lgd/data/processed/grasp-anything-pp/grasp_label_positive/grasp_label_positive/8a756868ee1abcffe0ea871f0b1d633ccda5831453e7a534375829e3ba953aa8_1_0.pt	4x6	0.016413	371.469421	Pick up spoon by its utensil.	29
c065adab735b738b918274e801532c182b9acf3d428a9d19a03932faafa04b4a_0_2	c065adab735b738b918274e801532c182b9acf3d428a9d19a03932faafa04b4a	0	2	/mnt/data/grasp-anything-lgd/data/processed/grasp-anything-pp/grasp_instructions/grasp_instructions/c065adab735b738b918274e801532c182b9acf3d428a9d19a03932faafa04b4a_0_2.pkl	/mnt/data/grasp-anything-lgd/data/processed/grasp-anything-pp/grasp_label_positive/grasp_label_positive/c065adab735b738b918274e801532c182b9acf3d428a9d19a03932faafa04b4a_0_2.pt	3x6	0.090549	202.516861	Hold highlighter at its cap.	28
bf6c72629ac906231bd423c9e5d80bafe1a592328b7a5aa57b320b8d5b69bfd1_1_0	bf6c72629ac906231bd423c9e5d80bafe1a592328b7a5aa57b320b8d5b69bfd1	1	0	/mnt/data/grasp-anything-lgd/data/processed/grasp-anything-pp/grasp_instructions/grasp_instructions/bf6c72629ac906231bd423c9e5d80bafe1a592328b7a5aa57b320b8d5b69bfd1_1_0.pkl	/mnt/data/grasp-anything-lgd/data/processed/grasp-anything-pp/grasp_label_positive/grasp_label_positive/bf6c72629ac906231bd423c9e5d80bafe1a592328b7a5aa57b320b8d5b69bfd1_1_0.pt	11x6	0.022386	361.558258	Grip highlighter on its marker.	31
187f396de170e4e7b42cd9b100897f4759556425197000bd61176dde2d40ac55_1_2	187f396de170e4e7b42cd9b100897f4759556425197000bd61176dde2d40ac55	1	2	/mnt/data/grasp-anything-lgd/data/processed/grasp-anything-pp/grasp_instructions/grasp_instructions/187f396de170e4e7b42cd9b100897f4759556425197000bd61176dde2d40ac55_1_2.pkl	/mnt/data/grasp-anything-lgd/data/processed/grasp-anything-pp/grasp_label_positive/grasp_label_positive/187f396de170e4e7b42cd9b100897f4759556425197000bd61176dde2d40ac55_1_2.pt	1x6	0.0	116.289803	Take hold of banana on its peel.	32
b946243729a4cc86f5d4cf9dea3caad0432672008e75b7f8169b0c522687f9e7_0_0	b946243729a4cc86f5d4cf9dea3caad0432672008e75b7f8169b0c522687f9e7	0	0	/mnt/data/grasp-anything-lgd/data/processed/grasp-anything-pp/grasp_instructions/grasp_instructions/b946243729a4cc86f5d4cf9dea3caad0432672008e75b7f8169b0c522687f9e7_0_0.pkl	/mnt/data/grasp-anything-lgd/data/processed/grasp-anything-pp/grasp_label_positive/grasp_label_positive/b946243729a4cc86f5d4cf9dea3caad0432672008e75b7f8169b0c522687f9e7_0_0.pt	10x6	0.01485	379.850037	Take pencil by its wooden or plastic.	37
983c6afe25e434df477f3003b4aaadc3890263210dda9f023f56c42898adbe1b_0_0	983c6afe25e434df477f3003b4aaadc3890263210dda9f023f56c42898adbe1b	0	0	/mnt/data/grasp-anything-lgd/data/processed/grasp-anything-pp/grasp_instructions/grasp_instructions/983c6afe25e434df477f3003b4aaadc3890263210dda9f023f56c42898adbe1b_0_0.pkl	/mnt/data/grasp-anything-lgd/data/processed/grasp-anything-pp/grasp_label_positive/grasp_label_positive/983c6afe25e434df477f3003b4aaadc3890263210dda9f023f56c42898adbe1b_0_0.pt	7x6	0.112276	326.683441	Take eraser by its rubber or material.	38
258f813e8f9fa9969b08dac7e8da64c2a06c1b8fa9d97a2e41b6d56b2dd53985_1_2	258f813e8f9fa9969b08dac7e8da64c2a06c1b8fa9d97a2e41b6d56b2dd53985	1	2	/mnt/data/grasp-anything-lgd/data/processed/grasp-anything-pp/grasp_instructions/grasp_instructions/258f813e8f9fa9969b08dac7e8da64c2a06c1b8fa9d97a2e41b6d56b2dd53985_1_2.pkl	/mnt/data/grasp-anything-lgd/data/processed/grasp-anything-pp/grasp_label_positive/grasp_label_positive/258f813e8f9fa9969b08dac7e8da64c2a06c1b8fa9d97a2e41b6d56b2dd53985_1_2.pt	9x6	0.041067	241.183075	Take lemon by its seeds.	24
083de42ae63c30177c576f382a390aa79fdcd220c184219429de050e16893962_0_1	083de42ae63c30177c576f382a390aa79fdcd220c184219429de050e16893962	0	1	/mnt/data/grasp-anything-lgd/data/processed/grasp-anything-pp/grasp_instructions/grasp_instructions/083de42ae63c30177c576f382a390aa79fdcd220c184219429de050e16893962_0_1.pkl	/mnt/data/grasp-anything-lgd/data/processed/grasp-anything-pp/grasp_label_positive/grasp_label_positive/083de42ae63c30177c576f382a390aa79fdcd220c184219429de050e16893962_0_1.pt	1x6	0.043035	342.633667	Grip ball on its material.	26
b15ae9d9d6521455aa1b08387aa0d31af6f791333c4180f53c8a9632cd110af6_1_3	b15ae9d9d6521455aa1b08387aa0d31af6f791333c4180f53c8a9632cd110af6	1	3	/mnt/data/grasp-anything-lgd/data/processed/grasp-anything-pp/grasp_instructions/grasp_instructions/b15ae9d9d6521455aa1b08387aa0d31af6f791333c4180f53c8a9632cd110af6_1_3.pkl	/mnt/data/grasp-anything-lgd/data/processed/grasp-anything-pp/grasp_label_positive/grasp_label_positive/b15ae9d9d6521455aa1b08387aa0d31af6f791333c4180f53c8a9632cd110af6_1_3.pt	1x6	0.292752	0.891165	Lift apple by its stem.	23
b0bd24d15c1bb0402269975304ae15fb65fab2b9dd44a00949c041f28918fff7_0_0	b0bd24d15c1bb0402269975304ae15fb65fab2b9dd44a00949c041f28918fff7	0	0	/mnt/data/grasp-anything-lgd/data/processed/grasp-anything-pp/grasp_instructions/grasp_instructions/b0bd24d15c1bb0402269975304ae15fb65fab2b9dd44a00949c041f28918fff7_0_0.pkl	/mnt/data/grasp-anything-lgd/data/processed/grasp-anything-pp/grasp_label_positive/grasp_label_positive/b0bd24d15c1bb0402269975304ae15fb65fab2b9dd44a00949c041f28918fff7_0_0.pt	21x6	0.019205	262.70166	Take hold of pen on its barrel.	31
e5cff90e3f9a99ca6edfb506293a7422812487687a1b86bfc6df6a832a53afe4_0_2	e5cff90e3f9a99ca6edfb506293a7422812487687a1b86bfc6df6a832a53afe4	0	2	/mnt/data/grasp-anything-lgd/data/processed/grasp-anything-pp/grasp_instructions/grasp_instructions/e5cff90e3f9a99ca6edfb506293a7422812487687a1b86bfc6df6a832a53afe4_0_2.pkl	/mnt/data/grasp-anything-lgd/data/processed/grasp-anything-pp/grasp_label_positive/grasp_label_positive/e5cff90e3f9a99ca6edfb506293a7422812487687a1b86bfc6df6a832a53afe4_0_2.pt	1x6	0.035604	0.795903	Lift apple by its seeds.	24
8951befff84fbe1fc59b1de23ef2bb95b77de2894d4a7d7a70206808a09a5118_0_1	8951befff84fbe1fc59b1de23ef2bb95b77de2894d4a7d7a70206808a09a5118	0	1	/mnt/data/grasp-anything-lgd/data/processed/grasp-anything-pp/grasp_instructions/grasp_instructions/8951befff84fbe1fc59b1de23ef2bb95b77de2894d4a7d7a70206808a09a5118_0_1.pkl	/mnt/data/grasp-anything-lgd/data/processed/grasp-anything-pp/grasp_label_positive/grasp_label_positive/8951befff84fbe1fc59b1de23ef2bb95b77de2894d4a7d7a70206808a09a5118_0_1.pt	4x6	0.023871	366.002167	Grab lipstick on its color.	27
4e2270544f5bbc835dc539d528cee151cc2f4c84156f058c151588aca45f2679_0_2	4e2270544f5bbc835dc539d528cee151cc2f4c84156f058c151588aca45f2679	0	2	/mnt/data/grasp-anything-lgd/data/processed/grasp-anything-pp/grasp_instructions/grasp_instructions/4e2270544f5bbc835dc539d528cee151cc2f4c84156f058c151588aca45f2679_0_2.pkl	/mnt/data/grasp-anything-lgd/data/processed/grasp-anything-pp/grasp_label_positive/grasp_label_positive/4e2270544f5bbc835dc539d528cee151cc2f4c84156f058c151588aca45f2679_0_2.pt	6x6	0.003436	296.521667	Take pen by its cap.	20
a7742c1462ad3bf73c2f45beb35d95b17a6e40f36c6e46169df0b606533505ec_1_0	a7742c1462ad3bf73c2f45beb35d95b17a6e40f36c6e46169df0b606533505ec	1	0	/mnt/data/grasp-anything-lgd/data/processed/grasp-anything-pp/grasp_instructions/grasp_instructions/a7742c1462ad3bf73c2f45beb35d95b17a6e40f36c6e46169df0b606533505ec_1_0.pkl	/mnt/data/grasp-anything-lgd/data/processed/grasp-anything-pp/grasp_label_positive/grasp_label_positive/a7742c1462ad3bf73c2f45beb35d95b17a6e40f36c6e46169df0b606533505ec_1_0.pt	5x6	0.019354	276.704742	Grab banana on its skin.	24
5657e82e463a6913a8d3355861e67125e70c8bed0b80e203f162dbaa8df45a0b_1_3	5657e82e463a6913a8d3355861e67125e70c8bed0b80e203f162dbaa8df45a0b	1	3	/mnt/data/grasp-anything-lgd/data/processed/grasp-anything-pp/grasp_instructions/grasp_instructions/5657e82e463a6913a8d3355861e67125e70c8bed0b80e203f162dbaa8df45a0b_1_3.pkl	/mnt/data/grasp-anything-lgd/data/processed/grasp-anything-pp/grasp_label_positive/grasp_label_positive/5657e82e463a6913a8d3355861e67125e70c8bed0b80e203f162dbaa8df45a0b_1_3.pt	2x6	0.072635	204.942184	Hold apple at its stem.	23
f33eba3baee4dbafd9ba6690abe7c0193dcc78f5b057fa0278943a4c01ca4209_0_1	f33eba3baee4dbafd9ba6690abe7c0193dcc78f5b057fa0278943a4c01ca4209	0	1	/mnt/data/grasp-anything-lgd/data/processed/grasp-anything-pp/grasp_instructions/grasp_instructions/f33eba3baee4dbafd9ba6690abe7c0193dcc78f5b057fa0278943a4c01ca4209_0_1.pkl	/mnt/data/grasp-anything-lgd/data/processed/grasp-anything-pp/grasp_label_positive/grasp_label_positive/f33eba3baee4dbafd9ba6690abe7c0193dcc78f5b057fa0278943a4c01ca4209_0_1.pt	2x6	0.044342	307.172699	Grab remote on its buttons.	27
d87c3147ed339c9c29562587f309ba842b0f9e8c2f7911d66bd36c83bffde662_0_0	d87c3147ed339c9c29562587f309ba842b0f9e8c2f7911d66bd36c83bffde662	0	0	/mnt/data/grasp-anything-lgd/data/processed/grasp-anything-pp/grasp_instructions/grasp_instructions/d87c3147ed339c9c29562587f309ba842b0f9e8c2f7911d66bd36c83bffde662_0_0.pkl	/mnt/data/grasp-anything-lgd/data/processed/grasp-anything-pp/grasp_label_positive/grasp_label_positive/d87c3147ed339c9c29562587f309ba842b0f9e8c2f7911d66bd36c83bffde662_0_0.pt	6x6	0.013758	386.786041	Take hold of banana on its skin.	32
066d3cbc6c32f6806ac0af0110269f5395bff3cebcd83e150f96efcdd274cbba_0_1	066d3cbc6c32f6806ac0af0110269f5395bff3cebcd83e150f96efcdd274cbba	0	1	/mnt/data/grasp-anything-lgd/data/processed/grasp-anything-pp/grasp_instructions/grasp_instructions/066d3cbc6c32f6806ac0af0110269f5395bff3cebcd83e150f96efcdd274cbba_0_1.pkl	/mnt/data/grasp-anything-lgd/data/processed/grasp-anything-pp/grasp_label_positive/grasp_label_positive/066d3cbc6c32f6806ac0af0110269f5395bff3cebcd83e150f96efcdd274cbba_0_1.pt	4x6	0.095374	202.960403	Fetch stapler by its metal clasp.	33
cd3ba1bf9ba11775c8ce783daca3a6a7ba894d57d3095d1c08c920b7eab21540_1_2	cd3ba1bf9ba11775c8ce783daca3a6a7ba894d57d3095d1c08c920b7eab21540	1	2	/mnt/data/grasp-anything-lgd/data/processed/grasp-anything-pp/grasp_instructions/grasp_instructions/cd3ba1bf9ba11775c8ce783daca3a6a7ba894d57d3095d1c08c920b7eab21540_1_2.pkl	/mnt/data/grasp-anything-lgd/data/processed/grasp-anything-pp/grasp_label_positive/grasp_label_positive/cd3ba1bf9ba11775c8ce783daca3a6a7ba894d57d3095d1c08c920b7eab21540_1_2.pt	1x6	0.130049	238.332947	Pick up lime by its seeds.	26
9900c5b94cc4d901918e80d6548cc12d426f7e60d7f742b46f6b86d006823871_0_2	9900c5b94cc4d901918e80d6548cc12d426f7e60d7f742b46f6b86d006823871	0	2	/mnt/data/grasp-anything-lgd/data/processed/grasp-anything-pp/grasp_instructions/grasp_instructions/9900c5b94cc4d901918e80d6548cc12d426f7e60d7f742b46f6b86d006823871_0_2.pkl	/mnt/data/grasp-anything-lgd/data/processed/grasp-anything-pp/grasp_label_positive/grasp_label_positive/9900c5b94cc4d901918e80d6548cc12d426f7e60d7f742b46f6b86d006823871_0_2.pt	7x6	0.052407	354.713135	Hold remote at its infrared sensor.	35
54008bce5a4db9ad464f32b1c03290c38d03b6d713ed7f3c24a5fadb5965fe5a_0_1	54008bce5a4db9ad464f32b1c03290c38d03b6d713ed7f3c24a5fadb5965fe5a	0	1	/mnt/data/grasp-anything-lgd/data/processed/grasp-anything-pp/grasp_instructions/grasp_instructions/54008bce5a4db9ad464f32b1c03290c38d03b6d713ed7f3c24a5fadb5965fe5a_0_1.pkl	/mnt/data/grasp-anything-lgd/data/processed/grasp-anything-pp/grasp_label_positive/grasp_label_positive/54008bce5a4db9ad464f32b1c03290c38d03b6d713ed7f3c24a5fadb5965fe5a_0_1.pt	23x6	0.006764	327.621124	Take hold of marker on its tip.	31
603ace97783c93ad4f3898f6194ead2a5adec410421ae14106a29908eb93a090_1_2	603ace97783c93ad4f3898f6194ead2a5adec410421ae14106a29908eb93a090	1	2	/mnt/data/grasp-anything-lgd/data/processed/grasp-anything-pp/grasp_instructions/grasp_instructions/603ace97783c93ad4f3898f6194ead2a5adec410421ae14106a29908eb93a090_1_2.pkl	/mnt/data/grasp-anything-lgd/data/processed/grasp-anything-pp/grasp_label_positive/grasp_label_positive/603ace97783c93ad4f3898f6194ead2a5adec410421ae14106a29908eb93a090_1_2.pt	3x6	0.045448	152.625488	Fetch wallet by its closure.	28
da64889de7c90492ced1f7758a77260f24f634b3f8ac9beaa8d14088f942bc9a_1_1	da64889de7c90492ced1f7758a77260f24f634b3f8ac9beaa8d14088f942bc9a	1	1	/mnt/data/grasp-anything-lgd/data/processed/grasp-anything-pp/grasp_instructions/grasp_instructions/da64889de7c90492ced1f7758a77260f24f634b3f8ac9beaa8d14088f942bc9a_1_1.pkl	/mnt/data/grasp-anything-lgd/data/processed/grasp-anything-pp/grasp_label_positive/grasp_label_positive/da64889de7c90492ced1f7758a77260f24f634b3f8ac9beaa8d14088f942bc9a_1_1.pt	8x6	0.006754	300.571411	Grip pen on its ink or lead.	28
20b443ec3ba9aa1b98e83a09786ee7d0b3ed19f399378482b698615ae37144f3_1_2	20b443ec3ba9aa1b98e83a09786ee7d0b3ed19f399378482b698615ae37144f3	1	2	/mnt/data/grasp-anything-lgd/data/processed/grasp-anything-pp/grasp_instructions/grasp_instructions/20b443ec3ba9aa1b98e83a09786ee7d0b3ed19f399378482b698615ae37144f3_1_2.pkl	/mnt/data/grasp-anything-lgd/data/processed/grasp-anything-pp/grasp_label_positive/grasp_label_positive/20b443ec3ba9aa1b98e83a09786ee7d0b3ed19f399378482b698615ae37144f3_1_2.pt	1x6	0.017202	242.670441	Hold cable at its length.	25
7494f1e96058557900723d97b463fe9f9494be451597b155fc9c3cccd74a6f09_0_1	7494f1e96058557900723d97b463fe9f9494be451597b155fc9c3cccd74a6f09	0	1	/mnt/data/grasp-anything-lgd/data/processed/grasp-anything-pp/grasp_instructions/grasp_instructions/7494f1e96058557900723d97b463fe9f9494be451597b155fc9c3cccd74a6f09_0_1.pkl	/mnt/data/grasp-anything-lgd/data/processed/grasp-anything-pp/grasp_label_positive/grasp_label_positive/7494f1e96058557900723d97b463fe9f9494be451597b155fc9c3cccd74a6f09_0_1.pt	10x6	0.027115	321.220856	Fetch wallet by its compartments.	33
f36c15b1d8b6e924cfa2c2ef24edf83a7e9542e2952c9399f8434f4f7cfa9d11_1_1	f36c15b1d8b6e924cfa2c2ef24edf83a7e9542e2952c9399f8434f4f7cfa9d11	1	1	/mnt/data/grasp-anything-lgd/data/processed/grasp-anything-pp/grasp_instructions/grasp_instructions/f36c15b1d8b6e924cfa2c2ef24edf83a7e9542e2952c9399f8434f4f7cfa9d11_1_1.pkl	/mnt/data/grasp-anything-lgd/data/processed/grasp-anything-pp/grasp_label_positive/grasp_label_positive/f36c15b1d8b6e924cfa2c2ef24edf83a7e9542e2952c9399f8434f4f7cfa9d11_1_1.pt	6x6	0.04469	376.321899	Pick up eraser by its shape.	28
973bb0fda1230c0aafbff73053c1ac854100d69a4514a30e7356bc43abd6b3a5_0_1	973bb0fda1230c0aafbff73053c1ac854100d69a4514a30e7356bc43abd6b3a5	0	1	/mnt/data/grasp-anything-lgd/data/processed/grasp-anything-pp/grasp_instructions/grasp_instructions/973bb0fda1230c0aafbff73053c1ac854100d69a4514a30e7356bc43abd6b3a5_0_1.pkl	/mnt/data/grasp-anything-lgd/data/processed/grasp-anything-pp/grasp_label_positive/grasp_label_positive/973bb0fda1230c0aafbff73053c1ac854100d69a4514a30e7356bc43abd6b3a5_0_1.pt	3x6	0.09204	334.737335	Lift highlighter by its bright color.	37
c6a99d99694aab2dccddb0b9d8a4717e64897a4f0f37c278ab9bcfd9ef782b6a_0_2	c6a99d99694aab2dccddb0b9d8a4717e64897a4f0f37c278ab9bcfd9ef782b6a	0	2	/mnt/data/grasp-anything-lgd/data/processed/grasp-anything-pp/grasp_instructions/grasp_instructions/c6a99d99694aab2dccddb0b9d8a4717e64897a4f0f37c278ab9bcfd9ef782b6a_0_2.pkl	/mnt/data/grasp-anything-lgd/data/processed/grasp-anything-pp/grasp_label_positive/grasp_label_positive/c6a99d99694aab2dccddb0b9d8a4717e64897a4f0f37c278ab9bcfd9ef782b6a_0_2.pt	2x6	0.03202	246.009583	Hold pen at its cap.	20
7305523561415c1e162fcda3957646e027b8317a0a2166444a90e28a4a4da0ff_3_3	7305523561415c1e162fcda3957646e027b8317a0a2166444a90e28a4a4da0ff	3	3	/mnt/data/grasp-anything-lgd/data/processed/grasp-anything-pp/grasp_instructions/grasp_instructions/7305523561415c1e162fcda3957646e027b8317a0a2166444a90e28a4a4da0ff_3_3.pkl	/mnt/data/grasp-anything-lgd/data/processed/grasp-anything-pp/grasp_label_positive/grasp_label_positive/7305523561415c1e162fcda3957646e027b8317a0a2166444a90e28a4a4da0ff_3_3.pt	4x6	0.088149	237.220306	Hold apple at its stem.	23
ddbe1ff2e05870cc6e419817671fcc5ac61e1245bffc55ca6aa33f9b3687e332_1_2	ddbe1ff2e05870cc6e419817671fcc5ac61e1245bffc55ca6aa33f9b3687e332	1	2	/mnt/data/grasp-anything-lgd/data/processed/grasp-anything-pp/grasp_instructions/grasp_instructions/ddbe1ff2e05870cc6e419817671fcc5ac61e1245bffc55ca6aa33f9b3687e332_1_2.pkl	/mnt/data/grasp-anything-lgd/data/processed/grasp-anything-pp/grasp_label_positive/grasp_label_positive/ddbe1ff2e05870cc6e419817671fcc5ac61e1245bffc55ca6aa33f9b3687e332_1_2.pt	7x6	0.011192	381.367584	Grip banana on its peel.	24
6c04bc138134936da8d5aa0bbe4232c813f8b45e5ea822e8f7898b3e721d87ba_1_0	6c04bc138134936da8d5aa0bbe4232c813f8b45e5ea822e8f7898b3e721d87ba	1	0	/mnt/data/grasp-anything-lgd/data/processed/grasp-anything-pp/grasp_instructions/grasp_instructions/6c04bc138134936da8d5aa0bbe4232c813f8b45e5ea822e8f7898b3e721d87ba_1_0.pkl	/mnt/data/grasp-anything-lgd/data/processed/grasp-anything-pp/grasp_label_positive/grasp_label_positive/6c04bc138134936da8d5aa0bbe4232c813f8b45e5ea822e8f7898b3e721d87ba_1_0.pt	1x6	0.026105	328.238922	Take hold of kiwi on its skin.	30
8a25894c0d0d11ceafe753f2df58b1938e18749126e1ca9654b6b8f11cf3a008_1_1	8a25894c0d0d11ceafe753f2df58b1938e18749126e1ca9654b6b8f11cf3a008	1	1	/mnt/data/grasp-anything-lgd/data/processed/grasp-anything-pp/grasp_instructions/grasp_instructions/8a25894c0d0d11ceafe753f2df58b1938e18749126e1ca9654b6b8f11cf3a008_1_1.pkl	/mnt/data/grasp-anything-lgd/data/processed/grasp-anything-pp/grasp_label_positive/grasp_label_positive/8a25894c0d0d11ceafe753f2df58b1938e18749126e1ca9654b6b8f11cf3a008_1_1.pt	4x6	0.021234	329.015594	Hold pen at its ink or lead.	28
3e06cf643eaa5ac87c2c112fd8d6b791af844ffe5910755de7abdc42c83938d4_0_2	3e06cf643eaa5ac87c2c112fd8d6b791af844ffe5910755de7abdc42c83938d4	0	2	/mnt/data/grasp-anything-lgd/data/processed/grasp-anything-pp/grasp_instructions/grasp_instructions/3e06cf643eaa5ac87c2c112fd8d6b791af844ffe5910755de7abdc42c83938d4_0_2.pkl	/mnt/data/grasp-anything-lgd/data/processed/grasp-anything-pp/grasp_label_positive/grasp_label_positive/3e06cf643eaa5ac87c2c112fd8d6b791af844ffe5910755de7abdc42c83938d4_0_2.pt	2x6	0.030289	290.667328	Take hold of apple on its seeds.	32
ea709f3dde7d3ee3ecfe451b49f3dd6f07e31be51fe3919499c4d3cc1cc111ef_0_1	ea709f3dde7d3ee3ecfe451b49f3dd6f07e31be51fe3919499c4d3cc1cc111ef	0	1	/mnt/data/grasp-anything-lgd/data/processed/grasp-anything-pp/grasp_instructions/grasp_instructions/ea709f3dde7d3ee3ecfe451b49f3dd6f07e31be51fe3919499c4d3cc1cc111ef_0_1.pkl	/mnt/data/grasp-anything-lgd/data/processed/grasp-anything-pp/grasp_label_positive/grasp_label_positive/ea709f3dde7d3ee3ecfe451b49f3dd6f07e31be51fe3919499c4d3cc1cc111ef_0_1.pt	3x6	0.083207	174.314804	Grab wallet on its compartments.	32
a132271447b5d8ee31709e203e5ec699ff451d6955f0dc561aea07e01c1c5833_2_0	a132271447b5d8ee31709e203e5ec699ff451d6955f0dc561aea07e01c1c5833	2	0	/mnt/data/grasp-anything-lgd/data/processed/grasp-anything-pp/grasp_instructions/grasp_instructions/a132271447b5d8ee31709e203e5ec699ff451d6955f0dc561aea07e01c1c5833_2_0.pkl	/mnt/data/grasp-anything-lgd/data/processed/grasp-anything-pp/grasp_label_positive/grasp_label_positive/a132271447b5d8ee31709e203e5ec699ff451d6955f0dc561aea07e01c1c5833_2_0.pt	8x6	0.026791	187.366074	Take pen by its barrel.	23
92a638e53c3ca9aff195b958d99a59b70dd61cfe208cfbcad666519c8a594d42_1_2	92a638e53c3ca9aff195b958d99a59b70dd61cfe208cfbcad666519c8a594d42	1	2	/mnt/data/grasp-anything-lgd/data/processed/grasp-anything-pp/grasp_instructions/grasp_instructions/92a638e53c3ca9aff195b958d99a59b70dd61cfe208cfbcad666519c8a594d42_1_2.pkl	/mnt/data/grasp-anything-lgd/data/processed/grasp-anything-pp/grasp_label_positive/grasp_label_positive/92a638e53c3ca9aff195b958d99a59b70dd61cfe208cfbcad666519c8a594d42_1_2.pt	3x6	0.07253	230.906616	Take apple by its seeds.	24
6ec7af027c475b9e87e2dff04e59448067ef3dffd820ca394bcbadddbf5198f7_1_2	6ec7af027c475b9e87e2dff04e59448067ef3dffd820ca394bcbadddbf5198f7	1	2	/mnt/data/grasp-anything-lgd/data/processed/grasp-anything-pp/grasp_instructions/grasp_instructions/6ec7af027c475b9e87e2dff04e59448067ef3dffd820ca394bcbadddbf5198f7_1_2.pkl	/mnt/data/grasp-anything-lgd/data/processed/grasp-anything-pp/grasp_label_positive/grasp_label_positive/6ec7af027c475b9e87e2dff04e59448067ef3dffd820ca394bcbadddbf5198f7_1_2.pt	7x6	0.076721	380.371338	Fetch spoon by its handle.	26
f375ced096c09cf827185a7b91dab745afcb9850c021233ae1449d2176485e0c_2_2	f375ced096c09cf827185a7b91dab745afcb9850c021233ae1449d2176485e0c	2	2	/mnt/data/grasp-anything-lgd/data/processed/grasp-anything-pp/grasp_instructions/grasp_instructions/f375ced096c09cf827185a7b91dab745afcb9850c021233ae1449d2176485e0c_2_2.pkl	/mnt/data/grasp-anything-lgd/data/processed/grasp-anything-pp/grasp_label_positive/grasp_label_positive/f375ced096c09cf827185a7b91dab745afcb9850c021233ae1449d2176485e0c_2_2.pt	1x6	0.020116	370.420105	Hold sunglasses at its frame.	29
c48f0e270b1050198ad4a3c0dedd5416f674439abbc5d2b7dd9b87da2f1dbb9a_1_2	c48f0e270b1050198ad4a3c0dedd5416f674439abbc5d2b7dd9b87da2f1dbb9a	1	2	/mnt/data/grasp-anything-lgd/data/processed/grasp-anything-pp/grasp_instructions/grasp_instructions/c48f0e270b1050198ad4a3c0dedd5416f674439abbc5d2b7dd9b87da2f1dbb9a_1_2.pkl	/mnt/data/grasp-anything-lgd/data/processed/grasp-anything-pp/grasp_label_positive/grasp_label_positive/c48f0e270b1050198ad4a3c0dedd5416f674439abbc5d2b7dd9b87da2f1dbb9a_1_2.pt	12x6	0.025092	354.478668	Lift spoon by its handle.	25
f027e392f4b4d4ecb628b8c1a40e665b57e79d1d6a5bba276b553be577e8982e_0_0	f027e392f4b4d4ecb628b8c1a40e665b57e79d1d6a5bba276b553be577e8982e	0	0	/mnt/data/grasp-anything-lgd/data/processed/grasp-anything-pp/grasp_instructions/grasp_instructions/f027e392f4b4d4ecb628b8c1a40e665b57e79d1d6a5bba276b553be577e8982e_0_0.pkl	/mnt/data/grasp-anything-lgd/data/processed/grasp-anything-pp/grasp_label_positive/grasp_label_positive/f027e392f4b4d4ecb628b8c1a40e665b57e79d1d6a5bba276b553be577e8982e_0_0.pt	15x6	0.046695	321.395447	Take hold of remote on its control device.	42
93d227f48e7b241c90d35fd916f624c1a739785c47de322fbca227ea6f87ab32_0_1	93d227f48e7b241c90d35fd916f624c1a739785c47de322fbca227ea6f87ab32	0	1	/mnt/data/grasp-anything-lgd/data/processed/grasp-anything-pp/grasp_instructions/grasp_instructions/93d227f48e7b241c90d35fd916f624c1a739785c47de322fbca227ea6f87ab32_0_1.pkl	/mnt/data/grasp-anything-lgd/data/processed/grasp-anything-pp/grasp_label_positive/grasp_label_positive/93d227f48e7b241c90d35fd916f624c1a739785c47de322fbca227ea6f87ab32_0_1.pt	2x6	0.002935	385.877167	Lift pencil by its lead.	24
9db1ddc89e2cd5cc2329676ed69f920823b4a72cab47e79264f5c5fea34852ef_1_2	9db1ddc89e2cd5cc2329676ed69f920823b4a72cab47e79264f5c5fea34852ef	1	2	/mnt/data/grasp-anything-lgd/data/processed/grasp-anything-pp/grasp_instructions/grasp_instructions/9db1ddc89e2cd5cc2329676ed69f920823b4a72cab47e79264f5c5fea34852ef_1_2.pkl	/mnt/data/grasp-anything-lgd/data/processed/grasp-anything-pp/grasp_label_positive/grasp_label_positive/9db1ddc89e2cd5cc2329676ed69f920823b4a72cab47e79264f5c5fea34852ef_1_2.pt	8x6	0.058321	293.120575	Pick up lemon by its seeds.	27
ca616326a8d2f5ab05079ca345464765d3507674467fd17f8075a3d6b7d7e5ea_0_2	ca616326a8d2f5ab05079ca345464765d3507674467fd17f8075a3d6b7d7e5ea	0	2	/mnt/data/grasp-anything-lgd/data/processed/grasp-anything-pp/grasp_instructions/grasp_instructions/ca616326a8d2f5ab05079ca345464765d3507674467fd17f8075a3d6b7d7e5ea_0_2.pkl	/mnt/data/grasp-anything-lgd/data/processed/grasp-anything-pp/grasp_label_positive/grasp_label_positive/ca616326a8d2f5ab05079ca345464765d3507674467fd17f8075a3d6b7d7e5ea_0_2.pt	3x6	0.020179	167.704208	Fetch hairbrush by its grip.	28
0a12c79260bbd85400e5d3ed2b50afd79099112848c2e6f650a2515fff4eb230_1_1	0a12c79260bbd85400e5d3ed2b50afd79099112848c2e6f650a2515fff4eb230	1	1	/mnt/data/grasp-anything-lgd/data/processed/grasp-anything-pp/grasp_instructions/grasp_instructions/0a12c79260bbd85400e5d3ed2b50afd79099112848c2e6f650a2515fff4eb230_1_1.pkl	/mnt/data/grasp-anything-lgd/data/processed/grasp-anything-pp/grasp_label_positive/grasp_label_positive/0a12c79260bbd85400e5d3ed2b50afd79099112848c2e6f650a2515fff4eb230_1_1.pt	8x6	0.017654	270.190033	Grasp pen at its ink or lead.	29
b65c96fec5a6e411ac01bc8b127f55bfde81b768da8e3c64f2ddefca67632df1_2_1	b65c96fec5a6e411ac01bc8b127f55bfde81b768da8e3c64f2ddefca67632df1	2	1	/mnt/data/grasp-anything-lgd/data/processed/grasp-anything-pp/grasp_instructions/grasp_instructions/b65c96fec5a6e411ac01bc8b127f55bfde81b768da8e3c64f2ddefca67632df1_2_1.pkl	/mnt/data/grasp-anything-lgd/data/processed/grasp-anything-pp/grasp_label_positive/grasp_label_positive/b65c96fec5a6e411ac01bc8b127f55bfde81b768da8e3c64f2ddefca67632df1_2_1.pt	17x6	0.015337	300.729706	Grasp highlighter at its bright color.	38
78b411e6beb2d96d8f7369494da2e23566106f4e1a3773691c40cbddf84f8db3_2_1	78b411e6beb2d96d8f7369494da2e23566106f4e1a3773691c40cbddf84f8db3	2	1	/mnt/data/grasp-anything-lgd/data/processed/grasp-anything-pp/grasp_instructions/grasp_instructions/78b411e6beb2d96d8f7369494da2e23566106f4e1a3773691c40cbddf84f8db3_2_1.pkl	/mnt/data/grasp-anything-lgd/data/processed/grasp-anything-pp/grasp_label_positive/grasp_label_positive/78b411e6beb2d96d8f7369494da2e23566106f4e1a3773691c40cbddf84f8db3_2_1.pt	20x6	0.02135	384.860718	Take note by its writing.	25
f7f3c66e1b0010b1b78b67c8212ee926398995a06982647905aa7d5f248bdd79_1_2	f7f3c66e1b0010b1b78b67c8212ee926398995a06982647905aa7d5f248bdd79	1	2	/mnt/data/grasp-anything-lgd/data/processed/grasp-anything-pp/grasp_instructions/grasp_instructions/f7f3c66e1b0010b1b78b67c8212ee926398995a06982647905aa7d5f248bdd79_1_2.pkl	/mnt/data/grasp-anything-lgd/data/processed/grasp-anything-pp/grasp_label_positive/grasp_label_positive/f7f3c66e1b0010b1b78b67c8212ee926398995a06982647905aa7d5f248bdd79_1_2.pt	30x6	0.01273	352.878357	Take eraser by its texture.	27
2d66f39852c7a5753738063f3146582c920d1d6a406856f039c36fb9e0d54728_0_0	2d66f39852c7a5753738063f3146582c920d1d6a406856f039c36fb9e0d54728	0	0	/mnt/data/grasp-anything-lgd/data/processed/grasp-anything-pp/grasp_instructions/grasp_instructions/2d66f39852c7a5753738063f3146582c920d1d6a406856f039c36fb9e0d54728_0_0.pkl	/mnt/data/grasp-anything-lgd/data/processed/grasp-anything-pp/grasp_label_positive/grasp_label_positive/2d66f39852c7a5753738063f3146582c920d1d6a406856f039c36fb9e0d54728_0_0.pt	1x6	0.072709	368.842407	Take ball by its round shape.	29
8738e38506e62509d44da3088285ab827d502cb5882f2c5e0aa3a1211f308351_0_0	8738e38506e62509d44da3088285ab827d502cb5882f2c5e0aa3a1211f308351	0	0	/mnt/data/grasp-anything-lgd/data/processed/grasp-anything-pp/grasp_instructions/grasp_instructions/8738e38506e62509d44da3088285ab827d502cb5882f2c5e0aa3a1211f308351_0_0.pkl	/mnt/data/grasp-anything-lgd/data/processed/grasp-anything-pp/grasp_label_positive/grasp_label_positive/8738e38506e62509d44da3088285ab827d502cb5882f2c5e0aa3a1211f308351_0_0.pt	14x6	0.013199	387.776794	Take tomato by its fruit.	25
2eae310330fe164d12ffae1dc9daf982e18b5c2fdcae19e7364dd09f7d713ea3_1_1	2eae310330fe164d12ffae1dc9daf982e18b5c2fdcae19e7364dd09f7d713ea3	1	1	/mnt/data/grasp-anything-lgd/data/processed/grasp-anything-pp/grasp_instructions/grasp_instructions/2eae310330fe164d12ffae1dc9daf982e18b5c2fdcae19e7364dd09f7d713ea3_1_1.pkl	/mnt/data/grasp-anything-lgd/data/processed/grasp-anything-pp/grasp_label_positive/grasp_label_positive/2eae310330fe164d12ffae1dc9daf982e18b5c2fdcae19e7364dd09f7d713ea3_1_1.pt	3x6	0.073811	175.070114	Pick up apple by its flesh.	27
1fd5009f5aed6e7b8b4721c768b669eb85d04955591a1497b3501bf4e4aae1fc_0_1	1fd5009f5aed6e7b8b4721c768b669eb85d04955591a1497b3501bf4e4aae1fc	0	1	/mnt/data/grasp-anything-lgd/data/processed/grasp-anything-pp/grasp_instructions/grasp_instructions/1fd5009f5aed6e7b8b4721c768b669eb85d04955591a1497b3501bf4e4aae1fc_0_1.pkl	/mnt/data/grasp-anything-lgd/data/processed/grasp-anything-pp/grasp_label_positive/grasp_label_positive/1fd5009f5aed6e7b8b4721c768b669eb85d04955591a1497b3501bf4e4aae1fc_0_1.pt	2x6	0.128814	333.832733	Take hold of ball on its material.	34
c7c26fe29dc058c5d568715d6b2511d8ef9fba1ea6e509fe4071dfde57a069d1_1_1	c7c26fe29dc058c5d568715d6b2511d8ef9fba1ea6e509fe4071dfde57a069d1	1	1	/mnt/data/grasp-anything-lgd/data/processed/grasp-anything-pp/grasp_instructions/grasp_instructions/c7c26fe29dc058c5d568715d6b2511d8ef9fba1ea6e509fe4071dfde57a069d1_1_1.pkl	/mnt/data/grasp-anything-lgd/data/processed/grasp-anything-pp/grasp_label_positive/grasp_label_positive/c7c26fe29dc058c5d568715d6b2511d8ef9fba1ea6e509fe4071dfde57a069d1_1_1.pt	1x6	0.064205	0.805268	Fetch notebook by its pages.	28
66bca860675745debc2be4e896fd6539f4b3d53751743a1687d3c406a2811939_1_2	66bca860675745debc2be4e896fd6539f4b3d53751743a1687d3c406a2811939	1	2	/mnt/data/grasp-anything-lgd/data/processed/grasp-anything-pp/grasp_instructions/grasp_instructions/66bca860675745debc2be4e896fd6539f4b3d53751743a1687d3c406a2811939_1_2.pkl	/mnt/data/grasp-anything-lgd/data/processed/grasp-anything-pp/grasp_label_positive/grasp_label_positive/66bca860675745debc2be4e896fd6539f4b3d53751743a1687d3c406a2811939_1_2.pt	10x6	0.052164	361.647736	Pick up key by its ring.	24
a171c57ffa233534910a2fdf0b961a98e8924b60e75112c2ab7c90dcca14af8c_1_1	a171c57ffa233534910a2fdf0b961a98e8924b60e75112c2ab7c90dcca14af8c	1	1	/mnt/data/grasp-anything-lgd/data/processed/grasp-anything-pp/grasp_instructions/grasp_instructions/a171c57ffa233534910a2fdf0b961a98e8924b60e75112c2ab7c90dcca14af8c_1_1.pkl	/mnt/data/grasp-anything-lgd/data/processed/grasp-anything-pp/grasp_label_positive/grasp_label_positive/a171c57ffa233534910a2fdf0b961a98e8924b60e75112c2ab7c90dcca14af8c_1_1.pt	10x6	0.029096	332.137543	Pick up clip by its hinge.	26
2f9561e8dde0da28c807ebcdb842eb6c3a86bed3173e463c305659bd1fc3b6eb_0_2	2f9561e8dde0da28c807ebcdb842eb6c3a86bed3173e463c305659bd1fc3b6eb	0	2	/mnt/data/grasp-anything-lgd/data/processed/grasp-anything-pp/grasp_instructions/grasp_instructions/2f9561e8dde0da28c807ebcdb842eb6c3a86bed3173e463c305659bd1fc3b6eb_0_2.pkl	/mnt/data/grasp-anything-lgd/data/processed/grasp-anything-pp/grasp_label_positive/grasp_label_positive/2f9561e8dde0da28c807ebcdb842eb6c3a86bed3173e463c305659bd1fc3b6eb_0_2.pt	4x6	0.04393	369.867249	Take pen by its cap.	20
efea54872d60a0d567c9cadc7fa0b509c8081f11fe1784c694746820542421f3_1_3	efea54872d60a0d567c9cadc7fa0b509c8081f11fe1784c694746820542421f3	1	3	/mnt/data/grasp-anything-lgd/data/processed/grasp-anything-pp/grasp_instructions/grasp_instructions/efea54872d60a0d567c9cadc7fa0b509c8081f11fe1784c694746820542421f3_1_3.pkl	/mnt/data/grasp-anything-lgd/data/processed/grasp-anything-pp/grasp_label_positive/grasp_label_positive/efea54872d60a0d567c9cadc7fa0b509c8081f11fe1784c694746820542421f3_1_3.pt	15x6	0.021726	237.657303	Grip apple on its stem.	23
adeccf25cd30258d89949a7866ae9d473dbaf61a4d728f5686b9ef8d3302ae4f_1_0	adeccf25cd30258d89949a7866ae9d473dbaf61a4d728f5686b9ef8d3302ae4f	1	0	/mnt/data/grasp-anything-lgd/data/processed/grasp-anything-pp/grasp_instructions/grasp_instructions/adeccf25cd30258d89949a7866ae9d473dbaf61a4d728f5686b9ef8d3302ae4f_1_0.pkl	/mnt/data/grasp-anything-lgd/data/processed/grasp-anything-pp/grasp_label_positive/grasp_label_positive/adeccf25cd30258d89949a7866ae9d473dbaf61a4d728f5686b9ef8d3302ae4f_1_0.pt	4x6	0.046685	173.770004	Grab pepper on its spice.	25
e5e3d99e4c5a952eea09ade0d28cd0478102b0ee7e7b215bcfd02f9a5ee1dad9_0_1	e5e3d99e4c5a952eea09ade0d28cd0478102b0ee7e7b215bcfd02f9a5ee1dad9	0	1	/mnt/data/grasp-anything-lgd/data/processed/grasp-anything-pp/grasp_instructions/grasp_instructions/e5e3d99e4c5a952eea09ade0d28cd0478102b0ee7e7b215bcfd02f9a5ee1dad9_0_1.pkl	/mnt/data/grasp-anything-lgd/data/processed/grasp-anything-pp/grasp_label_positive/grasp_label_positive/e5e3d99e4c5a952eea09ade0d28cd0478102b0ee7e7b215bcfd02f9a5ee1dad9_0_1.pt	12x6	0.021357	235.95845	Take hold of spoon on its bowl-shaped.	38
881c7ba43f1d41232963c2839c545af77dac13b17ac67e49e23203bac8df82b8_0_2	881c7ba43f1d41232963c2839c545af77dac13b17ac67e49e23203bac8df82b8	0	2	/mnt/data/grasp-anything-lgd/data/processed/grasp-anything-pp/grasp_instructions/grasp_instructions/881c7ba43f1d41232963c2839c545af77dac13b17ac67e49e23203bac8df82b8_0_2.pkl	/mnt/data/grasp-anything-lgd/data/processed/grasp-anything-pp/grasp_label_positive/grasp_label_positive/881c7ba43f1d41232963c2839c545af77dac13b17ac67e49e23203bac8df82b8_0_2.pt	30x6	0.010242	369.875427	Take pencil by its eraser.	26
c358352ee94e510b1b8299687a30e06dfff6617f1779218f5cedffbf09454813_2_1	c358352ee94e510b1b8299687a30e06dfff6617f1779218f5cedffbf09454813	2	1	/mnt/data/grasp-anything-lgd/data/processed/grasp-anything-pp/grasp_instructions/grasp_instructions/c358352ee94e510b1b8299687a30e06dfff6617f1779218f5cedffbf09454813_2_1.pkl	/mnt/data/grasp-anything-lgd/data/processed/grasp-anything-pp/grasp_label_positive/grasp_label_positive/c358352ee94e510b1b8299687a30e06dfff6617f1779218f5cedffbf09454813_2_1.pt	6x6	0.007253	386.911438	Fetch spoon by its bowl-shaped.	31
ae44c25bc678d3460deee8c7f55d565823864ca97fc76818ede91953a1021981_2_1	ae44c25bc678d3460deee8c7f55d565823864ca97fc76818ede91953a1021981	2	1	/mnt/data/grasp-anything-lgd/data/processed/grasp-anything-pp/grasp_instructions/grasp_instructions/ae44c25bc678d3460deee8c7f55d565823864ca97fc76818ede91953a1021981_2_1.pkl	/mnt/data/grasp-anything-lgd/data/processed/grasp-anything-pp/grasp_label_positive/grasp_label_positive/ae44c25bc678d3460deee8c7f55d565823864ca97fc76818ede91953a1021981_2_1.pt	2x6	0.042863	328.576721	Take vase by its flowers.	25
d7e6168aa8d01eb9b7e38e8744c119932ad1f2be04280ee1178eb6e9ba0ef045_1_2	d7e6168aa8d01eb9b7e38e8744c119932ad1f2be04280ee1178eb6e9ba0ef045	1	2	/mnt/data/grasp-anything-lgd/data/processed/grasp-anything-pp/grasp_instructions/grasp_instructions/d7e6168aa8d01eb9b7e38e8744c119932ad1f2be04280ee1178eb6e9ba0ef045_1_2.pkl	/mnt/data/grasp-anything-lgd/data/processed/grasp-anything-pp/grasp_label_positive/grasp_label_positive/d7e6168aa8d01eb9b7e38e8744c119932ad1f2be04280ee1178eb6e9ba0ef045_1_2.pt	1x6	0.207192	0.98323	Grasp lemon at its seeds.	25
ab3961b26b0c5d9e94608102aba44e07ae289281cff2f07e3efad6c034a64d48_0_2	ab3961b26b0c5d9e94608102aba44e07ae289281cff2f07e3efad6c034a64d48	0	2	/mnt/data/grasp-anything-lgd/data/processed/grasp-anything-pp/grasp_instructions/grasp_instructions/ab3961b26b0c5d9e94608102aba44e07ae289281cff2f07e3efad6c034a64d48_0_2.pkl	/mnt/data/grasp-anything-lgd/data/processed/grasp-anything-pp/grasp_label_positive/grasp_label_positive/ab3961b26b0c5d9e94608102aba44e07ae289281cff2f07e3efad6c034a64d48_0_2.pt	11x6	0.0345	228.511627	Grip apple on its seeds.	24
c0c1a8e3dffab2d54b02d41b76c09e0618f37b97003bab45b21367402f7fd063_2_0	c0c1a8e3dffab2d54b02d41b76c09e0618f37b97003bab45b21367402f7fd063	2	0	/mnt/data/grasp-anything-lgd/data/processed/grasp-anything-pp/grasp_instructions/grasp_instructions/c0c1a8e3dffab2d54b02d41b76c09e0618f37b97003bab45b21367402f7fd063_2_0.pkl	/mnt/data/grasp-anything-lgd/data/processed/grasp-anything-pp/grasp_label_positive/grasp_label_positive/c0c1a8e3dffab2d54b02d41b76c09e0618f37b97003bab45b21367402f7fd063_2_0.pt	17x6	0.011941	354.077454	Grasp clip at its metal or plastic.	35
eb6f1eaf7d038564014839768b5b5e85175c72a0ca85565cb0ae58c04142a380_0_1	eb6f1eaf7d038564014839768b5b5e85175c72a0ca85565cb0ae58c04142a380	0	1	/mnt/data/grasp-anything-lgd/data/processed/grasp-anything-pp/grasp_instructions/grasp_instructions/eb6f1eaf7d038564014839768b5b5e85175c72a0ca85565cb0ae58c04142a380_0_1.pkl	/mnt/data/grasp-anything-lgd/data/processed/grasp-anything-pp/grasp_label_positive/grasp_label_positive/eb6f1eaf7d038564014839768b5b5e85175c72a0ca85565cb0ae58c04142a380_0_1.pt	9x6	0.040856	371.62738	Pick up ball by its material.	29
9f5f2467b636f84dd912acd4179e1ee70dc0bbf2098a4e2dcdcdaba691dabcf5_0_0	9f5f2467b636f84dd912acd4179e1ee70dc0bbf2098a4e2dcdcdaba691dabcf5	0	0	/mnt/data/grasp-anything-lgd/data/processed/grasp-anything-pp/grasp_instructions/grasp_instructions/9f5f2467b636f84dd912acd4179e1ee70dc0bbf2098a4e2dcdcdaba691dabcf5_0_0.pkl	/mnt/data/grasp-anything-lgd/data/processed/grasp-anything-pp/grasp_label_positive/grasp_label_positive/9f5f2467b636f84dd912acd4179e1ee70dc0bbf2098a4e2dcdcdaba691dabcf5_0_0.pt	1x6	0.013642	227.488907	Take headphones by its earpieces.	33
8fc682caaf9ea44d2ac74cc0e990708cc2205283f7a9949c5019e8a78079c765_1_0	8fc682caaf9ea44d2ac74cc0e990708cc2205283f7a9949c5019e8a78079c765	1	0	/mnt/data/grasp-anything-lgd/data/processed/grasp-anything-pp/grasp_instructions/grasp_instructions/8fc682caaf9ea44d2ac74cc0e990708cc2205283f7a9949c5019e8a78079c765_1_0.pkl	/mnt/data/grasp-anything-lgd/data/processed/grasp-anything-pp/grasp_label_positive/grasp_label_positive/8fc682caaf9ea44d2ac74cc0e990708cc2205283f7a9949c5019e8a78079c765_1_0.pt	5x6	0.023555	364.859589	Grasp eraser at its rubber or material.	39
d334369daacaa2eed323058f365ce0c603abb28d2a3d9d0e829b4fc0cb951fbb_1_1	d334369daacaa2eed323058f365ce0c603abb28d2a3d9d0e829b4fc0cb951fbb	1	1	/mnt/data/grasp-anything-lgd/data/processed/grasp-anything-pp/grasp_instructions/grasp_instructions/d334369daacaa2eed323058f365ce0c603abb28d2a3d9d0e829b4fc0cb951fbb_1_1.pkl	/mnt/data/grasp-anything-lgd/data/processed/grasp-anything-pp/grasp_label_positive/grasp_label_positive/d334369daacaa2eed323058f365ce0c603abb28d2a3d9d0e829b4fc0cb951fbb_1_1.pt	4x6	0.09301	325.949341	Lift apple by its flesh.	24
fd9526f6aa552bfba8af7ea80a02c2df1773ca9fe3fd12f3cd992f8d9cc17c34_0_1	fd9526f6aa552bfba8af7ea80a02c2df1773ca9fe3fd12f3cd992f8d9cc17c34	0	1	/mnt/data/grasp-anything-lgd/data/processed/grasp-anything-pp/grasp_instructions/grasp_instructions/fd9526f6aa552bfba8af7ea80a02c2df1773ca9fe3fd12f3cd992f8d9cc17c34_0_1.pkl	/mnt/data/grasp-anything-lgd/data/processed/grasp-anything-pp/grasp_label_positive/grasp_label_positive/fd9526f6aa552bfba8af7ea80a02c2df1773ca9fe3fd12f3cd992f8d9cc17c34_0_1.pt	15x6	0.026975	322.997437	Grab cup on its handle.	23
c11974cafb76a9e9c5e5fd3a78a65ca14f47a6aa2325f30ab2a35eb3f2f1a9e3_1_1	c11974cafb76a9e9c5e5fd3a78a65ca14f47a6aa2325f30ab2a35eb3f2f1a9e3	1	1	/mnt/data/grasp-anything-lgd/data/processed/grasp-anything-pp/grasp_instructions/grasp_instructions/c11974cafb76a9e9c5e5fd3a78a65ca14f47a6aa2325f30ab2a35eb3f2f1a9e3_1_1.pkl	/mnt/data/grasp-anything-lgd/data/processed/grasp-anything-pp/grasp_label_positive/grasp_label_positive/c11974cafb76a9e9c5e5fd3a78a65ca14f47a6aa2325f30ab2a35eb3f2f1a9e3_1_1.pt	10x6	0.036306	236.893845	Grip pen on its ink or lead.	28
54f1ca76847da3be60b230267a165b2720523baeb6c41b6258ca895eefe7e5dd_0_1	54f1ca76847da3be60b230267a165b2720523baeb6c41b6258ca895eefe7e5dd	0	1	/mnt/data/grasp-anything-lgd/data/processed/grasp-anything-pp/grasp_instructions/grasp_instructions/54f1ca76847da3be60b230267a165b2720523baeb6c41b6258ca895eefe7e5dd_0_1.pkl	/mnt/data/grasp-anything-lgd/data/processed/grasp-anything-pp/grasp_label_positive/grasp_label_positive/54f1ca76847da3be60b230267a165b2720523baeb6c41b6258ca895eefe7e5dd_0_1.pt	5x6	0.017423	227.168152	Grasp stapler at its metal clasp.	33
61f6d94ec50fd4ca3f74bda479d90869ebbfd90d87bf13857def659b186dc899_0_1	61f6d94ec50fd4ca3f74bda479d90869ebbfd90d87bf13857def659b186dc899	0	1	/mnt/data/grasp-anything-lgd/data/processed/grasp-anything-pp/grasp_instructions/grasp_instructions/61f6d94ec50fd4ca3f74bda479d90869ebbfd90d87bf13857def659b186dc899_0_1.pkl	/mnt/data/grasp-anything-lgd/data/processed/grasp-anything-pp/grasp_label_positive/grasp_label_positive/61f6d94ec50fd4ca3f74bda479d90869ebbfd90d87bf13857def659b186dc899_0_1.pt	8x6	0.073463	226.034149	Take hold of apple on its flesh.	32
76841033d038c439c5982e8c7258b74262abaf1594263dd2f9b6cd438378a1a9_1_2	76841033d038c439c5982e8c7258b74262abaf1594263dd2f9b6cd438378a1a9	1	2	/mnt/data/grasp-anything-lgd/data/processed/grasp-anything-pp/grasp_instructions/grasp_instructions/76841033d038c439c5982e8c7258b74262abaf1594263dd2f9b6cd438378a1a9_1_2.pkl	/mnt/data/grasp-anything-lgd/data/processed/grasp-anything-pp/grasp_label_positive/grasp_label_positive/76841033d038c439c5982e8c7258b74262abaf1594263dd2f9b6cd438378a1a9_1_2.pt	13x6	0.017163	329.098755	Grab eraser on its texture.	27
37aaee800345ea0c1a7f6c6241e42b04d54368d10f484ffe88e0c6e65e4a3a43_0_2	37aaee800345ea0c1a7f6c6241e42b04d54368d10f484ffe88e0c6e65e4a3a43	0	2	/mnt/data/grasp-anything-lgd/data/processed/grasp-anything-pp/grasp_instructions/grasp_instructions/37aaee800345ea0c1a7f6c6241e42b04d54368d10f484ffe88e0c6e65e4a3a43_0_2.pkl	/mnt/data/grasp-anything-lgd/data/processed/grasp-anything-pp/grasp_label_positive/grasp_label_positive/37aaee800345ea0c1a7f6c6241e42b04d54368d10f484ffe88e0c6e65e4a3a43_0_2.pt	18x6	0.015728	366.654602	Pick up marker by its cap.	26
e39109ace51067c93c7445a73101ef9e32ae4b9216a2d6e0bc1a307cc078f239_0_3	e39109ace51067c93c7445a73101ef9e32ae4b9216a2d6e0bc1a307cc078f239	0	3	/mnt/data/grasp-anything-lgd/data/processed/grasp-anything-pp/grasp_instructions/grasp_instructions/e39109ace51067c93c7445a73101ef9e32ae4b9216a2d6e0bc1a307cc078f239_0_3.pkl	/mnt/data/grasp-anything-lgd/data/processed/grasp-anything-pp/grasp_label_positive/grasp_label_positive/e39109ace51067c93c7445a73101ef9e32ae4b9216a2d6e0bc1a307cc078f239_0_3.pt	1x6	0.0	151.63208	Lift apple by its stem.	23
1aa0cb4dd7414b4b6bd280ab2db1e84b3034103605c83d06859bc283b7ad619b_2_0	1aa0cb4dd7414b4b6bd280ab2db1e84b3034103605c83d06859bc283b7ad619b	2	0	/mnt/data/grasp-anything-lgd/data/processed/grasp-anything-pp/grasp_instructions/grasp_instructions/1aa0cb4dd7414b4b6bd280ab2db1e84b3034103605c83d06859bc283b7ad619b_2_0.pkl	/mnt/data/grasp-anything-lgd/data/processed/grasp-anything-pp/grasp_label_positive/grasp_label_positive/1aa0cb4dd7414b4b6bd280ab2db1e84b3034103605c83d06859bc283b7ad619b_2_0.pt	14x6	0.029085	258.486938	Grip smartphone on its mobile device.	37
bb743a5810de4957ba708a74d868246ec4db8235df144493b8b62edd73bb6f35_0_1	bb743a5810de4957ba708a74d868246ec4db8235df144493b8b62edd73bb6f35	0	1	/mnt/data/grasp-anything-lgd/data/processed/grasp-anything-pp/grasp_instructions/grasp_instructions/bb743a5810de4957ba708a74d868246ec4db8235df144493b8b62edd73bb6f35_0_1.pkl	/mnt/data/grasp-anything-lgd/data/processed/grasp-anything-pp/grasp_label_positive/grasp_label_positive/bb743a5810de4957ba708a74d868246ec4db8235df144493b8b62edd73bb6f35_0_1.pt	10x6	0.011962	374.062592	Fetch pen by its ink or lead.	29
7f40c6ed144dbf71cd6a4cb6692e5d5d213d7b54861d50132db3b474eb6aaf0c_0_2	7f40c6ed144dbf71cd6a4cb6692e5d5d213d7b54861d50132db3b474eb6aaf0c	0	2	/mnt/data/grasp-anything-lgd/data/processed/grasp-anything-pp/grasp_instructions/grasp_instructions/7f40c6ed144dbf71cd6a4cb6692e5d5d213d7b54861d50132db3b474eb6aaf0c_0_2.pkl	/mnt/data/grasp-anything-lgd/data/processed/grasp-anything-pp/grasp_label_positive/grasp_label_positive/7f40c6ed144dbf71cd6a4cb6692e5d5d213d7b54861d50132db3b474eb6aaf0c_0_2.pt	10x6	0.00702	364.919891	Grip toothbrush on its handle.	30
dcf21e130fb3ec379a799dc6b27063700a8a59c67a0b290d1d7062dd38e10ccd_1_1	dcf21e130fb3ec379a799dc6b27063700a8a59c67a0b290d1d7062dd38e10ccd	1	1	/mnt/data/grasp-anything-lgd/data/processed/grasp-anything-pp/grasp_instructions/grasp_instructions/dcf21e130fb3ec379a799dc6b27063700a8a59c67a0b290d1d7062dd38e10ccd_1_1.pkl	/mnt/data/grasp-anything-lgd/data/processed/grasp-anything-pp/grasp_label_positive/grasp_label_positive/dcf21e130fb3ec379a799dc6b27063700a8a59c67a0b290d1d7062dd38e10ccd_1_1.pt	6x6	0.059915	373.246887	Pick up keys by its notches.	28
de86713bf8b19a307f44e587498c027a57b0c242f60b08e57460b018391b3ec0_0_2	de86713bf8b19a307f44e587498c027a57b0c242f60b08e57460b018391b3ec0	0	2	/mnt/data/grasp-anything-lgd/data/processed/grasp-anything-pp/grasp_instructions/grasp_instructions/de86713bf8b19a307f44e587498c027a57b0c242f60b08e57460b018391b3ec0_0_2.pkl	/mnt/data/grasp-anything-lgd/data/processed/grasp-anything-pp/grasp_label_positive/grasp_label_positive/de86713bf8b19a307f44e587498c027a57b0c242f60b08e57460b018391b3ec0_0_2.pt	1x6	0.020438	175.146408	Fetch key by its ring.	22
87bedbefdbd73d143169f4db3569aac2b7694473264077d80cadae974fd6a5bc_0_2	87bedbefdbd73d143169f4db3569aac2b7694473264077d80cadae974fd6a5bc	0	2	/mnt/data/grasp-anything-lgd/data/processed/grasp-anything-pp/grasp_instructions/grasp_instructions/87bedbefdbd73d143169f4db3569aac2b7694473264077d80cadae974fd6a5bc_0_2.pkl	/mnt/data/grasp-anything-lgd/data/processed/grasp-anything-pp/grasp_label_positive/grasp_label_positive/87bedbefdbd73d143169f4db3569aac2b7694473264077d80cadae974fd6a5bc_0_2.pt	22x6	0.014726	291.534576	Hold pencil at its eraser.	26
107fdad9cd432e59baa4cc5062d9cc59b53e3195de8c5db58124bd85878c9d4f_0_0	107fdad9cd432e59baa4cc5062d9cc59b53e3195de8c5db58124bd85878c9d4f	0	0	/mnt/data/grasp-anything-lgd/data/processed/grasp-anything-pp/grasp_instructions/grasp_instructions/107fdad9cd432e59baa4cc5062d9cc59b53e3195de8c5db58124bd85878c9d4f_0_0.pkl	/mnt/data/grasp-anything-lgd/data/processed/grasp-anything-pp/grasp_label_positive/grasp_label_positive/107fdad9cd432e59baa4cc5062d9cc59b53e3195de8c5db58124bd85878c9d4f_0_0.pt	16x6	0.009885	384.795502	Hold ball at its round shape.	29
5db3cb6e1435c91869709c08987db3819d892b4e80eddf1ec205c2e5e29a4980_0_1	5db3cb6e1435c91869709c08987db3819d892b4e80eddf1ec205c2e5e29a4980	0	1	/mnt/data/grasp-anything-lgd/data/processed/grasp-anything-pp/grasp_instructions/grasp_instructions/5db3cb6e1435c91869709c08987db3819d892b4e80eddf1ec205c2e5e29a4980_0_1.pkl	/mnt/data/grasp-anything-lgd/data/processed/grasp-anything-pp/grasp_label_positive/grasp_label_positive/5db3cb6e1435c91869709c08987db3819d892b4e80eddf1ec205c2e5e29a4980_0_1.pt	2x6	0.029224	289.973114	Fetch stapler by its metal clasp.	33
52312d0ca8b305fe5fab425ba4eb2e71f91eb0fcedc235e55e0372056240b144_1_1	52312d0ca8b305fe5fab425ba4eb2e71f91eb0fcedc235e55e0372056240b144	1	1	/mnt/data/grasp-anything-lgd/data/processed/grasp-anything-pp/grasp_instructions/grasp_instructions/52312d0ca8b305fe5fab425ba4eb2e71f91eb0fcedc235e55e0372056240b144_1_1.pkl	/mnt/data/grasp-anything-lgd/data/processed/grasp-anything-pp/grasp_label_positive/grasp_label_positive/52312d0ca8b305fe5fab425ba4eb2e71f91eb0fcedc235e55e0372056240b144_1_1.pt	26x6	0.01483	358.285278	Hold pen at its ink or lead.	28
daf48b2396693bab81415c2a2fb75c849fe3d84179937f9bbf2a5b07ff464f96_0_0	daf48b2396693bab81415c2a2fb75c849fe3d84179937f9bbf2a5b07ff464f96	0	0	/mnt/data/grasp-anything-lgd/data/processed/grasp-anything-pp/grasp_instructions/grasp_instructions/daf48b2396693bab81415c2a2fb75c849fe3d84179937f9bbf2a5b07ff464f96_0_0.pkl	/mnt/data/grasp-anything-lgd/data/processed/grasp-anything-pp/grasp_label_positive/grasp_label_positive/daf48b2396693bab81415c2a2fb75c849fe3d84179937f9bbf2a5b07ff464f96_0_0.pt	16x6	0.015225	365.995483	Hold book at its cover.	23
c84c19afbc3886225efd1c4f24e4f65fd84942bf21153b442000212ae5b953e7_2_2	c84c19afbc3886225efd1c4f24e4f65fd84942bf21153b442000212ae5b953e7	2	2	/mnt/data/grasp-anything-lgd/data/processed/grasp-anything-pp/grasp_instructions/grasp_instructions/c84c19afbc3886225efd1c4f24e4f65fd84942bf21153b442000212ae5b953e7_2_2.pkl	/mnt/data/grasp-anything-lgd/data/processed/grasp-anything-pp/grasp_label_positive/grasp_label_positive/c84c19afbc3886225efd1c4f24e4f65fd84942bf21153b442000212ae5b953e7_2_2.pt	3x6	0.084155	333.260193	Take eraser by its texture.	27
f5fedd23aae4bdaee5a086bd0008fe83980d3bcde6df906632e65853790223c6_0_1	f5fedd23aae4bdaee5a086bd0008fe83980d3bcde6df906632e65853790223c6	0	1	/mnt/data/grasp-anything-lgd/data/processed/grasp-anything-pp/grasp_instructions/grasp_instructions/f5fedd23aae4bdaee5a086bd0008fe83980d3bcde6df906632e65853790223c6_0_1.pkl	/mnt/data/grasp-anything-lgd/data/processed/grasp-anything-pp/grasp_label_positive/grasp_label_positive/f5fedd23aae4bdaee5a086bd0008fe83980d3bcde6df906632e65853790223c6_0_1.pt	29x6	0.013379	389.993866	Grab pencil on its lead.	24
9aa27ade3067a8eb08f7cacd52ed975f37ed78ad17f89bc42b974013bb00a49e_0_1	9aa27ade3067a8eb08f7cacd52ed975f37ed78ad17f89bc42b974013bb00a49e	0	1	/mnt/data/grasp-anything-lgd/data/processed/grasp-anything-pp/grasp_instructions/grasp_instructions/9aa27ade3067a8eb08f7cacd52ed975f37ed78ad17f89bc42b974013bb00a49e_0_1.pkl	/mnt/data/grasp-anything-lgd/data/processed/grasp-anything-pp/grasp_label_positive/grasp_label_positive/9aa27ade3067a8eb08f7cacd52ed975f37ed78ad17f89bc42b974013bb00a49e_0_1.pt	9x6	0.032329	324.010895	Fetch pen by its ink or lead.	29
bd55871a15c0dd8904ec2935037430cf30d9aed875d318576cf2d59186868817_0_2	bd55871a15c0dd8904ec2935037430cf30d9aed875d318576cf2d59186868817	0	2	/mnt/data/grasp-anything-lgd/data/processed/grasp-anything-pp/grasp_instructions/grasp_instructions/bd55871a15c0dd8904ec2935037430cf30d9aed875d318576cf2d59186868817_0_2.pkl	/mnt/data/grasp-anything-lgd/data/processed/grasp-anything-pp/grasp_label_positive/grasp_label_positive/bd55871a15c0dd8904ec2935037430cf30d9aed875d318576cf2d59186868817_0_2.pt	1x6	0.197868	0.969585	Grasp lime at its seeds.	24
28fc0f48fd274b8165b658cd8d2046f2c134a33732d8aea265f2920bcba9ad3b_1_0	28fc0f48fd274b8165b658cd8d2046f2c134a33732d8aea265f2920bcba9ad3b	1	0	/mnt/data/grasp-anything-lgd/data/processed/grasp-anything-pp/grasp_instructions/grasp_instructions/28fc0f48fd274b8165b658cd8d2046f2c134a33732d8aea265f2920bcba9ad3b_1_0.pkl	/mnt/data/grasp-anything-lgd/data/processed/grasp-anything-pp/grasp_label_positive/grasp_label_positive/28fc0f48fd274b8165b658cd8d2046f2c134a33732d8aea265f2920bcba9ad3b_1_0.pt	6x6	0.055358	304.106171	Take eraser by its rubber or material.	38
b5ef6d5bf022f27c0de19119ee9e0ea5fc1f457a081e5f440b3713a2919e83a1_0_1	b5ef6d5bf022f27c0de19119ee9e0ea5fc1f457a081e5f440b3713a2919e83a1	0	1	/mnt/data/grasp-anything-lgd/data/processed/grasp-anything-pp/grasp_instructions/grasp_instructions/b5ef6d5bf022f27c0de19119ee9e0ea5fc1f457a081e5f440b3713a2919e83a1_0_1.pkl	/mnt/data/grasp-anything-lgd/data/processed/grasp-anything-pp/grasp_label_positive/grasp_label_positive/b5ef6d5bf022f27c0de19119ee9e0ea5fc1f457a081e5f440b3713a2919e83a1_0_1.pt	9x6	0.044287	320.886078	Lift hairbrush by its handle.	29
55c96a767b1a4d8e5dad136b9811fddf31ed169486c50c377e7cb068b54aee25_0_1	55c96a767b1a4d8e5dad136b9811fddf31ed169486c50c377e7cb068b54aee25	0	1	/mnt/data/grasp-anything-lgd/data/processed/grasp-anything-pp/grasp_instructions/grasp_instructions/55c96a767b1a4d8e5dad136b9811fddf31ed169486c50c377e7cb068b54aee25_0_1.pkl	/mnt/data/grasp-anything-lgd/data/processed/grasp-anything-pp/grasp_label_positive/grasp_label_positive/55c96a767b1a4d8e5dad136b9811fddf31ed169486c50c377e7cb068b54aee25_0_1.pt	8x6	0.013787	385.010162	Take hold of banana on its flesh.	33
4ce78d29625ecb2fb4cd828526a4309dda47dc1b748edaf03636ab34ae3c7b42_0_1	4ce78d29625ecb2fb4cd828526a4309dda47dc1b748edaf03636ab34ae3c7b42	0	1	/mnt/data/grasp-anything-lgd/data/processed/grasp-anything-pp/grasp_instructions/grasp_instructions/4ce78d29625ecb2fb4cd828526a4309dda47dc1b748edaf03636ab34ae3c7b42_0_1.pkl	/mnt/data/grasp-anything-lgd/data/processed/grasp-anything-pp/grasp_label_positive/grasp_label_positive/4ce78d29625ecb2fb4cd828526a4309dda47dc1b748edaf03636ab34ae3c7b42_0_1.pt	7x6	0.028528	381.70697	Take pen by its ink or lead.	28
e3a3ba344c562fb5542eee9433f1ff3abdbf1984ff9b730f52fb2352fd427bf3_0_0	e3a3ba344c562fb5542eee9433f1ff3abdbf1984ff9b730f52fb2352fd427bf3	0	0	/mnt/data/grasp-anything-lgd/data/processed/grasp-anything-pp/grasp_instructions/grasp_instructions/e3a3ba344c562fb5542eee9433f1ff3abdbf1984ff9b730f52fb2352fd427bf3_0_0.pkl	/mnt/data/grasp-anything-lgd/data/processed/grasp-anything-pp/grasp_label_positive/grasp_label_positive/e3a3ba344c562fb5542eee9433f1ff3abdbf1984ff9b730f52fb2352fd427bf3_0_0.pt	10x6	0.010723	388.306366	Grasp lipstick at its tube.	27
b601194b7be8b48ebd5257d2369db10a451bbdd70425ec5752ea82cab58833e6_0_0	b601194b7be8b48ebd5257d2369db10a451bbdd70425ec5752ea82cab58833e6	0	0	/mnt/data/grasp-anything-lgd/data/processed/grasp-anything-pp/grasp_instructions/grasp_instructions/b601194b7be8b48ebd5257d2369db10a451bbdd70425ec5752ea82cab58833e6_0_0.pkl	/mnt/data/grasp-anything-lgd/data/processed/grasp-anything-pp/grasp_label_positive/grasp_label_positive/b601194b7be8b48ebd5257d2369db10a451bbdd70425ec5752ea82cab58833e6_0_0.pt	6x6	0.064336	389.515015	Grip pencil on its wooden or plastic.	37
d2042692d2cd3ac7f6c611a821a415260a9177fabff8f07fd7204b4ab09f4ffa_1_0	d2042692d2cd3ac7f6c611a821a415260a9177fabff8f07fd7204b4ab09f4ffa	1	0	/mnt/data/grasp-anything-lgd/data/processed/grasp-anything-pp/grasp_instructions/grasp_instructions/d2042692d2cd3ac7f6c611a821a415260a9177fabff8f07fd7204b4ab09f4ffa_1_0.pkl	/mnt/data/grasp-anything-lgd/data/processed/grasp-anything-pp/grasp_label_positive/grasp_label_positive/d2042692d2cd3ac7f6c611a821a415260a9177fabff8f07fd7204b4ab09f4ffa_1_0.pt	4x6	0.064512	328.818573	Grasp remote at its control device.	35
a26123a5c85a560e3a6f4f6fd8cc7fa521b02c3462aca653183cd4962e6b28da_0_0	a26123a5c85a560e3a6f4f6fd8cc7fa521b02c3462aca653183cd4962e6b28da	0	0	/mnt/data/grasp-anything-lgd/data/processed/grasp-anything-pp/grasp_instructions/grasp_instructions/a26123a5c85a560e3a6f4f6fd8cc7fa521b02c3462aca653183cd4962e6b28da_0_0.pkl	/mnt/data/grasp-anything-lgd/data/processed/grasp-anything-pp/grasp_label_positive/grasp_label_positive/a26123a5c85a560e3a6f4f6fd8cc7fa521b02c3462aca653183cd4962e6b28da_0_0.pt	1x6	0.023331	241.241745	Take hold of key on its metal or plastic.	41
579b80071940011b5cfce8ea349b88cb4510b2fdd80df01ffa2c339b29dba5f6_1_1	579b80071940011b5cfce8ea349b88cb4510b2fdd80df01ffa2c339b29dba5f6	1	1	/mnt/data/grasp-anything-lgd/data/processed/grasp-anything-pp/grasp_instructions/grasp_instructions/579b80071940011b5cfce8ea349b88cb4510b2fdd80df01ffa2c339b29dba5f6_1_1.pkl	/mnt/data/grasp-anything-lgd/data/processed/grasp-anything-pp/grasp_label_positive/grasp_label_positive/579b80071940011b5cfce8ea349b88cb4510b2fdd80df01ffa2c339b29dba5f6_1_1.pt	6x6	0.024496	367.927094	Grip remote on its buttons.	27
a64879dd73e9d578fc34426ba55ba5b0d0322c2955d0dc6c4b90998b3012be03_0_2	a64879dd73e9d578fc34426ba55ba5b0d0322c2955d0dc6c4b90998b3012be03	0	2	/mnt/data/grasp-anything-lgd/data/processed/grasp-anything-pp/grasp_instructions/grasp_instructions/a64879dd73e9d578fc34426ba55ba5b0d0322c2955d0dc6c4b90998b3012be03_0_2.pkl	/mnt/data/grasp-anything-lgd/data/processed/grasp-anything-pp/grasp_label_positive/grasp_label_positive/a64879dd73e9d578fc34426ba55ba5b0d0322c2955d0dc6c4b90998b3012be03_0_2.pt	31x6	0.010889	362.476379	Grasp pen at its cap.	21
e3dbd518584778114ba6e1cc3169df313be1c5e2f374df007cfc5b1fbf0c2d91_0_1	e3dbd518584778114ba6e1cc3169df313be1c5e2f374df007cfc5b1fbf0c2d91	0	1	/mnt/data/grasp-anything-lgd/data/processed/grasp-anything-pp/grasp_instructions/grasp_instructions/e3dbd518584778114ba6e1cc3169df313be1c5e2f374df007cfc5b1fbf0c2d91_0_1.pkl	/mnt/data/grasp-anything-lgd/data/processed/grasp-anything-pp/grasp_label_positive/grasp_label_positive/e3dbd518584778114ba6e1cc3169df313be1c5e2f374df007cfc5b1fbf0c2d91_0_1.pt	3x6	0.010934	372.380768	Grasp spoon at its bowl-shaped.	31
d67d976d51c758fd8d2ce4447351529d9241be212c74ece4878d3893392dc2ed_0_2	d67d976d51c758fd8d2ce4447351529d9241be212c74ece4878d3893392dc2ed	0	2	/mnt/data/grasp-anything-lgd/data/processed/grasp-anything-pp/grasp_instructions/grasp_instructions/d67d976d51c758fd8d2ce4447351529d9241be212c74ece4878d3893392dc2ed_0_2.pkl	/mnt/data/grasp-anything-lgd/data/processed/grasp-anything-pp/grasp_label_positive/grasp_label_positive/d67d976d51c758fd8d2ce4447351529d9241be212c74ece4878d3893392dc2ed_0_2.pt	8x6	0.029653	305.535095	Pick up pencil by its eraser.	29
81ac1415115fac9603c2d2d6b968acb1624d91a79735a16701bc542a9c34e76f_1_1	81ac1415115fac9603c2d2d6b968acb1624d91a79735a16701bc542a9c34e76f	1	1	/mnt/data/grasp-anything-lgd/data/processed/grasp-anything-pp/grasp_instructions/grasp_instructions/81ac1415115fac9603c2d2d6b968acb1624d91a79735a16701bc542a9c34e76f_1_1.pkl	/mnt/data/grasp-anything-lgd/data/processed/grasp-anything-pp/grasp_label_positive/grasp_label_positive/81ac1415115fac9603c2d2d6b968acb1624d91a79735a16701bc542a9c34e76f_1_1.pt	13x6	0.008826	342.996307	Grasp fork at its handle.	25
b011e34412bcd09132873c9efb30582739e9dce97f1d09825e41b14a043d2f90_0_1	b011e34412bcd09132873c9efb30582739e9dce97f1d09825e41b14a043d2f90	0	1	/mnt/data/grasp-anything-lgd/data/processed/grasp-anything-pp/grasp_instructions/grasp_instructions/b011e34412bcd09132873c9efb30582739e9dce97f1d09825e41b14a043d2f90_0_1.pkl	/mnt/data/grasp-anything-lgd/data/processed/grasp-anything-pp/grasp_label_positive/grasp_label_positive/b011e34412bcd09132873c9efb30582739e9dce97f1d09825e41b14a043d2f90_0_1.pt	3x6	0.056207	376.323151	Fetch grape by its flesh.	25
9ac7aa9e8d3fb447afc5539b0f7de2c6e40ccb46646aa9873906c922d656380a_0_1	9ac7aa9e8d3fb447afc5539b0f7de2c6e40ccb46646aa9873906c922d656380a	0	1	/mnt/data/grasp-anything-lgd/data/processed/grasp-anything-pp/grasp_instructions/grasp_instructions/9ac7aa9e8d3fb447afc5539b0f7de2c6e40ccb46646aa9873906c922d656380a_0_1.pkl	/mnt/data/grasp-anything-lgd/data/processed/grasp-anything-pp/grasp_label_positive/grasp_label_positive/9ac7aa9e8d3fb447afc5539b0f7de2c6e40ccb46646aa9873906c922d656380a_0_1.pt	24x6	0.009625	385.210632	Take hairbrush by its handle.	29
2bb58d51b6517e567825dc451be00346e269e459d46386dd166a1b4397705c24_0_3	2bb58d51b6517e567825dc451be00346e269e459d46386dd166a1b4397705c24	0	3	/mnt/data/grasp-anything-lgd/data/processed/grasp-anything-pp/grasp_instructions/grasp_instructions/2bb58d51b6517e567825dc451be00346e269e459d46386dd166a1b4397705c24_0_3.pkl	/mnt/data/grasp-anything-lgd/data/processed/grasp-anything-pp/grasp_label_positive/grasp_label_positive/2bb58d51b6517e567825dc451be00346e269e459d46386dd166a1b4397705c24_0_3.pt	2x6	0.022479	236.153183	Pick up apple by its stem.	26
ca032bfc91c82365f5017c2672b6a2e0822ef8d31532e32be011df7ad62bbcb5_0_0	ca032bfc91c82365f5017c2672b6a2e0822ef8d31532e32be011df7ad62bbcb5	0	0	/mnt/data/grasp-anything-lgd/data/processed/grasp-anything-pp/grasp_instructions/grasp_instructions/ca032bfc91c82365f5017c2672b6a2e0822ef8d31532e32be011df7ad62bbcb5_0_0.pkl	/mnt/data/grasp-anything-lgd/data/processed/grasp-anything-pp/grasp_label_positive/grasp_label_positive/ca032bfc91c82365f5017c2672b6a2e0822ef8d31532e32be011df7ad62bbcb5_0_0.pt	11x6	0.040225	178.776062	Lift chopsticks by its pair of sticks.	38
b03a55a0c1ac7a5758ff3b1fee75b05dac45c9c22d06329aa4570a907bad3d2c_0_1	b03a55a0c1ac7a5758ff3b1fee75b05dac45c9c22d06329aa4570a907bad3d2c	0	1	/mnt/data/grasp-anything-lgd/data/processed/grasp-anything-pp/grasp_instructions/grasp_instructions/b03a55a0c1ac7a5758ff3b1fee75b05dac45c9c22d06329aa4570a907bad3d2c_0_1.pkl	/mnt/data/grasp-anything-lgd/data/processed/grasp-anything-pp/grasp_label_positive/grasp_label_positive/b03a55a0c1ac7a5758ff3b1fee75b05dac45c9c22d06329aa4570a907bad3d2c_0_1.pt	1x6	0.028728	163.627274	Pick up banana by its flesh.	28
1a5a7cc9ae82a18fac80945b50e50ebcbd1796b7b5f27285ffaa375a6f883b58_0_2	1a5a7cc9ae82a18fac80945b50e50ebcbd1796b7b5f27285ffaa375a6f883b58	0	2	/mnt/data/grasp-anything-lgd/data/processed/grasp-anything-pp/grasp_instructions/grasp_instructions/1a5a7cc9ae82a18fac80945b50e50ebcbd1796b7b5f27285ffaa375a6f883b58_0_2.pkl	/mnt/data/grasp-anything-lgd/data/processed/grasp-anything-pp/grasp_label_positive/grasp_label_positive/1a5a7cc9ae82a18fac80945b50e50ebcbd1796b7b5f27285ffaa375a6f883b58_0_2.pt	1x6	0.018693	166.680328	Grip lemon on its seeds.	24
e324359485adb7d1798771ae95e73b1566b73f710be3de09c5907ee52b7f454b_1_0	e324359485adb7d1798771ae95e73b1566b73f710be3de09c5907ee52b7f454b	1	0	/mnt/data/grasp-anything-lgd/data/processed/grasp-anything-pp/grasp_instructions/grasp_instructions/e324359485adb7d1798771ae95e73b1566b73f710be3de09c5907ee52b7f454b_1_0.pkl	/mnt/data/grasp-anything-lgd/data/processed/grasp-anything-pp/grasp_label_positive/grasp_label_positive/e324359485adb7d1798771ae95e73b1566b73f710be3de09c5907ee52b7f454b_1_0.pt	1x6	0.032955	242.605682	Hold banana at its skin.	24
4dcef4522fca2c6d6f9fc73b8468f6a011240b550ab39877c91f8f1387646776_1_2	4dcef4522fca2c6d6f9fc73b8468f6a011240b550ab39877c91f8f1387646776	1	2	/mnt/data/grasp-anything-lgd/data/processed/grasp-anything-pp/grasp_instructions/grasp_instructions/4dcef4522fca2c6d6f9fc73b8468f6a011240b550ab39877c91f8f1387646776_1_2.pkl	/mnt/data/grasp-anything-lgd/data/processed/grasp-anything-pp/grasp_label_positive/grasp_label_positive/4dcef4522fca2c6d6f9fc73b8468f6a011240b550ab39877c91f8f1387646776_1_2.pt	1x6	0.142951	0.988957	Grab lime on its seeds.	23
e3f7fde22645714453964af37eac3d837b7742a126c21fccbecfe8936de1a186_1_0	e3f7fde22645714453964af37eac3d837b7742a126c21fccbecfe8936de1a186	1	0	/mnt/data/grasp-anything-lgd/data/processed/grasp-anything-pp/grasp_instructions/grasp_instructions/e3f7fde22645714453964af37eac3d837b7742a126c21fccbecfe8936de1a186_1_0.pkl	/mnt/data/grasp-anything-lgd/data/processed/grasp-anything-pp/grasp_label_positive/grasp_label_positive/e3f7fde22645714453964af37eac3d837b7742a126c21fccbecfe8936de1a186_1_0.pt	2x6	0.083979	372.89325	Lift highlighter by its marker.	31
34cd8044ca947b4178f7bc553e1fb871cbbdd720b612839e8bcb10885eadbc18_1_2	34cd8044ca947b4178f7bc553e1fb871cbbdd720b612839e8bcb10885eadbc18	1	2	/mnt/data/grasp-anything-lgd/data/processed/grasp-anything-pp/grasp_instructions/grasp_instructions/34cd8044ca947b4178f7bc553e1fb871cbbdd720b612839e8bcb10885eadbc18_1_2.pkl	/mnt/data/grasp-anything-lgd/data/processed/grasp-anything-pp/grasp_label_positive/grasp_label_positive/34cd8044ca947b4178f7bc553e1fb871cbbdd720b612839e8bcb10885eadbc18_1_2.pt	15x6	0.022083	337.104431	Pick up toothbrush by its handle.	33
3690b741b49dd2a63592943d192a226738dd08991587cb71af1eeb08090f233d_1_0	3690b741b49dd2a63592943d192a226738dd08991587cb71af1eeb08090f233d	1	0	/mnt/data/grasp-anything-lgd/data/processed/grasp-anything-pp/grasp_instructions/grasp_instructions/3690b741b49dd2a63592943d192a226738dd08991587cb71af1eeb08090f233d_1_0.pkl	/mnt/data/grasp-anything-lgd/data/processed/grasp-anything-pp/grasp_label_positive/grasp_label_positive/3690b741b49dd2a63592943d192a226738dd08991587cb71af1eeb08090f233d_1_0.pt	2x6	0.016207	274.674469	Pick up calculator by its screen.	33
da45d198859289e24f1e966a7ce67824e6479483ea5422921ded06e0ee1574f6_0_0	da45d198859289e24f1e966a7ce67824e6479483ea5422921ded06e0ee1574f6	0	0	/mnt/data/grasp-anything-lgd/data/processed/grasp-anything-pp/grasp_instructions/grasp_instructions/da45d198859289e24f1e966a7ce67824e6479483ea5422921ded06e0ee1574f6_0_0.pkl	/mnt/data/grasp-anything-lgd/data/processed/grasp-anything-pp/grasp_label_positive/grasp_label_positive/da45d198859289e24f1e966a7ce67824e6479483ea5422921ded06e0ee1574f6_0_0.pt	5x6	0.012325	324.163086	Grip rubber on its elastic material.	36
28cd778ab70422abe2f69483d1ab923f9e0f1bccbc605090d66b5beb5a050aad_0_0	28cd778ab70422abe2f69483d1ab923f9e0f1bccbc605090d66b5beb5a050aad	0	0	/mnt/data/grasp-anything-lgd/data/processed/grasp-anything-pp/grasp_instructions/grasp_instructions/28cd778ab70422abe2f69483d1ab923f9e0f1bccbc605090d66b5beb5a050aad_0_0.pkl	/mnt/data/grasp-anything-lgd/data/processed/grasp-anything-pp/grasp_label_positive/grasp_label_positive/28cd778ab70422abe2f69483d1ab923f9e0f1bccbc605090d66b5beb5a050aad_0_0.pt	3x6	0.010362	305.614258	Hold spoon at its utensil.	26
4f1a3ce422683dc8393e09766c4c9e4fa61741b94217fd718a759b53738d2651_1_2	4f1a3ce422683dc8393e09766c4c9e4fa61741b94217fd718a759b53738d2651	1	2	/mnt/data/grasp-anything-lgd/data/processed/grasp-anything-pp/grasp_instructions/grasp_instructions/4f1a3ce422683dc8393e09766c4c9e4fa61741b94217fd718a759b53738d2651_1_2.pkl	/mnt/data/grasp-anything-lgd/data/processed/grasp-anything-pp/grasp_label_positive/grasp_label_positive/4f1a3ce422683dc8393e09766c4c9e4fa61741b94217fd718a759b53738d2651_1_2.pt	12x6	0.004456	353.779114	Hold key at its ring.	21
028e207a50c891b13bacdedc15143a4ed3c574d95baab5de82acd690814c3c82_0_0	028e207a50c891b13bacdedc15143a4ed3c574d95baab5de82acd690814c3c82	0	0	/mnt/data/grasp-anything-lgd/data/processed/grasp-anything-pp/grasp_instructions/grasp_instructions/028e207a50c891b13bacdedc15143a4ed3c574d95baab5de82acd690814c3c82_0_0.pkl	/mnt/data/grasp-anything-lgd/data/processed/grasp-anything-pp/grasp_label_positive/grasp_label_positive/028e207a50c891b13bacdedc15143a4ed3c574d95baab5de82acd690814c3c82_0_0.pt	5x6	0.012981	375.292267	Grasp spoon at its utensil.	27
283ba0b7121b59b36591ee7eb65e28bad75be2cd536c495f790106c93cf4d42f_0_1	283ba0b7121b59b36591ee7eb65e28bad75be2cd536c495f790106c93cf4d42f	0	1	/mnt/data/grasp-anything-lgd/data/processed/grasp-anything-pp/grasp_instructions/grasp_instructions/283ba0b7121b59b36591ee7eb65e28bad75be2cd536c495f790106c93cf4d42f_0_1.pkl	/mnt/data/grasp-anything-lgd/data/processed/grasp-anything-pp/grasp_label_positive/grasp_label_positive/283ba0b7121b59b36591ee7eb65e28bad75be2cd536c495f790106c93cf4d42f_0_1.pt	6x6	0.055688	321.92984	Take hold of ball on its material.	34
b12833fd7e386439703f687c95eb5f809e853b06027be252b7d25dee6ac78cc4_0_0	b12833fd7e386439703f687c95eb5f809e853b06027be252b7d25dee6ac78cc4	0	0	/mnt/data/grasp-anything-lgd/data/processed/grasp-anything-pp/grasp_instructions/grasp_instructions/b12833fd7e386439703f687c95eb5f809e853b06027be252b7d25dee6ac78cc4_0_0.pkl	/mnt/data/grasp-anything-lgd/data/processed/grasp-anything-pp/grasp_label_positive/grasp_label_positive/b12833fd7e386439703f687c95eb5f809e853b06027be252b7d25dee6ac78cc4_0_0.pt	24x6	0.011857	386.427887	Hold pen at its barrel.	23
1e1626468a9468217a919472aefa12fd028a867a036fb9fde4fe4f8c068819af_0_1	1e1626468a9468217a919472aefa12fd028a867a036fb9fde4fe4f8c068819af	0	1	/mnt/data/grasp-anything-lgd/data/processed/grasp-anything-pp/grasp_instructions/grasp_instructions/1e1626468a9468217a919472aefa12fd028a867a036fb9fde4fe4f8c068819af_0_1.pkl	/mnt/data/grasp-anything-lgd/data/processed/grasp-anything-pp/grasp_label_positive/grasp_label_positive/1e1626468a9468217a919472aefa12fd028a867a036fb9fde4fe4f8c068819af_0_1.pt	7x6	0.016018	373.843781	Grab spoon on its bowl-shaped.	30
5a8b6179257a20ae8cdc7672a27f8b5db6825785193af6affa29496687c81f36_0_2	5a8b6179257a20ae8cdc7672a27f8b5db6825785193af6affa29496687c81f36	0	2	/mnt/data/grasp-anything-lgd/data/processed/grasp-anything-pp/grasp_instructions/grasp_instructions/5a8b6179257a20ae8cdc7672a27f8b5db6825785193af6affa29496687c81f36_0_2.pkl	/mnt/data/grasp-anything-lgd/data/processed/grasp-anything-pp/grasp_label_positive/grasp_label_positive/5a8b6179257a20ae8cdc7672a27f8b5db6825785193af6affa29496687c81f36_0_2.pt	20x6	0.017452	195.075012	Pick up remote by its infrared sensor.	38
ccd91597a6e100863469180bd4fcd1347d5711f51708a89aeaf4b340d23adf17_0_0	ccd91597a6e100863469180bd4fcd1347d5711f51708a89aeaf4b340d23adf17	0	0	/mnt/data/grasp-anything-lgd/data/processed/grasp-anything-pp/grasp_instructions/grasp_instructions/ccd91597a6e100863469180bd4fcd1347d5711f51708a89aeaf4b340d23adf17_0_0.pkl	/mnt/data/grasp-anything-lgd/data/processed/grasp-anything-pp/grasp_label_positive/grasp_label_positive/ccd91597a6e100863469180bd4fcd1347d5711f51708a89aeaf4b340d23adf17_0_0.pt	2x6	0.027562	337.763245	Grab apple on its skin.	23
59622e50a9639249785028c1b35e3f27c4d8818eb8d64666bb31c0b97ada1224_0_0	59622e50a9639249785028c1b35e3f27c4d8818eb8d64666bb31c0b97ada1224	0	0	/mnt/data/grasp-anything-lgd/data/processed/grasp-anything-pp/grasp_instructions/grasp_instructions/59622e50a9639249785028c1b35e3f27c4d8818eb8d64666bb31c0b97ada1224_0_0.pkl	/mnt/data/grasp-anything-lgd/data/processed/grasp-anything-pp/grasp_label_positive/grasp_label_positive/59622e50a9639249785028c1b35e3f27c4d8818eb8d64666bb31c0b97ada1224_0_0.pt	5x6	0.06856	374.190033	Fetch highlighter by its marker.	32
23180eed96bc392f7f01f433149f50c8c80a405ded98c7c7fce466628359dc98_0_1	23180eed96bc392f7f01f433149f50c8c80a405ded98c7c7fce466628359dc98	0	1	/mnt/data/grasp-anything-lgd/data/processed/grasp-anything-pp/grasp_instructions/grasp_instructions/23180eed96bc392f7f01f433149f50c8c80a405ded98c7c7fce466628359dc98_0_1.pkl	/mnt/data/grasp-anything-lgd/data/processed/grasp-anything-pp/grasp_label_positive/grasp_label_positive/23180eed96bc392f7f01f433149f50c8c80a405ded98c7c7fce466628359dc98_0_1.pt	9x6	0.015058	180.236923	Take hold of spoon on its bowl-shaped.	38
2ea980cdb05df80fc9e7d10e4a83b4d925427254ed4d459671e4a5dc30970983_0_0	2ea980cdb05df80fc9e7d10e4a83b4d925427254ed4d459671e4a5dc30970983	0	0	/mnt/data/grasp-anything-lgd/data/processed/grasp-anything-pp/grasp_instructions/grasp_instructions/2ea980cdb05df80fc9e7d10e4a83b4d925427254ed4d459671e4a5dc30970983_0_0.pkl	/mnt/data/grasp-anything-lgd/data/processed/grasp-anything-pp/grasp_label_positive/grasp_label_positive/2ea980cdb05df80fc9e7d10e4a83b4d925427254ed4d459671e4a5dc30970983_0_0.pt	11x6	0.040798	272.41217	Grasp duck at its feathers.	27
7f011562c5dc4eb618fce9e0d8dee2349d943a3b3f85916e5e8927b5987df6e0_2_1	7f011562c5dc4eb618fce9e0d8dee2349d943a3b3f85916e5e8927b5987df6e0	2	1	/mnt/data/grasp-anything-lgd/data/processed/grasp-anything-pp/grasp_instructions/grasp_instructions/7f011562c5dc4eb618fce9e0d8dee2349d943a3b3f85916e5e8927b5987df6e0_2_1.pkl	/mnt/data/grasp-anything-lgd/data/processed/grasp-anything-pp/grasp_label_positive/grasp_label_positive/7f011562c5dc4eb618fce9e0d8dee2349d943a3b3f85916e5e8927b5987df6e0_2_1.pt	4x6	0.065002	375.144379	Lift paperclip by its shape.	28
f1fe13e36a5b89ed7652abf4f6890887a04f295610a9b0ba3b2edfc75b6ef895_0_2	f1fe13e36a5b89ed7652abf4f6890887a04f295610a9b0ba3b2edfc75b6ef895	0	2	/mnt/data/grasp-anything-lgd/data/processed/grasp-anything-pp/grasp_instructions/grasp_instructions/f1fe13e36a5b89ed7652abf4f6890887a04f295610a9b0ba3b2edfc75b6ef895_0_2.pkl	/mnt/data/grasp-anything-lgd/data/processed/grasp-anything-pp/grasp_label_positive/grasp_label_positive/f1fe13e36a5b89ed7652abf4f6890887a04f295610a9b0ba3b2edfc75b6ef895_0_2.pt	26x6	0.012518	297.851349	Pick up pencil by its eraser.	29
6b023e48a43d5581abf7c33a0c908fbc7b57ce8f57e2cf454b631cb950e72442_1_0	6b023e48a43d5581abf7c33a0c908fbc7b57ce8f57e2cf454b631cb950e72442	1	0	/mnt/data/grasp-anything-lgd/data/processed/grasp-anything-pp/grasp_instructions/grasp_instructions/6b023e48a43d5581abf7c33a0c908fbc7b57ce8f57e2cf454b631cb950e72442_1_0.pkl	/mnt/data/grasp-anything-lgd/data/processed/grasp-anything-pp/grasp_label_positive/grasp_label_positive/6b023e48a43d5581abf7c33a0c908fbc7b57ce8f57e2cf454b631cb950e72442_1_0.pt	9x6	0.027606	199.559677	Grasp spoon at its utensil.	27
e1af29b9c9d008d99678fba3d7338ecf3e93641f1d14d5b918f24194a6fbf8fe_1_2	e1af29b9c9d008d99678fba3d7338ecf3e93641f1d14d5b918f24194a6fbf8fe	1	2	/mnt/data/grasp-anything-lgd/data/processed/grasp-anything-pp/grasp_instructions/grasp_instructions/e1af29b9c9d008d99678fba3d7338ecf3e93641f1d14d5b918f24194a6fbf8fe_1_2.pkl	/mnt/data/grasp-anything-lgd/data/processed/grasp-anything-pp/grasp_label_positive/grasp_label_positive/e1af29b9c9d008d99678fba3d7338ecf3e93641f1d14d5b918f24194a6fbf8fe_1_2.pt	1x6	0.246965	0.906993	Hold lime at its seeds.	23
b231101de1e73ea2136bbc3204dc6254560b0197358f1bc73b02909bb386ffda_0_3	b231101de1e73ea2136bbc3204dc6254560b0197358f1bc73b02909bb386ffda	0	3	/mnt/data/grasp-anything-lgd/data/processed/grasp-anything-pp/grasp_instructions/grasp_instructions/b231101de1e73ea2136bbc3204dc6254560b0197358f1bc73b02909bb386ffda_0_3.pkl	/mnt/data/grasp-anything-lgd/data/processed/grasp-anything-pp/grasp_label_positive/grasp_label_positive/b231101de1e73ea2136bbc3204dc6254560b0197358f1bc73b02909bb386ffda_0_3.pt	6x6	0.102902	322.278229	Pick up apple by its stem.	26
8224658253df4399093e07938b6f8ae4900d7aefedbcea9cb4124f6264537b62_2_1	8224658253df4399093e07938b6f8ae4900d7aefedbcea9cb4124f6264537b62	2	1	/mnt/data/grasp-anything-lgd/data/processed/grasp-anything-pp/grasp_instructions/grasp_instructions/8224658253df4399093e07938b6f8ae4900d7aefedbcea9cb4124f6264537b62_2_1.pkl	/mnt/data/grasp-anything-lgd/data/processed/grasp-anything-pp/grasp_label_positive/grasp_label_positive/8224658253df4399093e07938b6f8ae4900d7aefedbcea9cb4124f6264537b62_2_1.pt	17x6	0.019155	384.946381	Hold eraser at its shape.	25
1162d57fb243181792d167e24341ac107f187a621b1b8cb4d85836ef6b88d4f8_0_1	1162d57fb243181792d167e24341ac107f187a621b1b8cb4d85836ef6b88d4f8	0	1	/mnt/data/grasp-anything-lgd/data/processed/grasp-anything-pp/grasp_instructions/grasp_instructions/1162d57fb243181792d167e24341ac107f187a621b1b8cb4d85836ef6b88d4f8_0_1.pkl	/mnt/data/grasp-anything-lgd/data/processed/grasp-anything-pp/grasp_label_positive/grasp_label_positive/1162d57fb243181792d167e24341ac107f187a621b1b8cb4d85836ef6b88d4f8_0_1.pt	4x6	0.048556	230.828949	Grip spoon on its bowl-shaped.	30
9d9509686e10841294565b1b149914d381c053d6f360be4739dcf45b36aa2ba4_2_1	9d9509686e10841294565b1b149914d381c053d6f360be4739dcf45b36aa2ba4	2	1	/mnt/data/grasp-anything-lgd/data/processed/grasp-anything-pp/grasp_instructions/grasp_instructions/9d9509686e10841294565b1b149914d381c053d6f360be4739dcf45b36aa2ba4_2_1.pkl	/mnt/data/grasp-anything-lgd/data/processed/grasp-anything-pp/grasp_label_positive/grasp_label_positive/9d9509686e10841294565b1b149914d381c053d6f360be4739dcf45b36aa2ba4_2_1.pt	2x6	0.097597	174.904282	Grip notebook on its pages.	27
4a564ec7938c02fee8bf3749a01c763130bdfe59df537b0b3115623eb8425502_0_1	4a564ec7938c02fee8bf3749a01c763130bdfe59df537b0b3115623eb8425502	0	1	/mnt/data/grasp-anything-lgd/data/processed/grasp-anything-pp/grasp_instructions/grasp_instructions/4a564ec7938c02fee8bf3749a01c763130bdfe59df537b0b3115623eb8425502_0_1.pkl	/mnt/data/grasp-anything-lgd/data/processed/grasp-anything-pp/grasp_label_positive/grasp_label_positive/4a564ec7938c02fee8bf3749a01c763130bdfe59df537b0b3115623eb8425502_0_1.pt	2x6	0.073167	242.171997	Grip apple on its flesh.	24
e963e6df9be6b99c88556cb5706b98ce0acd4d1ff4e93cde3d0c96a5bfb46c7e_0_1	e963e6df9be6b99c88556cb5706b98ce0acd4d1ff4e93cde3d0c96a5bfb46c7e	0	1	/mnt/data/grasp-anything-lgd/data/processed/grasp-anything-pp/grasp_instructions/grasp_instructions/e963e6df9be6b99c88556cb5706b98ce0acd4d1ff4e93cde3d0c96a5bfb46c7e_0_1.pkl	/mnt/data/grasp-anything-lgd/data/processed/grasp-anything-pp/grasp_label_positive/grasp_label_positive/e963e6df9be6b99c88556cb5706b98ce0acd4d1ff4e93cde3d0c96a5bfb46c7e_0_1.pt	7x6	0.029642	231.899078	Grab spoon on its bowl-shaped.	30
c622d896f8259bc334f35e593f7b42782ee66bb63513d60cffb182235ee396e4_1_1	c622d896f8259bc334f35e593f7b42782ee66bb63513d60cffb182235ee396e4	1	1	/mnt/data/grasp-anything-lgd/data/processed/grasp-anything-pp/grasp_instructions/grasp_instructions/c622d896f8259bc334f35e593f7b42782ee66bb63513d60cffb182235ee396e4_1_1.pkl	/mnt/data/grasp-anything-lgd/data/processed/grasp-anything-pp/grasp_label_positive/grasp_label_positive/c622d896f8259bc334f35e593f7b42782ee66bb63513d60cffb182235ee396e4_1_1.pt	8x6	0.030288	374.288849	Hold coin at its face.	22
3819fe6c1eb88c8ae8ec2a1bc0ed7acd32018707a14bf3117fe3066da81ae40f_1_1	3819fe6c1eb88c8ae8ec2a1bc0ed7acd32018707a14bf3117fe3066da81ae40f	1	1	/mnt/data/grasp-anything-lgd/data/processed/grasp-anything-pp/grasp_instructions/grasp_instructions/3819fe6c1eb88c8ae8ec2a1bc0ed7acd32018707a14bf3117fe3066da81ae40f_1_1.pkl	/mnt/data/grasp-anything-lgd/data/processed/grasp-anything-pp/grasp_label_positive/grasp_label_positive/3819fe6c1eb88c8ae8ec2a1bc0ed7acd32018707a14bf3117fe3066da81ae40f_1_1.pt	1x6	0.067094	166.42746	Hold highlighter at its bright color.	37
a874438e3b9a1c692306710f131389548a13e1f97c5a70ee8908a8e483f542ea_1_1	a874438e3b9a1c692306710f131389548a13e1f97c5a70ee8908a8e483f542ea	1	1	/mnt/data/grasp-anything-lgd/data/processed/grasp-anything-pp/grasp_instructions/grasp_instructions/a874438e3b9a1c692306710f131389548a13e1f97c5a70ee8908a8e483f542ea_1_1.pkl	/mnt/data/grasp-anything-lgd/data/processed/grasp-anything-pp/grasp_label_positive/grasp_label_positive/a874438e3b9a1c692306710f131389548a13e1f97c5a70ee8908a8e483f542ea_1_1.pt	28x6	0.010988	381.013397	Pick up pencil by its lead.	27
c93247c472a405615f7a34478002c226f6a363361210f542de2d860e134c457d_1_1	c93247c472a405615f7a34478002c226f6a363361210f542de2d860e134c457d	1	1	/mnt/data/grasp-anything-lgd/data/processed/grasp-anything-pp/grasp_instructions/grasp_instructions/c93247c472a405615f7a34478002c226f6a363361210f542de2d860e134c457d_1_1.pkl	/mnt/data/grasp-anything-lgd/data/processed/grasp-anything-pp/grasp_label_positive/grasp_label_positive/c93247c472a405615f7a34478002c226f6a363361210f542de2d860e134c457d_1_1.pt	1x6	0.127707	0.917839	Take hold of spoon on its bowl-shaped.	38
b21ffb7a25aa007e9dfee6f1d7a89848a397ff9d174d94b4a69af57c3d85abaf_0_2	b21ffb7a25aa007e9dfee6f1d7a89848a397ff9d174d94b4a69af57c3d85abaf	0	2	/mnt/data/grasp-anything-lgd/data/processed/grasp-anything-pp/grasp_instructions/grasp_instructions/b21ffb7a25aa007e9dfee6f1d7a89848a397ff9d174d94b4a69af57c3d85abaf_0_2.pkl	/mnt/data/grasp-anything-lgd/data/processed/grasp-anything-pp/grasp_label_positive/grasp_label_positive/b21ffb7a25aa007e9dfee6f1d7a89848a397ff9d174d94b4a69af57c3d85abaf_0_2.pt	9x6	0.036008	197.259766	Grip pencil on its eraser.	26
2d575c2d9410503c2019448e9df1b5380085e1333bd4b91c97d35871013a6a25_1_0	2d575c2d9410503c2019448e9df1b5380085e1333bd4b91c97d35871013a6a25	1	0	/mnt/data/grasp-anything-lgd/data/processed/grasp-anything-pp/grasp_instructions/grasp_instructions/2d575c2d9410503c2019448e9df1b5380085e1333bd4b91c97d35871013a6a25_1_0.pkl	/mnt/data/grasp-anything-lgd/data/processed/grasp-anything-pp/grasp_label_positive/grasp_label_positive/2d575c2d9410503c2019448e9df1b5380085e1333bd4b91c97d35871013a6a25_1_0.pt	16x6	0.016299	337.7099	Fetch tie by its neckwear.	26
46d23bbd00df22e6b757b9e1216375d03cb6de4bf436b326bee6aeb8355472a8_0_0	46d23bbd00df22e6b757b9e1216375d03cb6de4bf436b326bee6aeb8355472a8	0	0	/mnt/data/grasp-anything-lgd/data/processed/grasp-anything-pp/grasp_instructions/grasp_instructions/46d23bbd00df22e6b757b9e1216375d03cb6de4bf436b326bee6aeb8355472a8_0_0.pkl	/mnt/data/grasp-anything-lgd/data/processed/grasp-anything-pp/grasp_label_positive/grasp_label_positive/46d23bbd00df22e6b757b9e1216375d03cb6de4bf436b326bee6aeb8355472a8_0_0.pt	2x6	0.027733	344.461212	Grip banana on its skin.	24
db076cf1bc36b2ba0418c1d60b0ff84b39f12a6b36becccc075ffb6eae89d80e_0_2	db076cf1bc36b2ba0418c1d60b0ff84b39f12a6b36becccc075ffb6eae89d80e	0	2	/mnt/data/grasp-anything-lgd/data/processed/grasp-anything-pp/grasp_instructions/grasp_instructions/db076cf1bc36b2ba0418c1d60b0ff84b39f12a6b36becccc075ffb6eae89d80e_0_2.pkl	/mnt/data/grasp-anything-lgd/data/processed/grasp-anything-pp/grasp_label_positive/grasp_label_positive/db076cf1bc36b2ba0418c1d60b0ff84b39f12a6b36becccc075ffb6eae89d80e_0_2.pt	9x6	0.038982	179.096893	Grasp spoon at its handle.	26
434da242c8fa5bff66f1bc1dc5b55a8d16dac63ebeb5ec98a0029535c2af221e_1_2	434da242c8fa5bff66f1bc1dc5b55a8d16dac63ebeb5ec98a0029535c2af221e	1	2	/mnt/data/grasp-anything-lgd/data/processed/grasp-anything-pp/grasp_instructions/grasp_instructions/434da242c8fa5bff66f1bc1dc5b55a8d16dac63ebeb5ec98a0029535c2af221e_1_2.pkl	/mnt/data/grasp-anything-lgd/data/processed/grasp-anything-pp/grasp_label_positive/grasp_label_positive/434da242c8fa5bff66f1bc1dc5b55a8d16dac63ebeb5ec98a0029535c2af221e_1_2.pt	4x6	0.009786	375.050629	Fetch toothbrush by its handle.	31
34cf896030ded65f554089f4751e33ee6c6440173d3d82a83fbab79f2705af2e_1_2	34cf896030ded65f554089f4751e33ee6c6440173d3d82a83fbab79f2705af2e	1	2	/mnt/data/grasp-anything-lgd/data/processed/grasp-anything-pp/grasp_instructions/grasp_instructions/34cf896030ded65f554089f4751e33ee6c6440173d3d82a83fbab79f2705af2e_1_2.pkl	/mnt/data/grasp-anything-lgd/data/processed/grasp-anything-pp/grasp_label_positive/grasp_label_positive/34cf896030ded65f554089f4751e33ee6c6440173d3d82a83fbab79f2705af2e_1_2.pt	3x6	0.072741	323.452942	Grip kiwi on its seeds.	23
e7268bc97f6940c73e63ff67b6fe4a8c72420b05bd20c2f75a8ffedc12255deb_0_2	e7268bc97f6940c73e63ff67b6fe4a8c72420b05bd20c2f75a8ffedc12255deb	0	2	/mnt/data/grasp-anything-lgd/data/processed/grasp-anything-pp/grasp_instructions/grasp_instructions/e7268bc97f6940c73e63ff67b6fe4a8c72420b05bd20c2f75a8ffedc12255deb_0_2.pkl	/mnt/data/grasp-anything-lgd/data/processed/grasp-anything-pp/grasp_label_positive/grasp_label_positive/e7268bc97f6940c73e63ff67b6fe4a8c72420b05bd20c2f75a8ffedc12255deb_0_2.pt	6x6	0.041815	369.877045	Fetch earphones by its connectors.	34
d888f01951b77291b093a14319e21fa3ff584a427d3b1b185486446e47801245_0_1	d888f01951b77291b093a14319e21fa3ff584a427d3b1b185486446e47801245	0	1	/mnt/data/grasp-anything-lgd/data/processed/grasp-anything-pp/grasp_instructions/grasp_instructions/d888f01951b77291b093a14319e21fa3ff584a427d3b1b185486446e47801245_0_1.pkl	/mnt/data/grasp-anything-lgd/data/processed/grasp-anything-pp/grasp_label_positive/grasp_label_positive/d888f01951b77291b093a14319e21fa3ff584a427d3b1b185486446e47801245_0_1.pt	42x6	0.006066	373.558502	Take pen by its ink or lead.	28
5147dbe938380dc22cae3a948adf609fae57383a24ebb21ba0ec0af39bf11b3f_1_1	5147dbe938380dc22cae3a948adf609fae57383a24ebb21ba0ec0af39bf11b3f	1	1	/mnt/data/grasp-anything-lgd/data/processed/grasp-anything-pp/grasp_instructions/grasp_instructions/5147dbe938380dc22cae3a948adf609fae57383a24ebb21ba0ec0af39bf11b3f_1_1.pkl	/mnt/data/grasp-anything-lgd/data/processed/grasp-anything-pp/grasp_label_positive/grasp_label_positive/5147dbe938380dc22cae3a948adf609fae57383a24ebb21ba0ec0af39bf11b3f_1_1.pt	17x6	0.025652	300.426971	Pick up keychain by its attachments.	36
c0c9ef74a91e46c383b37d866e63bd07c629c6229faf8799e62cea58fb9d8e54_1_2	c0c9ef74a91e46c383b37d866e63bd07c629c6229faf8799e62cea58fb9d8e54	1	2	/mnt/data/grasp-anything-lgd/data/processed/grasp-anything-pp/grasp_instructions/grasp_instructions/c0c9ef74a91e46c383b37d866e63bd07c629c6229faf8799e62cea58fb9d8e54_1_2.pkl	/mnt/data/grasp-anything-lgd/data/processed/grasp-anything-pp/grasp_label_positive/grasp_label_positive/c0c9ef74a91e46c383b37d866e63bd07c629c6229faf8799e62cea58fb9d8e54_1_2.pt	33x6	0.012475	385.833527	Grab marker on its cap.	23
46899d1b5ec047ad9bae488e9a3ca8296d4a4dd852b8ad275cff750cbfdc5f55_1_1	46899d1b5ec047ad9bae488e9a3ca8296d4a4dd852b8ad275cff750cbfdc5f55	1	1	/mnt/data/grasp-anything-lgd/data/processed/grasp-anything-pp/grasp_instructions/grasp_instructions/46899d1b5ec047ad9bae488e9a3ca8296d4a4dd852b8ad275cff750cbfdc5f55_1_1.pkl	/mnt/data/grasp-anything-lgd/data/processed/grasp-anything-pp/grasp_label_positive/grasp_label_positive/46899d1b5ec047ad9bae488e9a3ca8296d4a4dd852b8ad275cff750cbfdc5f55_1_1.pt	7x6	0.018688	302.880096	Take pencil by its lead.	24
f580aa436b636c4682ce2fa92d9d2a670f35990afaa5c0e3b1a82f1dd7a0f5ea_1_2	f580aa436b636c4682ce2fa92d9d2a670f35990afaa5c0e3b1a82f1dd7a0f5ea	1	2	/mnt/data/grasp-anything-lgd/data/processed/grasp-anything-pp/grasp_instructions/grasp_instructions/f580aa436b636c4682ce2fa92d9d2a670f35990afaa5c0e3b1a82f1dd7a0f5ea_1_2.pkl	/mnt/data/grasp-anything-lgd/data/processed/grasp-anything-pp/grasp_label_positive/grasp_label_positive/f580aa436b636c4682ce2fa92d9d2a670f35990afaa5c0e3b1a82f1dd7a0f5ea_1_2.pt	15x6	0.022174	363.525269	Hold pencil at its eraser.	26
ef2827cfd66897a0cbfed4a1c8bafdfbefa732b073b929b9cdf9c5d429c32ba7_1_2	ef2827cfd66897a0cbfed4a1c8bafdfbefa732b073b929b9cdf9c5d429c32ba7	1	2	/mnt/data/grasp-anything-lgd/data/processed/grasp-anything-pp/grasp_instructions/grasp_instructions/ef2827cfd66897a0cbfed4a1c8bafdfbefa732b073b929b9cdf9c5d429c32ba7_1_2.pkl	/mnt/data/grasp-anything-lgd/data/processed/grasp-anything-pp/grasp_label_positive/grasp_label_positive/ef2827cfd66897a0cbfed4a1c8bafdfbefa732b073b929b9cdf9c5d429c32ba7_1_2.pt	16x6	0.015692	232.72937	Take highlighter by its cap.	28
b0548aaf07f080be071caf61917f985097364df5eafbc72388f69dd5ce979c6e_1_0	b0548aaf07f080be071caf61917f985097364df5eafbc72388f69dd5ce979c6e	1	0	/mnt/data/grasp-anything-lgd/data/processed/grasp-anything-pp/grasp_instructions/grasp_instructions/b0548aaf07f080be071caf61917f985097364df5eafbc72388f69dd5ce979c6e_1_0.pkl	/mnt/data/grasp-anything-lgd/data/processed/grasp-anything-pp/grasp_label_positive/grasp_label_positive/b0548aaf07f080be071caf61917f985097364df5eafbc72388f69dd5ce979c6e_1_0.pt	7x6	0.042579	211.005951	Lift eraser by its rubber or material.	38
4830abbc205fba7ca11e81c8580e70dc2d8bbbcecce0884189568a9b02d1b23c_0_0	4830abbc205fba7ca11e81c8580e70dc2d8bbbcecce0884189568a9b02d1b23c	0	0	/mnt/data/grasp-anything-lgd/data/processed/grasp-anything-pp/grasp_instructions/grasp_instructions/4830abbc205fba7ca11e81c8580e70dc2d8bbbcecce0884189568a9b02d1b23c_0_0.pkl	/mnt/data/grasp-anything-lgd/data/processed/grasp-anything-pp/grasp_label_positive/grasp_label_positive/4830abbc205fba7ca11e81c8580e70dc2d8bbbcecce0884189568a9b02d1b23c_0_0.pt	18x6	0.02443	192.297928	Fetch marker by its body.	25
f3869c1d6e6608c8d61bc09a6d368368191f8a10d4dba49a5b0a167c0a35c812_2_1	f3869c1d6e6608c8d61bc09a6d368368191f8a10d4dba49a5b0a167c0a35c812	2	1	/mnt/data/grasp-anything-lgd/data/processed/grasp-anything-pp/grasp_instructions/grasp_instructions/f3869c1d6e6608c8d61bc09a6d368368191f8a10d4dba49a5b0a167c0a35c812_2_1.pkl	/mnt/data/grasp-anything-lgd/data/processed/grasp-anything-pp/grasp_label_positive/grasp_label_positive/f3869c1d6e6608c8d61bc09a6d368368191f8a10d4dba49a5b0a167c0a35c812_2_1.pt	12x6	0.028044	388.921143	Take notepad by its tear-off sheets.	36
1f410343ff1350457fab4196873493490f97b533cd3f2f60427d75f11361e885_0_1	1f410343ff1350457fab4196873493490f97b533cd3f2f60427d75f11361e885	0	1	/mnt/data/grasp-anything-lgd/data/processed/grasp-anything-pp/grasp_instructions/grasp_instructions/1f410343ff1350457fab4196873493490f97b533cd3f2f60427d75f11361e885_0_1.pkl	/mnt/data/grasp-anything-lgd/data/processed/grasp-anything-pp/grasp_label_positive/grasp_label_positive/1f410343ff1350457fab4196873493490f97b533cd3f2f60427d75f11361e885_0_1.pt	5x6	0.017414	271.486115	Hold fork at its handle.	24
31fe77a278ddd6e5aa54ddecacb8fbf2a51807b9761f01d72649909930a7adda_0_0	31fe77a278ddd6e5aa54ddecacb8fbf2a51807b9761f01d72649909930a7adda	0	0	/mnt/data/grasp-anything-lgd/data/processed/grasp-anything-pp/grasp_instructions/grasp_instructions/31fe77a278ddd6e5aa54ddecacb8fbf2a51807b9761f01d72649909930a7adda_0_0.pkl	/mnt/data/grasp-anything-lgd/data/processed/grasp-anything-pp/grasp_label_positive/grasp_label_positive/31fe77a278ddd6e5aa54ddecacb8fbf2a51807b9761f01d72649909930a7adda_0_0.pt	25x6	0.008641	386.056458	Pick up vase by its container.	30
83bfbe97f34b32bfa86e7cc32961c23ddc1a76c88e432dbba8b1e00f7a8d820e_1_0	83bfbe97f34b32bfa86e7cc32961c23ddc1a76c88e432dbba8b1e00f7a8d820e	1	0	/mnt/data/grasp-anything-lgd/data/processed/grasp-anything-pp/grasp_instructions/grasp_instructions/83bfbe97f34b32bfa86e7cc32961c23ddc1a76c88e432dbba8b1e00f7a8d820e_1_0.pkl	/mnt/data/grasp-anything-lgd/data/processed/grasp-anything-pp/grasp_label_positive/grasp_label_positive/83bfbe97f34b32bfa86e7cc32961c23ddc1a76c88e432dbba8b1e00f7a8d820e_1_0.pt	8x6	0.080631	274.395416	Fetch lime by its skin.	23
fb338cb095bbee53ad883f2e42af4ecf5319b97b06c756b218f21d35bb126694_0_2	fb338cb095bbee53ad883f2e42af4ecf5319b97b06c756b218f21d35bb126694	0	2	/mnt/data/grasp-anything-lgd/data/processed/grasp-anything-pp/grasp_instructions/grasp_instructions/fb338cb095bbee53ad883f2e42af4ecf5319b97b06c756b218f21d35bb126694_0_2.pkl	/mnt/data/grasp-anything-lgd/data/processed/grasp-anything-pp/grasp_label_positive/grasp_label_positive/fb338cb095bbee53ad883f2e42af4ecf5319b97b06c756b218f21d35bb126694_0_2.pt	5x6	0.036749	373.603058	Lift pen by its cap.	20
4470716bfddd7aa16a6dd6d3bc0655f47dedd70c9b8fad13c7a41fb46712bfce_1_0	4470716bfddd7aa16a6dd6d3bc0655f47dedd70c9b8fad13c7a41fb46712bfce	1	0	/mnt/data/grasp-anything-lgd/data/processed/grasp-anything-pp/grasp_instructions/grasp_instructions/4470716bfddd7aa16a6dd6d3bc0655f47dedd70c9b8fad13c7a41fb46712bfce_1_0.pkl	/mnt/data/grasp-anything-lgd/data/processed/grasp-anything-pp/grasp_label_positive/grasp_label_positive/4470716bfddd7aa16a6dd6d3bc0655f47dedd70c9b8fad13c7a41fb46712bfce_1_0.pt	9x6	0.057041	386.653015	Pick up lemon by its skin.	26
a2d5931d81ffc35c34c522dcb9547dda120ea34b89f7cd1c65086c42626c920d_2_0	a2d5931d81ffc35c34c522dcb9547dda120ea34b89f7cd1c65086c42626c920d	2	0	/mnt/data/grasp-anything-lgd/data/processed/grasp-anything-pp/grasp_instructions/grasp_instructions/a2d5931d81ffc35c34c522dcb9547dda120ea34b89f7cd1c65086c42626c920d_2_0.pkl	/mnt/data/grasp-anything-lgd/data/processed/grasp-anything-pp/grasp_label_positive/grasp_label_positive/a2d5931d81ffc35c34c522dcb9547dda120ea34b89f7cd1c65086c42626c920d_2_0.pt	1x6	-0.003712	75.138649	Take vase by its container.	27
14d8f0b88cd6e1f37234166e841e6c4ad5e331e737ef8685791923c5046de85d_0_1	14d8f0b88cd6e1f37234166e841e6c4ad5e331e737ef8685791923c5046de85d	0	1	/mnt/data/grasp-anything-lgd/data/processed/grasp-anything-pp/grasp_instructions/grasp_instructions/14d8f0b88cd6e1f37234166e841e6c4ad5e331e737ef8685791923c5046de85d_0_1.pkl	/mnt/data/grasp-anything-lgd/data/processed/grasp-anything-pp/grasp_label_positive/grasp_label_positive/14d8f0b88cd6e1f37234166e841e6c4ad5e331e737ef8685791923c5046de85d_0_1.pt	1x6	-0.00544	176.597473	Hold notebook at its pages.	27
fd80ab5332b6a456c5d99d5ef8b94f1e487c0aa75206001137b3b8a4deb94ed4_0_2	fd80ab5332b6a456c5d99d5ef8b94f1e487c0aa75206001137b3b8a4deb94ed4	0	2	/mnt/data/grasp-anything-lgd/data/processed/grasp-anything-pp/grasp_instructions/grasp_instructions/fd80ab5332b6a456c5d99d5ef8b94f1e487c0aa75206001137b3b8a4deb94ed4_0_2.pkl	/mnt/data/grasp-anything-lgd/data/processed/grasp-anything-pp/grasp_label_positive/grasp_label_positive/fd80ab5332b6a456c5d99d5ef8b94f1e487c0aa75206001137b3b8a4deb94ed4_0_2.pt	13x6	0.021249	296.36615	Take hold of pencil on its eraser.	34
a682cec9ee092a61458bb2f55e831873ffa850d2a36abb832b429ed29b561b85_1_0	a682cec9ee092a61458bb2f55e831873ffa850d2a36abb832b429ed29b561b85	1	0	/mnt/data/grasp-anything-lgd/data/processed/grasp-anything-pp/grasp_instructions/grasp_instructions/a682cec9ee092a61458bb2f55e831873ffa850d2a36abb832b429ed29b561b85_1_0.pkl	/mnt/data/grasp-anything-lgd/data/processed/grasp-anything-pp/grasp_label_positive/grasp_label_positive/a682cec9ee092a61458bb2f55e831873ffa850d2a36abb832b429ed29b561b85_1_0.pt	3x6	0.012636	180.714447	Grip marker on its body.	24
91a19bafc16c2fba92e2f0428c1993b32d9de057b26a715289605ebceb0fe5b4_1_0	91a19bafc16c2fba92e2f0428c1993b32d9de057b26a715289605ebceb0fe5b4	1	0	/mnt/data/grasp-anything-lgd/data/processed/grasp-anything-pp/grasp_instructions/grasp_instructions/91a19bafc16c2fba92e2f0428c1993b32d9de057b26a715289605ebceb0fe5b4_1_0.pkl	/mnt/data/grasp-anything-lgd/data/processed/grasp-anything-pp/grasp_label_positive/grasp_label_positive/91a19bafc16c2fba92e2f0428c1993b32d9de057b26a715289605ebceb0fe5b4_1_0.pt	6x6	0.055441	230.653625	Grab pear on its skin.	22
1dc1ce82a046efb4b75201117eaa07b7aa3e9da83f4986f6a83461cbc560bb21_0_1	1dc1ce82a046efb4b75201117eaa07b7aa3e9da83f4986f6a83461cbc560bb21	0	1	/mnt/data/grasp-anything-lgd/data/processed/grasp-anything-pp/grasp_instructions/grasp_instructions/1dc1ce82a046efb4b75201117eaa07b7aa3e9da83f4986f6a83461cbc560bb21_0_1.pkl	/mnt/data/grasp-anything-lgd/data/processed/grasp-anything-pp/grasp_label_positive/grasp_label_positive/1dc1ce82a046efb4b75201117eaa07b7aa3e9da83f4986f6a83461cbc560bb21_0_1.pt	4x6	0.040756	178.393387	Lift mug by its rim.	20
899860421c1e908982763d80a3c82927aada10ceb6dd1fa87f5390227a5e7b77_1_0	899860421c1e908982763d80a3c82927aada10ceb6dd1fa87f5390227a5e7b77	1	0	/mnt/data/grasp-anything-lgd/data/processed/grasp-anything-pp/grasp_instructions/grasp_instructions/899860421c1e908982763d80a3c82927aada10ceb6dd1fa87f5390227a5e7b77_1_0.pkl	/mnt/data/grasp-anything-lgd/data/processed/grasp-anything-pp/grasp_label_positive/grasp_label_positive/899860421c1e908982763d80a3c82927aada10ceb6dd1fa87f5390227a5e7b77_1_0.pt	3x6	0.0219	372.497162	Lift book by its cover.	23
89d5284be4415bc10a244939fe29d533f04159f4823da15f701b66794229d96f_1_2	89d5284be4415bc10a244939fe29d533f04159f4823da15f701b66794229d96f	1	2	/mnt/data/grasp-anything-lgd/data/processed/grasp-anything-pp/grasp_instructions/grasp_instructions/89d5284be4415bc10a244939fe29d533f04159f4823da15f701b66794229d96f_1_2.pkl	/mnt/data/grasp-anything-lgd/data/processed/grasp-anything-pp/grasp_label_positive/grasp_label_positive/89d5284be4415bc10a244939fe29d533f04159f4823da15f701b66794229d96f_1_2.pt	1x6	0.030642	189.289185	Grip clothespin on its clamping ends.	37
ea02d0a87dbccb56fd74d3d4b6fe8d57f23ab62c9465b490be8799728fe006fb_0_1	ea02d0a87dbccb56fd74d3d4b6fe8d57f23ab62c9465b490be8799728fe006fb	0	1	/mnt/data/grasp-anything-lgd/data/processed/grasp-anything-pp/grasp_instructions/grasp_instructions/ea02d0a87dbccb56fd74d3d4b6fe8d57f23ab62c9465b490be8799728fe006fb_0_1.pkl	/mnt/data/grasp-anything-lgd/data/processed/grasp-anything-pp/grasp_label_positive/grasp_label_positive/ea02d0a87dbccb56fd74d3d4b6fe8d57f23ab62c9465b490be8799728fe006fb_0_1.pt	13x6	0.01233	358.544708	Grasp fork at its handle.	25
4f996be87abe5dc0424379e845788f53caea7f14d6166037b37fd354d24ebc1a_1_1	4f996be87abe5dc0424379e845788f53caea7f14d6166037b37fd354d24ebc1a	1	1	/mnt/data/grasp-anything-lgd/data/processed/grasp-anything-pp/grasp_instructions/grasp_instructions/4f996be87abe5dc0424379e845788f53caea7f14d6166037b37fd354d24ebc1a_1_1.pkl	/mnt/data/grasp-anything-lgd/data/processed/grasp-anything-pp/grasp_label_positive/grasp_label_positive/4f996be87abe5dc0424379e845788f53caea7f14d6166037b37fd354d24ebc1a_1_1.pt	21x6	0.010591	288.377411	Grasp eraser at its shape.	26
ff666bf161d869c424a0a7fe5fe10774b2bf0366abc0687432036936f314371e_0_2	ff666bf161d869c424a0a7fe5fe10774b2bf0366abc0687432036936f314371e	0	2	/mnt/data/grasp-anything-lgd/data/processed/grasp-anything-pp/grasp_instructions/grasp_instructions/ff666bf161d869c424a0a7fe5fe10774b2bf0366abc0687432036936f314371e_0_2.pkl	/mnt/data/grasp-anything-lgd/data/processed/grasp-anything-pp/grasp_label_positive/grasp_label_positive/ff666bf161d869c424a0a7fe5fe10774b2bf0366abc0687432036936f314371e_0_2.pt	1x6	0.098204	145.254684	Pick up orange by its seeds.	28
30785a40a8ae8ac522a285605f4d1ef240205a4c55f5e700b84fc1a3c11a3a58_1_2	30785a40a8ae8ac522a285605f4d1ef240205a4c55f5e700b84fc1a3c11a3a58	1	2	/mnt/data/grasp-anything-lgd/data/processed/grasp-anything-pp/grasp_instructions/grasp_instructions/30785a40a8ae8ac522a285605f4d1ef240205a4c55f5e700b84fc1a3c11a3a58_1_2.pkl	/mnt/data/grasp-anything-lgd/data/processed/grasp-anything-pp/grasp_label_positive/grasp_label_positive/30785a40a8ae8ac522a285605f4d1ef240205a4c55f5e700b84fc1a3c11a3a58_1_2.pt	5x6	0.046985	321.862701	Pick up pear by its seeds.	26
628e711fb145fba4bf9faef08b01b97029e6ce4705e2943df74b34fe53d596c3_0_1	628e711fb145fba4bf9faef08b01b97029e6ce4705e2943df74b34fe53d596c3	0	1	/mnt/data/grasp-anything-lgd/data/processed/grasp-anything-pp/grasp_instructions/grasp_instructions/628e711fb145fba4bf9faef08b01b97029e6ce4705e2943df74b34fe53d596c3_0_1.pkl	/mnt/data/grasp-anything-lgd/data/processed/grasp-anything-pp/grasp_label_positive/grasp_label_positive/628e711fb145fba4bf9faef08b01b97029e6ce4705e2943df74b34fe53d596c3_0_1.pt	9x6	0.067221	200.957031	Grip apple on its flesh.	24
2da1dd978ce9829fdfd32c937c9ba00bcea2cd8b74d8ec49403633ac4f8e8246_1_0	2da1dd978ce9829fdfd32c937c9ba00bcea2cd8b74d8ec49403633ac4f8e8246	1	0	/mnt/data/grasp-anything-lgd/data/processed/grasp-anything-pp/grasp_instructions/grasp_instructions/2da1dd978ce9829fdfd32c937c9ba00bcea2cd8b74d8ec49403633ac4f8e8246_1_0.pkl	/mnt/data/grasp-anything-lgd/data/processed/grasp-anything-pp/grasp_label_positive/grasp_label_positive/2da1dd978ce9829fdfd32c937c9ba00bcea2cd8b74d8ec49403633ac4f8e8246_1_0.pt	1x6	0.035485	368.273041	Lift block by its rectangular shape.	36
a6c9d0706a540668134672c5013283c13cca93a078d30a7f1dcf39be0f692beb_1_0	a6c9d0706a540668134672c5013283c13cca93a078d30a7f1dcf39be0f692beb	1	0	/mnt/data/grasp-anything-lgd/data/processed/grasp-anything-pp/grasp_instructions/grasp_instructions/a6c9d0706a540668134672c5013283c13cca93a078d30a7f1dcf39be0f692beb_1_0.pkl	/mnt/data/grasp-anything-lgd/data/processed/grasp-anything-pp/grasp_label_positive/grasp_label_positive/a6c9d0706a540668134672c5013283c13cca93a078d30a7f1dcf39be0f692beb_1_0.pt	3x6	0.124429	292.051331	Pick up lemon by its skin.	26
e672b2676710781e268842303de65974faca4baa168a94ea3fe9ebc99e374e4d_2_2	e672b2676710781e268842303de65974faca4baa168a94ea3fe9ebc99e374e4d	2	2	/mnt/data/grasp-anything-lgd/data/processed/grasp-anything-pp/grasp_instructions/grasp_instructions/e672b2676710781e268842303de65974faca4baa168a94ea3fe9ebc99e374e4d_2_2.pkl	/mnt/data/grasp-anything-lgd/data/processed/grasp-anything-pp/grasp_label_positive/grasp_label_positive/e672b2676710781e268842303de65974faca4baa168a94ea3fe9ebc99e374e4d_2_2.pt	2x6	0.055627	305.102753	Lift clothespin by its clamping ends.	37
f4c754eaf1506697a0150b27b9c09662fa6aeaff4d3b6cddd6426f7c9bac37b8_0_1	f4c754eaf1506697a0150b27b9c09662fa6aeaff4d3b6cddd6426f7c9bac37b8	0	1	/mnt/data/grasp-anything-lgd/data/processed/grasp-anything-pp/grasp_instructions/grasp_instructions/f4c754eaf1506697a0150b27b9c09662fa6aeaff4d3b6cddd6426f7c9bac37b8_0_1.pkl	/mnt/data/grasp-anything-lgd/data/processed/grasp-anything-pp/grasp_label_positive/grasp_label_positive/f4c754eaf1506697a0150b27b9c09662fa6aeaff4d3b6cddd6426f7c9bac37b8_0_1.pt	11x6	0.014207	276.418793	Take hairbrush by its handle.	29
963028ea496a1153cafe7448bafbe26b031a3ae826ddc781f46df1eb376b7515_0_0	963028ea496a1153cafe7448bafbe26b031a3ae826ddc781f46df1eb376b7515	0	0	/mnt/data/grasp-anything-lgd/data/processed/grasp-anything-pp/grasp_instructions/grasp_instructions/963028ea496a1153cafe7448bafbe26b031a3ae826ddc781f46df1eb376b7515_0_0.pkl	/mnt/data/grasp-anything-lgd/data/processed/grasp-anything-pp/grasp_label_positive/grasp_label_positive/963028ea496a1153cafe7448bafbe26b031a3ae826ddc781f46df1eb376b7515_0_0.pt	6x6	0.062694	276.358429	Pick up mug by its handle.	26
294cb460244c07259137568dbc5ec6614eeb84807928e9453ab1a71fe9eac746_0_2	294cb460244c07259137568dbc5ec6614eeb84807928e9453ab1a71fe9eac746	0	2	/mnt/data/grasp-anything-lgd/data/processed/grasp-anything-pp/grasp_instructions/grasp_instructions/294cb460244c07259137568dbc5ec6614eeb84807928e9453ab1a71fe9eac746_0_2.pkl	/mnt/data/grasp-anything-lgd/data/processed/grasp-anything-pp/grasp_label_positive/grasp_label_positive/294cb460244c07259137568dbc5ec6614eeb84807928e9453ab1a71fe9eac746_0_2.pt	1x6	0.04734	331.046753	Grab stapler on its base.	25
c997a1f596bba53ffa1092d17b1df566e2e2bf1962b194e026204f9055dcc32a_0_1	c997a1f596bba53ffa1092d17b1df566e2e2bf1962b194e026204f9055dcc32a	0	1	/mnt/data/grasp-anything-lgd/data/processed/grasp-anything-pp/grasp_instructions/grasp_instructions/c997a1f596bba53ffa1092d17b1df566e2e2bf1962b194e026204f9055dcc32a_0_1.pkl	/mnt/data/grasp-anything-lgd/data/processed/grasp-anything-pp/grasp_label_positive/grasp_label_positive/c997a1f596bba53ffa1092d17b1df566e2e2bf1962b194e026204f9055dcc32a_0_1.pt	1x6	0.018659	374.863617	Grip marker on its tip.	23
8aab4c607290e7a57c39e9222671584d1b7a86925e055f4791649c9a7014a114_0_2	8aab4c607290e7a57c39e9222671584d1b7a86925e055f4791649c9a7014a114	0	2	/mnt/data/grasp-anything-lgd/data/processed/grasp-anything-pp/grasp_instructions/grasp_instructions/8aab4c607290e7a57c39e9222671584d1b7a86925e055f4791649c9a7014a114_0_2.pkl	/mnt/data/grasp-anything-lgd/data/processed/grasp-anything-pp/grasp_label_positive/grasp_label_positive/8aab4c607290e7a57c39e9222671584d1b7a86925e055f4791649c9a7014a114_0_2.pt	6x6	0.049724	193.261063	Hold key at its ring.	21
3d8d79b20af83c2025c31d994b5fc29fcdc0d8a718d170563c32de3cb605c097_1_2	3d8d79b20af83c2025c31d994b5fc29fcdc0d8a718d170563c32de3cb605c097	1	2	/mnt/data/grasp-anything-lgd/data/processed/grasp-anything-pp/grasp_instructions/grasp_instructions/3d8d79b20af83c2025c31d994b5fc29fcdc0d8a718d170563c32de3cb605c097_1_2.pkl	/mnt/data/grasp-anything-lgd/data/processed/grasp-anything-pp/grasp_label_positive/grasp_label_positive/3d8d79b20af83c2025c31d994b5fc29fcdc0d8a718d170563c32de3cb605c097_1_2.pt	4x6	0.016391	206.754532	Take fork by its prongs.	24
b7a55fb654b70549bed6beb35d1c029e28e31503843e6fcc390357f9e3998e95_0_2	b7a55fb654b70549bed6beb35d1c029e28e31503843e6fcc390357f9e3998e95	0	2	/mnt/data/grasp-anything-lgd/data/processed/grasp-anything-pp/grasp_instructions/grasp_instructions/b7a55fb654b70549bed6beb35d1c029e28e31503843e6fcc390357f9e3998e95_0_2.pkl	/mnt/data/grasp-anything-lgd/data/processed/grasp-anything-pp/grasp_label_positive/grasp_label_positive/b7a55fb654b70549bed6beb35d1c029e28e31503843e6fcc390357f9e3998e95_0_2.pt	8x6	0.011	363.235748	Grab spoon on its handle.	25
bd963792bce78128308896de8f11a2fe09224d8618d83b2490ec00175aa152d5_1_0	bd963792bce78128308896de8f11a2fe09224d8618d83b2490ec00175aa152d5	1	0	/mnt/data/grasp-anything-lgd/data/processed/grasp-anything-pp/grasp_instructions/grasp_instructions/bd963792bce78128308896de8f11a2fe09224d8618d83b2490ec00175aa152d5_1_0.pkl	/mnt/data/grasp-anything-lgd/data/processed/grasp-anything-pp/grasp_label_positive/grasp_label_positive/bd963792bce78128308896de8f11a2fe09224d8618d83b2490ec00175aa152d5_1_0.pt	9x6	0.014318	305.432648	Take eraser by its rubber or material.	38
30f943f40f760501f9aab79df7977da6461c408b892a15107b0e391dcf5d3201_0_0	30f943f40f760501f9aab79df7977da6461c408b892a15107b0e391dcf5d3201	0	0	/mnt/data/grasp-anything-lgd/data/processed/grasp-anything-pp/grasp_instructions/grasp_instructions/30f943f40f760501f9aab79df7977da6461c408b892a15107b0e391dcf5d3201_0_0.pkl	/mnt/data/grasp-anything-lgd/data/processed/grasp-anything-pp/grasp_label_positive/grasp_label_positive/30f943f40f760501f9aab79df7977da6461c408b892a15107b0e391dcf5d3201_0_0.pt	17x6	0.01172	325.717987	Take pencil by its wooden or plastic.	37
9392b3902d609619f9e864788e19489a9e28a5060c4721ae59d930c04a3ce2fa_1_0	9392b3902d609619f9e864788e19489a9e28a5060c4721ae59d930c04a3ce2fa	1	0	/mnt/data/grasp-anything-lgd/data/processed/grasp-anything-pp/grasp_instructions/grasp_instructions/9392b3902d609619f9e864788e19489a9e28a5060c4721ae59d930c04a3ce2fa_1_0.pkl	/mnt/data/grasp-anything-lgd/data/processed/grasp-anything-pp/grasp_label_positive/grasp_label_positive/9392b3902d609619f9e864788e19489a9e28a5060c4721ae59d930c04a3ce2fa_1_0.pt	5x6	0.089974	355.96228	Pick up note by its paper.	26
b621ac666b841303a7b25991b60160e08e55bf4bb36601b796f1d6aca99c4a6c_2_0	b621ac666b841303a7b25991b60160e08e55bf4bb36601b796f1d6aca99c4a6c	2	0	/mnt/data/grasp-anything-lgd/data/processed/grasp-anything-pp/grasp_instructions/grasp_instructions/b621ac666b841303a7b25991b60160e08e55bf4bb36601b796f1d6aca99c4a6c_2_0.pkl	/mnt/data/grasp-anything-lgd/data/processed/grasp-anything-pp/grasp_label_positive/grasp_label_positive/b621ac666b841303a7b25991b60160e08e55bf4bb36601b796f1d6aca99c4a6c_2_0.pt	2x6	0.00528	385.550446	Take hold of mug on its handle.	31
e7f47d033adc63010ec550cfc4ec6e59d719d0cae16acc7180fd4e7e6850a88c_0_1	e7f47d033adc63010ec550cfc4ec6e59d719d0cae16acc7180fd4e7e6850a88c	0	1	/mnt/data/grasp-anything-lgd/data/processed/grasp-anything-pp/grasp_instructions/grasp_instructions/e7f47d033adc63010ec550cfc4ec6e59d719d0cae16acc7180fd4e7e6850a88c_0_1.pkl	/mnt/data/grasp-anything-lgd/data/processed/grasp-anything-pp/grasp_label_positive/grasp_label_positive/e7f47d033adc63010ec550cfc4ec6e59d719d0cae16acc7180fd4e7e6850a88c_0_1.pt	4x6	0.040832	175.396469	Grab lime on its flesh.	23
68c6a5df79e180f36ac817156683aad79006caaaed5e7ae6003040d18f422892_0_1	68c6a5df79e180f36ac817156683aad79006caaaed5e7ae6003040d18f422892	0	1	/mnt/data/grasp-anything-lgd/data/processed/grasp-anything-pp/grasp_instructions/grasp_instructions/68c6a5df79e180f36ac817156683aad79006caaaed5e7ae6003040d18f422892_0_1.pkl	/mnt/data/grasp-anything-lgd/data/processed/grasp-anything-pp/grasp_label_positive/grasp_label_positive/68c6a5df79e180f36ac817156683aad79006caaaed5e7ae6003040d18f422892_0_1.pt	5x6	0.010847	322.809235	Hold pen at its ink or lead.	28
89023688319ba53e4ac75d1abeb3f456dd9b7216afa86ef090c5a8624680b8c3_0_1	89023688319ba53e4ac75d1abeb3f456dd9b7216afa86ef090c5a8624680b8c3	0	1	/mnt/data/grasp-anything-lgd/data/processed/grasp-anything-pp/grasp_instructions/grasp_instructions/89023688319ba53e4ac75d1abeb3f456dd9b7216afa86ef090c5a8624680b8c3_0_1.pkl	/mnt/data/grasp-anything-lgd/data/processed/grasp-anything-pp/grasp_label_positive/grasp_label_positive/89023688319ba53e4ac75d1abeb3f456dd9b7216afa86ef090c5a8624680b8c3_0_1.pt	11x6	0.017254	289.662537	Grab spoon on its bowl-shaped.	30
2c07ea6f0301288f358791d6522bb37d1ac5a8419269054558cdc49a5d1460cd_0_0	2c07ea6f0301288f358791d6522bb37d1ac5a8419269054558cdc49a5d1460cd	0	0	/mnt/data/grasp-anything-lgd/data/processed/grasp-anything-pp/grasp_instructions/grasp_instructions/2c07ea6f0301288f358791d6522bb37d1ac5a8419269054558cdc49a5d1460cd_0_0.pkl	/mnt/data/grasp-anything-lgd/data/processed/grasp-anything-pp/grasp_label_positive/grasp_label_positive/2c07ea6f0301288f358791d6522bb37d1ac5a8419269054558cdc49a5d1460cd_0_0.pt	8x6	0.041351	291.924622	Pick up pen by its barrel.	26
06c0593f1420485107adf8847a294e36fc205dfc2a26c0dc295d12a0d78df703_0_0	06c0593f1420485107adf8847a294e36fc205dfc2a26c0dc295d12a0d78df703	0	0	/mnt/data/grasp-anything-lgd/data/processed/grasp-anything-pp/grasp_instructions/grasp_instructions/06c0593f1420485107adf8847a294e36fc205dfc2a26c0dc295d12a0d78df703_0_0.pkl	/mnt/data/grasp-anything-lgd/data/processed/grasp-anything-pp/grasp_label_positive/grasp_label_positive/06c0593f1420485107adf8847a294e36fc205dfc2a26c0dc295d12a0d78df703_0_0.pt	1x6	0.053036	292.717834	Hold apple at its skin.	23
f355b9f0c151d3305b456f0aab33f6929e3f87a3c159d0886ea2e11c0514bc96_0_2	f355b9f0c151d3305b456f0aab33f6929e3f87a3c159d0886ea2e11c0514bc96	0	2	/mnt/data/grasp-anything-lgd/data/processed/grasp-anything-pp/grasp_instructions/grasp_instructions/f355b9f0c151d3305b456f0aab33f6929e3f87a3c159d0886ea2e11c0514bc96_0_2.pkl	/mnt/data/grasp-anything-lgd/data/processed/grasp-anything-pp/grasp_label_positive/grasp_label_positive/f355b9f0c151d3305b456f0aab33f6929e3f87a3c159d0886ea2e11c0514bc96_0_2.pt	20x6	0.00835	359.607635	Grip pencil on its eraser.	26
13ea02bc38eaf51f355f97be9dc1f880a67ef740c1fe24ce2074f5fb70f3d383_2_0	13ea02bc38eaf51f355f97be9dc1f880a67ef740c1fe24ce2074f5fb70f3d383	2	0	/mnt/data/grasp-anything-lgd/data/processed/grasp-anything-pp/grasp_instructions/grasp_instructions/13ea02bc38eaf51f355f97be9dc1f880a67ef740c1fe24ce2074f5fb70f3d383_2_0.pkl	/mnt/data/grasp-anything-lgd/data/processed/grasp-anything-pp/grasp_label_positive/grasp_label_positive/13ea02bc38eaf51f355f97be9dc1f880a67ef740c1fe24ce2074f5fb70f3d383_2_0.pt	5x6	0.032757	291.063995	Lift key by its metal or plastic.	33
1b212b8113406a16e6444ded6658d32b8dff6c863588135c9af8ef9cd2de3c98_0_2	1b212b8113406a16e6444ded6658d32b8dff6c863588135c9af8ef9cd2de3c98	0	2	/mnt/data/grasp-anything-lgd/data/processed/grasp-anything-pp/grasp_instructions/grasp_instructions/1b212b8113406a16e6444ded6658d32b8dff6c863588135c9af8ef9cd2de3c98_0_2.pkl	/mnt/data/grasp-anything-lgd/data/processed/grasp-anything-pp/grasp_label_positive/grasp_label_positive/1b212b8113406a16e6444ded6658d32b8dff6c863588135c9af8ef9cd2de3c98_0_2.pt	3x6	0.042441	170.652557	Pick up spoon by its handle.	28
8898f58ae312246d5c99b0e7def8d8c9791499f0d823a2e22046c49fe44f6bab_1_1	8898f58ae312246d5c99b0e7def8d8c9791499f0d823a2e22046c49fe44f6bab	1	1	/mnt/data/grasp-anything-lgd/data/processed/grasp-anything-pp/grasp_instructions/grasp_instructions/8898f58ae312246d5c99b0e7def8d8c9791499f0d823a2e22046c49fe44f6bab_1_1.pkl	/mnt/data/grasp-anything-lgd/data/processed/grasp-anything-pp/grasp_label_positive/grasp_label_positive/8898f58ae312246d5c99b0e7def8d8c9791499f0d823a2e22046c49fe44f6bab_1_1.pt	2x6	0.090267	332.97876	Lift band by its size.	22
d4c526149bea7a79f313b3398d5a5d0cc37c31cb346a288152b396c60ea34bd9_1_3	d4c526149bea7a79f313b3398d5a5d0cc37c31cb346a288152b396c60ea34bd9	1	3	/mnt/data/grasp-anything-lgd/data/processed/grasp-anything-pp/grasp_instructions/grasp_instructions/d4c526149bea7a79f313b3398d5a5d0cc37c31cb346a288152b396c60ea34bd9_1_3.pkl	/mnt/data/grasp-anything-lgd/data/processed/grasp-anything-pp/grasp_label_positive/grasp_label_positive/d4c526149bea7a79f313b3398d5a5d0cc37c31cb346a288152b396c60ea34bd9_1_3.pt	1x6	0.599856	0.996396	Grab apple on its stem.	23
b08126976f959affc027b705f45997d82a0f6ef6a1dbb5f0a7ca85d48c4d55b3_0_0	b08126976f959affc027b705f45997d82a0f6ef6a1dbb5f0a7ca85d48c4d55b3	0	0	/mnt/data/grasp-anything-lgd/data/processed/grasp-anything-pp/grasp_instructions/grasp_instructions/b08126976f959affc027b705f45997d82a0f6ef6a1dbb5f0a7ca85d48c4d55b3_0_0.pkl	/mnt/data/grasp-anything-lgd/data/processed/grasp-anything-pp/grasp_label_positive/grasp_label_positive/b08126976f959affc027b705f45997d82a0f6ef6a1dbb5f0a7ca85d48c4d55b3_0_0.pt	15x6	0.013114	354.800079	Grip spoon on its utensil.	26
e7934b405d5d3eef142dc8a616a389c487cd5a4b068aacb0f1410b5650e6d717_1_1	e7934b405d5d3eef142dc8a616a389c487cd5a4b068aacb0f1410b5650e6d717	1	1	/mnt/data/grasp-anything-lgd/data/processed/grasp-anything-pp/grasp_instructions/grasp_instructions/e7934b405d5d3eef142dc8a616a389c487cd5a4b068aacb0f1410b5650e6d717_1_1.pkl	/mnt/data/grasp-anything-lgd/data/processed/grasp-anything-pp/grasp_label_positive/grasp_label_positive/e7934b405d5d3eef142dc8a616a389c487cd5a4b068aacb0f1410b5650e6d717_1_1.pt	8x6	0.028507	163.768707	Pick up clip by its hinge.	26
7ec7a34775a83d40304dd0f161ad67986a67c44709034f086225ad7e1b539dee_1_2	7ec7a34775a83d40304dd0f161ad67986a67c44709034f086225ad7e1b539dee	1	2	/mnt/data/grasp-anything-lgd/data/processed/grasp-anything-pp/grasp_instructions/grasp_instructions/7ec7a34775a83d40304dd0f161ad67986a67c44709034f086225ad7e1b539dee_1_2.pkl	/mnt/data/grasp-anything-lgd/data/processed/grasp-anything-pp/grasp_label_positive/grasp_label_positive/7ec7a34775a83d40304dd0f161ad67986a67c44709034f086225ad7e1b539dee_1_2.pt	8x6	0.012793	362.400085	Fetch marker by its cap.	24
c6317b460fc5ec89ff2630d995e46abd29018712b48aa489ce3b317e5ae26b29_0_1	c6317b460fc5ec89ff2630d995e46abd29018712b48aa489ce3b317e5ae26b29	0	1	/mnt/data/grasp-anything-lgd/data/processed/grasp-anything-pp/grasp_instructions/grasp_instructions/c6317b460fc5ec89ff2630d995e46abd29018712b48aa489ce3b317e5ae26b29_0_1.pkl	/mnt/data/grasp-anything-lgd/data/processed/grasp-anything-pp/grasp_label_positive/grasp_label_positive/c6317b460fc5ec89ff2630d995e46abd29018712b48aa489ce3b317e5ae26b29_0_1.pt	2x6	0.032785	165.483597	Hold pencil at its lead.	24
a7c98e36f098b40f258d6875193c1bf8db438a9818ce0dc27e4856676dde77d5_1_3	a7c98e36f098b40f258d6875193c1bf8db438a9818ce0dc27e4856676dde77d5	1	3	/mnt/data/grasp-anything-lgd/data/processed/grasp-anything-pp/grasp_instructions/grasp_instructions/a7c98e36f098b40f258d6875193c1bf8db438a9818ce0dc27e4856676dde77d5_1_3.pkl	/mnt/data/grasp-anything-lgd/data/processed/grasp-anything-pp/grasp_label_positive/grasp_label_positive/a7c98e36f098b40f258d6875193c1bf8db438a9818ce0dc27e4856676dde77d5_1_3.pt	7x6	0.056454	322.935028	Grab apple on its stem.	23
4559d86cc485ab12b35117767d0cc5c4c696a2bc3d196b88a5f5000fb6494fc8_0_1	4559d86cc485ab12b35117767d0cc5c4c696a2bc3d196b88a5f5000fb6494fc8	0	1	/mnt/data/grasp-anything-lgd/data/processed/grasp-anything-pp/grasp_instructions/grasp_instructions/4559d86cc485ab12b35117767d0cc5c4c696a2bc3d196b88a5f5000fb6494fc8_0_1.pkl	/mnt/data/grasp-anything-lgd/data/processed/grasp-anything-pp/grasp_label_positive/grasp_label_positive/4559d86cc485ab12b35117767d0cc5c4c696a2bc3d196b88a5f5000fb6494fc8_0_1.pt	8x6	0.054175	274.867065	Fetch mug by its rim.	21
4654062d6b8230db023b02214993e4b129ea08ab056cc9015d7484c676ad33af_0_1	4654062d6b8230db023b02214993e4b129ea08ab056cc9015d7484c676ad33af	0	1	/mnt/data/grasp-anything-lgd/data/processed/grasp-anything-pp/grasp_instructions/grasp_instructions/4654062d6b8230db023b02214993e4b129ea08ab056cc9015d7484c676ad33af_0_1.pkl	/mnt/data/grasp-anything-lgd/data/processed/grasp-anything-pp/grasp_label_positive/grasp_label_positive/4654062d6b8230db023b02214993e4b129ea08ab056cc9015d7484c676ad33af_0_1.pt	1x6	0.079703	155.196808	Hold apple at its flesh.	24
f727d793d107af57d0b26f9cf036c9617737cc69181d2a524a16dbe248d3ebd8_0_0	f727d793d107af57d0b26f9cf036c9617737cc69181d2a524a16dbe248d3ebd8	0	0	/mnt/data/grasp-anything-lgd/data/processed/grasp-anything-pp/grasp_instructions/grasp_instructions/f727d793d107af57d0b26f9cf036c9617737cc69181d2a524a16dbe248d3ebd8_0_0.pkl	/mnt/data/grasp-anything-lgd/data/processed/grasp-anything-pp/grasp_label_positive/grasp_label_positive/f727d793d107af57d0b26f9cf036c9617737cc69181d2a524a16dbe248d3ebd8_0_0.pt	28x6	0.009235	361.999207	Fetch pencil by its wooden or plastic.	38
22e27feebb6e640e199918d64e57f4f33ebd2a4e0740bf1d1d8cddfb583519aa_1_2	22e27feebb6e640e199918d64e57f4f33ebd2a4e0740bf1d1d8cddfb583519aa	1	2	/mnt/data/grasp-anything-lgd/data/processed/grasp-anything-pp/grasp_instructions/grasp_instructions/22e27feebb6e640e199918d64e57f4f33ebd2a4e0740bf1d1d8cddfb583519aa_1_2.pkl	/mnt/data/grasp-anything-lgd/data/processed/grasp-anything-pp/grasp_label_positive/grasp_label_positive/22e27feebb6e640e199918d64e57f4f33ebd2a4e0740bf1d1d8cddfb583519aa_1_2.pt	7x6	0.047517	234.702927	Take paperclip by its clipping ends.	36
d29fa629b3232a6b600b92b6ae23b778d3e1c07c0ada2e5821de7673b86ea1f3_0_2	d29fa629b3232a6b600b92b6ae23b778d3e1c07c0ada2e5821de7673b86ea1f3	0	2	/mnt/data/grasp-anything-lgd/data/processed/grasp-anything-pp/grasp_instructions/grasp_instructions/d29fa629b3232a6b600b92b6ae23b778d3e1c07c0ada2e5821de7673b86ea1f3_0_2.pkl	/mnt/data/grasp-anything-lgd/data/processed/grasp-anything-pp/grasp_label_positive/grasp_label_positive/d29fa629b3232a6b600b92b6ae23b778d3e1c07c0ada2e5821de7673b86ea1f3_0_2.pt	15x6	0.025205	259.388855	Take hold of headphones on its connectors.	42
6a00e521173f2dcf624a510efe8daea6aa506b010413d1ba5332c56abdecf158_0_2	6a00e521173f2dcf624a510efe8daea6aa506b010413d1ba5332c56abdecf158	0	2	/mnt/data/grasp-anything-lgd/data/processed/grasp-anything-pp/grasp_instructions/grasp_instructions/6a00e521173f2dcf624a510efe8daea6aa506b010413d1ba5332c56abdecf158_0_2.pkl	/mnt/data/grasp-anything-lgd/data/processed/grasp-anything-pp/grasp_label_positive/grasp_label_positive/6a00e521173f2dcf624a510efe8daea6aa506b010413d1ba5332c56abdecf158_0_2.pt	9x6	0.032589	371.129242	Grip pencil on its eraser.	26
a8983992bf235daebba7e7074256560719f47efaa912e125497129a7dc9bb6a0_3_2	a8983992bf235daebba7e7074256560719f47efaa912e125497129a7dc9bb6a0	3	2	/mnt/data/grasp-anything-lgd/data/processed/grasp-anything-pp/grasp_instructions/grasp_instructions/a8983992bf235daebba7e7074256560719f47efaa912e125497129a7dc9bb6a0_3_2.pkl	/mnt/data/grasp-anything-lgd/data/processed/grasp-anything-pp/grasp_label_positive/grasp_label_positive/a8983992bf235daebba7e7074256560719f47efaa912e125497129a7dc9bb6a0_3_2.pt	6x6	0.028768	200.873993	Take pack by its sealing.	25
1fb6646ad574738cc5f0d018533bca98785c68eed4db44bc80cecfe445f70d3e_0_0	1fb6646ad574738cc5f0d018533bca98785c68eed4db44bc80cecfe445f70d3e	0	0	/mnt/data/grasp-anything-lgd/data/processed/grasp-anything-pp/grasp_instructions/grasp_instructions/1fb6646ad574738cc5f0d018533bca98785c68eed4db44bc80cecfe445f70d3e_0_0.pkl	/mnt/data/grasp-anything-lgd/data/processed/grasp-anything-pp/grasp_label_positive/grasp_label_positive/1fb6646ad574738cc5f0d018533bca98785c68eed4db44bc80cecfe445f70d3e_0_0.pt	24x6	0.023935	370.700836	Take spoon by its utensil.	26
92cbb667ad2a3d595346109c772480ad9a18298b926cb1c081bb7a9a7cbca101_1_1	92cbb667ad2a3d595346109c772480ad9a18298b926cb1c081bb7a9a7cbca101	1	1	/mnt/data/grasp-anything-lgd/data/processed/grasp-anything-pp/grasp_instructions/grasp_instructions/92cbb667ad2a3d595346109c772480ad9a18298b926cb1c081bb7a9a7cbca101_1_1.pkl	/mnt/data/grasp-anything-lgd/data/processed/grasp-anything-pp/grasp_label_positive/grasp_label_positive/92cbb667ad2a3d595346109c772480ad9a18298b926cb1c081bb7a9a7cbca101_1_1.pt	6x6	0.019422	373.609802	Grasp eraser at its shape.	26
4d89a27dce7a7bfea9704a45de2752bfcb3626d55a5d634efd497ab5cb2ee256_1_1	4d89a27dce7a7bfea9704a45de2752bfcb3626d55a5d634efd497ab5cb2ee256	1	1	/mnt/data/grasp-anything-lgd/data/processed/grasp-anything-pp/grasp_instructions/grasp_instructions/4d89a27dce7a7bfea9704a45de2752bfcb3626d55a5d634efd497ab5cb2ee256_1_1.pkl	/mnt/data/grasp-anything-lgd/data/processed/grasp-anything-pp/grasp_label_positive/grasp_label_positive/4d89a27dce7a7bfea9704a45de2752bfcb3626d55a5d634efd497ab5cb2ee256_1_1.pt	9x6	0.083501	227.254288	Take hold of pen on its ink or lead.	36
5d3e8462c2fe85e7aa300f7ebc53aae1249758539a22c678ef6c270968a4f746_0_2	5d3e8462c2fe85e7aa300f7ebc53aae1249758539a22c678ef6c270968a4f746	0	2	/mnt/data/grasp-anything-lgd/data/processed/grasp-anything-pp/grasp_instructions/grasp_instructions/5d3e8462c2fe85e7aa300f7ebc53aae1249758539a22c678ef6c270968a4f746_0_2.pkl	/mnt/data/grasp-anything-lgd/data/processed/grasp-anything-pp/grasp_label_positive/grasp_label_positive/5d3e8462c2fe85e7aa300f7ebc53aae1249758539a22c678ef6c270968a4f746_0_2.pt	9x6	0.014787	362.712372	Grab hairbrush on its grip.	27
2e214f803dcb336ad29bccc12ca6f219e6f3f0e1ab98c289cae8bdf9868c0dda_1_2	2e214f803dcb336ad29bccc12ca6f219e6f3f0e1ab98c289cae8bdf9868c0dda	1	2	/mnt/data/grasp-anything-lgd/data/processed/grasp-anything-pp/grasp_instructions/grasp_instructions/2e214f803dcb336ad29bccc12ca6f219e6f3f0e1ab98c289cae8bdf9868c0dda_1_2.pkl	/mnt/data/grasp-anything-lgd/data/processed/grasp-anything-pp/grasp_label_positive/grasp_label_positive/2e214f803dcb336ad29bccc12ca6f219e6f3f0e1ab98c289cae8bdf9868c0dda_1_2.pt	6x6	0.046537	179.330002	Pick up cable by its length.	28
bea69a2a12cab01432ce0d6cc5c696037a31fb061e7d7cf7c92bec6974b79c56_0_2	bea69a2a12cab01432ce0d6cc5c696037a31fb061e7d7cf7c92bec6974b79c56	0	2	/mnt/data/grasp-anything-lgd/data/processed/grasp-anything-pp/grasp_instructions/grasp_instructions/bea69a2a12cab01432ce0d6cc5c696037a31fb061e7d7cf7c92bec6974b79c56_0_2.pkl	/mnt/data/grasp-anything-lgd/data/processed/grasp-anything-pp/grasp_label_positive/grasp_label_positive/bea69a2a12cab01432ce0d6cc5c696037a31fb061e7d7cf7c92bec6974b79c56_0_2.pt	25x6	0.011238	261.214783	Grip remote on its infrared sensor.	35
25e8651c459e8fb6c427935a0a0a3555d74460bf290fbfe2dedf2c7b9a4a7c64_0_0	25e8651c459e8fb6c427935a0a0a3555d74460bf290fbfe2dedf2c7b9a4a7c64	0	0	/mnt/data/grasp-anything-lgd/data/processed/grasp-anything-pp/grasp_instructions/grasp_instructions/25e8651c459e8fb6c427935a0a0a3555d74460bf290fbfe2dedf2c7b9a4a7c64_0_0.pkl	/mnt/data/grasp-anything-lgd/data/processed/grasp-anything-pp/grasp_label_positive/grasp_label_positive/25e8651c459e8fb6c427935a0a0a3555d74460bf290fbfe2dedf2c7b9a4a7c64_0_0.pt	16x6	0.017646	342.338684	Hold marker at its body.	24
293e0cc725067658b7f19072a8f488819a3b5684953eb0624df279d52bce04cc_1_1	293e0cc725067658b7f19072a8f488819a3b5684953eb0624df279d52bce04cc	1	1	/mnt/data/grasp-anything-lgd/data/processed/grasp-anything-pp/grasp_instructions/grasp_instructions/293e0cc725067658b7f19072a8f488819a3b5684953eb0624df279d52bce04cc_1_1.pkl	/mnt/data/grasp-anything-lgd/data/processed/grasp-anything-pp/grasp_label_positive/grasp_label_positive/293e0cc725067658b7f19072a8f488819a3b5684953eb0624df279d52bce04cc_1_1.pt	17x6	0.022131	328.746216	Hold smartphone at its screen.	30
18c1d10e97585e8a402ed3e947b1afb58d2ac1d6c729bd310266baf1ee802661_1_0	18c1d10e97585e8a402ed3e947b1afb58d2ac1d6c729bd310266baf1ee802661	1	0	/mnt/data/grasp-anything-lgd/data/processed/grasp-anything-pp/grasp_instructions/grasp_instructions/18c1d10e97585e8a402ed3e947b1afb58d2ac1d6c729bd310266baf1ee802661_1_0.pkl	/mnt/data/grasp-anything-lgd/data/processed/grasp-anything-pp/grasp_label_positive/grasp_label_positive/18c1d10e97585e8a402ed3e947b1afb58d2ac1d6c729bd310266baf1ee802661_1_0.pt	6x6	0.044507	334.898224	Hold highlighter at its marker.	31
01f4310d7ad92c872e2cf85613b908c7f13021fd274a3a84babccd16a3f5b127_1_0	01f4310d7ad92c872e2cf85613b908c7f13021fd274a3a84babccd16a3f5b127	1	0	/mnt/data/grasp-anything-lgd/data/processed/grasp-anything-pp/grasp_instructions/grasp_instructions/01f4310d7ad92c872e2cf85613b908c7f13021fd274a3a84babccd16a3f5b127_1_0.pkl	/mnt/data/grasp-anything-lgd/data/processed/grasp-anything-pp/grasp_label_positive/grasp_label_positive/01f4310d7ad92c872e2cf85613b908c7f13021fd274a3a84babccd16a3f5b127_1_0.pt	13x6	0.025062	265.674408	Grab pencil on its wooden or plastic.	37
1816ecd42eee02da5d9462b082338a2ebc1de840b9bdf57cfe242b5459273f28_1_1	1816ecd42eee02da5d9462b082338a2ebc1de840b9bdf57cfe242b5459273f28	1	1	/mnt/data/grasp-anything-lgd/data/processed/grasp-anything-pp/grasp_instructions/grasp_instructions/1816ecd42eee02da5d9462b082338a2ebc1de840b9bdf57cfe242b5459273f28_1_1.pkl	/mnt/data/grasp-anything-lgd/data/processed/grasp-anything-pp/grasp_label_positive/grasp_label_positive/1816ecd42eee02da5d9462b082338a2ebc1de840b9bdf57cfe242b5459273f28_1_1.pt	1x6	0.0118	0.757477	Lift notebook by its pages.	27
06395b90f7f13bac52662b567a8929bbd6071efdb44a6bd3b15664c2f06c5218_0_3	06395b90f7f13bac52662b567a8929bbd6071efdb44a6bd3b15664c2f06c5218	0	3	/mnt/data/grasp-anything-lgd/data/processed/grasp-anything-pp/grasp_instructions/grasp_instructions/06395b90f7f13bac52662b567a8929bbd6071efdb44a6bd3b15664c2f06c5218_0_3.pkl	/mnt/data/grasp-anything-lgd/data/processed/grasp-anything-pp/grasp_label_positive/grasp_label_positive/06395b90f7f13bac52662b567a8929bbd6071efdb44a6bd3b15664c2f06c5218_0_3.pt	5x6	0.072771	364.980835	Take apple by its stem.	23
89f2f47c828ea40922f628abbe2bd0f6ded81b12a9c5e119fc979c2f2674e20c_0_0	89f2f47c828ea40922f628abbe2bd0f6ded81b12a9c5e119fc979c2f2674e20c	0	0	/mnt/data/grasp-anything-lgd/data/processed/grasp-anything-pp/grasp_instructions/grasp_instructions/89f2f47c828ea40922f628abbe2bd0f6ded81b12a9c5e119fc979c2f2674e20c_0_0.pkl	/mnt/data/grasp-anything-lgd/data/processed/grasp-anything-pp/grasp_label_positive/grasp_label_positive/89f2f47c828ea40922f628abbe2bd0f6ded81b12a9c5e119fc979c2f2674e20c_0_0.pt	18x6	0.008743	373.670593	Pick up spoon by its utensil.	29
f87a7bbede37da83c028657fa81184799298c5590b5188c61d7f32ef906eb6c3_0_0	f87a7bbede37da83c028657fa81184799298c5590b5188c61d7f32ef906eb6c3	0	0	/mnt/data/grasp-anything-lgd/data/processed/grasp-anything-pp/grasp_instructions/grasp_instructions/f87a7bbede37da83c028657fa81184799298c5590b5188c61d7f32ef906eb6c3_0_0.pkl	/mnt/data/grasp-anything-lgd/data/processed/grasp-anything-pp/grasp_label_positive/grasp_label_positive/f87a7bbede37da83c028657fa81184799298c5590b5188c61d7f32ef906eb6c3_0_0.pt	1x6	0.118148	361.039978	Grab ball on its round shape.	29
36851f5172a691dda3269c226dd1f7dad6c9f43e9e35773271c2412740b73f8a_0_2	36851f5172a691dda3269c226dd1f7dad6c9f43e9e35773271c2412740b73f8a	0	2	/mnt/data/grasp-anything-lgd/data/processed/grasp-anything-pp/grasp_instructions/grasp_instructions/36851f5172a691dda3269c226dd1f7dad6c9f43e9e35773271c2412740b73f8a_0_2.pkl	/mnt/data/grasp-anything-lgd/data/processed/grasp-anything-pp/grasp_label_positive/grasp_label_positive/36851f5172a691dda3269c226dd1f7dad6c9f43e9e35773271c2412740b73f8a_0_2.pt	7x6	0.082692	339.920258	Grab apple on its seeds.	24
1c5e499c8b63c66c9b20da59b405a73c216683ce814f8f7e209e1d5da76f4cec_1_2	1c5e499c8b63c66c9b20da59b405a73c216683ce814f8f7e209e1d5da76f4cec	1	2	/mnt/data/grasp-anything-lgd/data/processed/grasp-anything-pp/grasp_instructions/grasp_instructions/1c5e499c8b63c66c9b20da59b405a73c216683ce814f8f7e209e1d5da76f4cec_1_2.pkl	/mnt/data/grasp-anything-lgd/data/processed/grasp-anything-pp/grasp_label_positive/grasp_label_positive/1c5e499c8b63c66c9b20da59b405a73c216683ce814f8f7e209e1d5da76f4cec_1_2.pt	1x6	0.020145	241.0215	Fetch keychain by its keys.	27
526d9a4d1f3f5e31d5efa27c73b5fb49d0e993eb3179d872af81c5933809538d_1_1	526d9a4d1f3f5e31d5efa27c73b5fb49d0e993eb3179d872af81c5933809538d	1	1	/mnt/data/grasp-anything-lgd/data/processed/grasp-anything-pp/grasp_instructions/grasp_instructions/526d9a4d1f3f5e31d5efa27c73b5fb49d0e993eb3179d872af81c5933809538d_1_1.pkl	/mnt/data/grasp-anything-lgd/data/processed/grasp-anything-pp/grasp_label_positive/grasp_label_positive/526d9a4d1f3f5e31d5efa27c73b5fb49d0e993eb3179d872af81c5933809538d_1_1.pt	3x6	0.02018	369.765503	Grip comb on its handle.	24
339f36aca8ee3dc850904680ff07f2ddd7a1a4fc6db41c16413718b68349f518_1_2	339f36aca8ee3dc850904680ff07f2ddd7a1a4fc6db41c16413718b68349f518	1	2	/mnt/data/grasp-anything-lgd/data/processed/grasp-anything-pp/grasp_instructions/grasp_instructions/339f36aca8ee3dc850904680ff07f2ddd7a1a4fc6db41c16413718b68349f518_1_2.pkl	/mnt/data/grasp-anything-lgd/data/processed/grasp-anything-pp/grasp_label_positive/grasp_label_positive/339f36aca8ee3dc850904680ff07f2ddd7a1a4fc6db41c16413718b68349f518_1_2.pt	6x6	0.113884	327.695526	Take hold of lime on its seeds.	31
998a517f9539ec0aad5b533794f61029196494b00aa729df618a527e881dd4b1_0_1	998a517f9539ec0aad5b533794f61029196494b00aa729df618a527e881dd4b1	0	1	/mnt/data/grasp-anything-lgd/data/processed/grasp-anything-pp/grasp_instructions/grasp_instructions/998a517f9539ec0aad5b533794f61029196494b00aa729df618a527e881dd4b1_0_1.pkl	/mnt/data/grasp-anything-lgd/data/processed/grasp-anything-pp/grasp_label_positive/grasp_label_positive/998a517f9539ec0aad5b533794f61029196494b00aa729df618a527e881dd4b1_0_1.pt	2x6	0.021069	327.691864	Grip pen on its ink or lead.	28
34a14ccf5e109318e7e714e80bdef74bdfbb179a4c847b331b91d8a2282c2248_2_1	34a14ccf5e109318e7e714e80bdef74bdfbb179a4c847b331b91d8a2282c2248	2	1	/mnt/data/grasp-anything-lgd/data/processed/grasp-anything-pp/grasp_instructions/grasp_instructions/34a14ccf5e109318e7e714e80bdef74bdfbb179a4c847b331b91d8a2282c2248_2_1.pkl	/mnt/data/grasp-anything-lgd/data/processed/grasp-anything-pp/grasp_label_positive/grasp_label_positive/34a14ccf5e109318e7e714e80bdef74bdfbb179a4c847b331b91d8a2282c2248_2_1.pt	4x6	0.04935	378.238556	Take vase by its flowers.	25
ccc14518f2bac9bc7893d63086ac179dc0c5d9f45ad078d0fb58a150d234b529_1_2	ccc14518f2bac9bc7893d63086ac179dc0c5d9f45ad078d0fb58a150d234b529	1	2	/mnt/data/grasp-anything-lgd/data/processed/grasp-anything-pp/grasp_instructions/grasp_instructions/ccc14518f2bac9bc7893d63086ac179dc0c5d9f45ad078d0fb58a150d234b529_1_2.pkl	/mnt/data/grasp-anything-lgd/data/processed/grasp-anything-pp/grasp_label_positive/grasp_label_positive/ccc14518f2bac9bc7893d63086ac179dc0c5d9f45ad078d0fb58a150d234b529_1_2.pt	8x6	0.034634	328.834778	Hold hairpin at its clip.	25
a9a6875ae2cf417f5527844f3a7ea7d61f2395038a793186fba829c6666feb3b_1_1	a9a6875ae2cf417f5527844f3a7ea7d61f2395038a793186fba829c6666feb3b	1	1	/mnt/data/grasp-anything-lgd/data/processed/grasp-anything-pp/grasp_instructions/grasp_instructions/a9a6875ae2cf417f5527844f3a7ea7d61f2395038a793186fba829c6666feb3b_1_1.pkl	/mnt/data/grasp-anything-lgd/data/processed/grasp-anything-pp/grasp_label_positive/grasp_label_positive/a9a6875ae2cf417f5527844f3a7ea7d61f2395038a793186fba829c6666feb3b_1_1.pt	11x6	0.016401	377.12088	Fetch paperclip by its shape.	29
1d46ef6f4cd225c17905f0ec87e2d635a98c3340ecd9e599b1fbd58f1288815e_2_0	1d46ef6f4cd225c17905f0ec87e2d635a98c3340ecd9e599b1fbd58f1288815e	2	0	/mnt/data/grasp-anything-lgd/data/processed/grasp-anything-pp/grasp_instructions/grasp_instructions/1d46ef6f4cd225c17905f0ec87e2d635a98c3340ecd9e599b1fbd58f1288815e_2_0.pkl	/mnt/data/grasp-anything-lgd/data/processed/grasp-anything-pp/grasp_label_positive/grasp_label_positive/1d46ef6f4cd225c17905f0ec87e2d635a98c3340ecd9e599b1fbd58f1288815e_2_0.pt	1x6	0.013274	122.871857	Pick up smartphone by its mobile device.	40
69ce935df3436983265abab7735c8b5a747c4de057eecad8067c6f23bc616a38_0_2	69ce935df3436983265abab7735c8b5a747c4de057eecad8067c6f23bc616a38	0	2	/mnt/data/grasp-anything-lgd/data/processed/grasp-anything-pp/grasp_instructions/grasp_instructions/69ce935df3436983265abab7735c8b5a747c4de057eecad8067c6f23bc616a38_0_2.pkl	/mnt/data/grasp-anything-lgd/data/processed/grasp-anything-pp/grasp_label_positive/grasp_label_positive/69ce935df3436983265abab7735c8b5a747c4de057eecad8067c6f23bc616a38_0_2.pt	20x6	0.012593	368.097168	Take hold of pencil on its eraser.	34
219d2b8a831eee1eae3b0d26e6072edf915ef7d0666eb1d1fe1c31f5fe4be6e7_1_0	219d2b8a831eee1eae3b0d26e6072edf915ef7d0666eb1d1fe1c31f5fe4be6e7	1	0	/mnt/data/grasp-anything-lgd/data/processed/grasp-anything-pp/grasp_instructions/grasp_instructions/219d2b8a831eee1eae3b0d26e6072edf915ef7d0666eb1d1fe1c31f5fe4be6e7_1_0.pkl	/mnt/data/grasp-anything-lgd/data/processed/grasp-anything-pp/grasp_label_positive/grasp_label_positive/219d2b8a831eee1eae3b0d26e6072edf915ef7d0666eb1d1fe1c31f5fe4be6e7_1_0.pt	9x6	0.074027	174.201813	Take hold of eraser on its rubber or material.	46
d8cb5edb9e15a4f6f13f23c63b478524baa0999737aeb9e580ea9e33a8aa28ff_0_3	d8cb5edb9e15a4f6f13f23c63b478524baa0999737aeb9e580ea9e33a8aa28ff	0	3	/mnt/data/grasp-anything-lgd/data/processed/grasp-anything-pp/grasp_instructions/grasp_instructions/d8cb5edb9e15a4f6f13f23c63b478524baa0999737aeb9e580ea9e33a8aa28ff_0_3.pkl	/mnt/data/grasp-anything-lgd/data/processed/grasp-anything-pp/grasp_label_positive/grasp_label_positive/d8cb5edb9e15a4f6f13f23c63b478524baa0999737aeb9e580ea9e33a8aa28ff_0_3.pt	2x6	0.071096	228.903427	Pick up apple by its stem.	26
28f2e1ac25d22c1169382951983ef20c572d25943d2357d22e2e54fc22410f65_2_2	28f2e1ac25d22c1169382951983ef20c572d25943d2357d22e2e54fc22410f65	2	2	/mnt/data/grasp-anything-lgd/data/processed/grasp-anything-pp/grasp_instructions/grasp_instructions/28f2e1ac25d22c1169382951983ef20c572d25943d2357d22e2e54fc22410f65_2_2.pkl	/mnt/data/grasp-anything-lgd/data/processed/grasp-anything-pp/grasp_label_positive/grasp_label_positive/28f2e1ac25d22c1169382951983ef20c572d25943d2357d22e2e54fc22410f65_2_2.pt	12x6	0.011078	179.187927	Hold paperclip at its clipping ends.	36
5168eb8e23a3a037e9e772d0024cb61c2cd08978e901f12faf88bf7e69f58f06_2_1	5168eb8e23a3a037e9e772d0024cb61c2cd08978e901f12faf88bf7e69f58f06	2	1	/mnt/data/grasp-anything-lgd/data/processed/grasp-anything-pp/grasp_instructions/grasp_instructions/5168eb8e23a3a037e9e772d0024cb61c2cd08978e901f12faf88bf7e69f58f06_2_1.pkl	/mnt/data/grasp-anything-lgd/data/processed/grasp-anything-pp/grasp_label_positive/grasp_label_positive/5168eb8e23a3a037e9e772d0024cb61c2cd08978e901f12faf88bf7e69f58f06_2_1.pt	5x6	0.085064	262.066193	Grip hairpin on its design.	27
b5694a63d789b5ab50ec0386c291a89bae20efabc71351b5ffe871c374ead535_0_0	b5694a63d789b5ab50ec0386c291a89bae20efabc71351b5ffe871c374ead535	0	0	/mnt/data/grasp-anything-lgd/data/processed/grasp-anything-pp/grasp_instructions/grasp_instructions/b5694a63d789b5ab50ec0386c291a89bae20efabc71351b5ffe871c374ead535_0_0.pkl	/mnt/data/grasp-anything-lgd/data/processed/grasp-anything-pp/grasp_label_positive/grasp_label_positive/b5694a63d789b5ab50ec0386c291a89bae20efabc71351b5ffe871c374ead535_0_0.pt	7x6	0.067136	268.673615	Grasp apple at its skin.	24
b110e51ec004dfeba383f28c1413fe3caa1743e5df2dd24dfcdef545a33a660d_1_0	b110e51ec004dfeba383f28c1413fe3caa1743e5df2dd24dfcdef545a33a660d	1	0	/mnt/data/grasp-anything-lgd/data/processed/grasp-anything-pp/grasp_instructions/grasp_instructions/b110e51ec004dfeba383f28c1413fe3caa1743e5df2dd24dfcdef545a33a660d_1_0.pkl	/mnt/data/grasp-anything-lgd/data/processed/grasp-anything-pp/grasp_label_positive/grasp_label_positive/b110e51ec004dfeba383f28c1413fe3caa1743e5df2dd24dfcdef545a33a660d_1_0.pt	3x6	0.024951	355.510986	Grab pencil on its wooden or plastic.	37
80b689364674715810621520a7741ebec28873f787f77105e816fe6fe17b84c6_1_0	80b689364674715810621520a7741ebec28873f787f77105e816fe6fe17b84c6	1	0	/mnt/data/grasp-anything-lgd/data/processed/grasp-anything-pp/grasp_instructions/grasp_instructions/80b689364674715810621520a7741ebec28873f787f77105e816fe6fe17b84c6_1_0.pkl	/mnt/data/grasp-anything-lgd/data/processed/grasp-anything-pp/grasp_label_positive/grasp_label_positive/80b689364674715810621520a7741ebec28873f787f77105e816fe6fe17b84c6_1_0.pt	10x6	0.007282	356.971741	Lift banana by its skin.	24
5cb11f3b4bae23413ce37ddd36fd99cec6a768f79f55bde132e9e5ac080b5011_1_2	5cb11f3b4bae23413ce37ddd36fd99cec6a768f79f55bde132e9e5ac080b5011	1	2	/mnt/data/grasp-anything-lgd/data/processed/grasp-anything-pp/grasp_instructions/grasp_instructions/5cb11f3b4bae23413ce37ddd36fd99cec6a768f79f55bde132e9e5ac080b5011_1_2.pkl	/mnt/data/grasp-anything-lgd/data/processed/grasp-anything-pp/grasp_label_positive/grasp_label_positive/5cb11f3b4bae23413ce37ddd36fd99cec6a768f79f55bde132e9e5ac080b5011_1_2.pt	1x6	0.401897	0.774589	Pick up lemon by its seeds.	27
7d8c484295224720ad6725c2fd574d571d33be232b9910a52b149377dad816e2_0_1	7d8c484295224720ad6725c2fd574d571d33be232b9910a52b149377dad816e2	0	1	/mnt/data/grasp-anything-lgd/data/processed/grasp-anything-pp/grasp_instructions/grasp_instructions/7d8c484295224720ad6725c2fd574d571d33be232b9910a52b149377dad816e2_0_1.pkl	/mnt/data/grasp-anything-lgd/data/processed/grasp-anything-pp/grasp_label_positive/grasp_label_positive/7d8c484295224720ad6725c2fd574d571d33be232b9910a52b149377dad816e2_0_1.pt	15x6	0.0264	228.225174	Hold remote at its buttons.	27
a149beb22c4340a1f1c9ff5fcb45fdd14e84a970d7bad15de3b6a2743c5035e2_0_2	a149beb22c4340a1f1c9ff5fcb45fdd14e84a970d7bad15de3b6a2743c5035e2	0	2	/mnt/data/grasp-anything-lgd/data/processed/grasp-anything-pp/grasp_instructions/grasp_instructions/a149beb22c4340a1f1c9ff5fcb45fdd14e84a970d7bad15de3b6a2743c5035e2_0_2.pkl	/mnt/data/grasp-anything-lgd/data/processed/grasp-anything-pp/grasp_label_positive/grasp_label_positive/a149beb22c4340a1f1c9ff5fcb45fdd14e84a970d7bad15de3b6a2743c5035e2_0_2.pt	1x6	0.0	340.922974	Take hairbrush by its grip.	27
867e4259959598f92535d4aa546919961adb2d32158b49c5d025fd76f79cbead_0_2	867e4259959598f92535d4aa546919961adb2d32158b49c5d025fd76f79cbead	0	2	/mnt/data/grasp-anything-lgd/data/processed/grasp-anything-pp/grasp_instructions/grasp_instructions/867e4259959598f92535d4aa546919961adb2d32158b49c5d025fd76f79cbead_0_2.pkl	/mnt/data/grasp-anything-lgd/data/processed/grasp-anything-pp/grasp_label_positive/grasp_label_positive/867e4259959598f92535d4aa546919961adb2d32158b49c5d025fd76f79cbead_0_2.pt	1x6	0.01475	209.623734	Pick up pencil by its eraser.	29
12219fa6874a4fbfe55a04b5c7e18e3c9d37cb5c45e18debf3d76b754b781445_0_1	12219fa6874a4fbfe55a04b5c7e18e3c9d37cb5c45e18debf3d76b754b781445	0	1	/mnt/data/grasp-anything-lgd/data/processed/grasp-anything-pp/grasp_instructions/grasp_instructions/12219fa6874a4fbfe55a04b5c7e18e3c9d37cb5c45e18debf3d76b754b781445_0_1.pkl	/mnt/data/grasp-anything-lgd/data/processed/grasp-anything-pp/grasp_label_positive/grasp_label_positive/12219fa6874a4fbfe55a04b5c7e18e3c9d37cb5c45e18debf3d76b754b781445_0_1.pt	9x6	0.013543	388.102844	Hold headphones at its cables.	30
1804cacf0e98c61d7bbd46807039936dac378662abf7c21e1decc1278b23f4ba_1_0	1804cacf0e98c61d7bbd46807039936dac378662abf7c21e1decc1278b23f4ba	1	0	/mnt/data/grasp-anything-lgd/data/processed/grasp-anything-pp/grasp_instructions/grasp_instructions/1804cacf0e98c61d7bbd46807039936dac378662abf7c21e1decc1278b23f4ba_1_0.pkl	/mnt/data/grasp-anything-lgd/data/processed/grasp-anything-pp/grasp_label_positive/grasp_label_positive/1804cacf0e98c61d7bbd46807039936dac378662abf7c21e1decc1278b23f4ba_1_0.pt	11x6	0.010698	386.327881	Grab pepper on its spice.	25
5da91bba49a3725fdbd6794a7ec9ddfa24916a213a552e8dabe4f59a68038f0b_0_1	5da91bba49a3725fdbd6794a7ec9ddfa24916a213a552e8dabe4f59a68038f0b	0	1	/mnt/data/grasp-anything-lgd/data/processed/grasp-anything-pp/grasp_instructions/grasp_instructions/5da91bba49a3725fdbd6794a7ec9ddfa24916a213a552e8dabe4f59a68038f0b_0_1.pkl	/mnt/data/grasp-anything-lgd/data/processed/grasp-anything-pp/grasp_label_positive/grasp_label_positive/5da91bba49a3725fdbd6794a7ec9ddfa24916a213a552e8dabe4f59a68038f0b_0_1.pt	8x6	0.041827	354.280975	Grab book on its pages.	23
963f4e97873c63f9c5208e8d7b17572beaecb7104e6d88df50c2ab6de18c0723_0_1	963f4e97873c63f9c5208e8d7b17572beaecb7104e6d88df50c2ab6de18c0723	0	1	/mnt/data/grasp-anything-lgd/data/processed/grasp-anything-pp/grasp_instructions/grasp_instructions/963f4e97873c63f9c5208e8d7b17572beaecb7104e6d88df50c2ab6de18c0723_0_1.pkl	/mnt/data/grasp-anything-lgd/data/processed/grasp-anything-pp/grasp_label_positive/grasp_label_positive/963f4e97873c63f9c5208e8d7b17572beaecb7104e6d88df50c2ab6de18c0723_0_1.pt	1x6	0.035406	264.830872	Take eraser by its shape.	25
a99d39c02019ec25a7be8641c169231b8b1003f326ff175b87c457112c253353_1_0	a99d39c02019ec25a7be8641c169231b8b1003f326ff175b87c457112c253353	1	0	/mnt/data/grasp-anything-lgd/data/processed/grasp-anything-pp/grasp_instructions/grasp_instructions/a99d39c02019ec25a7be8641c169231b8b1003f326ff175b87c457112c253353_1_0.pkl	/mnt/data/grasp-anything-lgd/data/processed/grasp-anything-pp/grasp_label_positive/grasp_label_positive/a99d39c02019ec25a7be8641c169231b8b1003f326ff175b87c457112c253353_1_0.pt	14x6	0.016197	239.182648	Fetch keychain by its ring.	27
a1f5eb5ec90f9bdf9cda5b1a69952735c88f29a1381f03d1b38b074d3d893f7e_0_2	a1f5eb5ec90f9bdf9cda5b1a69952735c88f29a1381f03d1b38b074d3d893f7e	0	2	/mnt/data/grasp-anything-lgd/data/processed/grasp-anything-pp/grasp_instructions/grasp_instructions/a1f5eb5ec90f9bdf9cda5b1a69952735c88f29a1381f03d1b38b074d3d893f7e_0_2.pkl	/mnt/data/grasp-anything-lgd/data/processed/grasp-anything-pp/grasp_label_positive/grasp_label_positive/a1f5eb5ec90f9bdf9cda5b1a69952735c88f29a1381f03d1b38b074d3d893f7e_0_2.pt	6x6	0.050727	266.590759	Take stapler by its base.	25
c987524bbef7197a024e6887e7e4974feb23eb2fb5f2e4dc795610149095d1a4_0_1	c987524bbef7197a024e6887e7e4974feb23eb2fb5f2e4dc795610149095d1a4	0	1	/mnt/data/grasp-anything-lgd/data/processed/grasp-anything-pp/grasp_instructions/grasp_instructions/c987524bbef7197a024e6887e7e4974feb23eb2fb5f2e4dc795610149095d1a4_0_1.pkl	/mnt/data/grasp-anything-lgd/data/processed/grasp-anything-pp/grasp_label_positive/grasp_label_positive/c987524bbef7197a024e6887e7e4974feb23eb2fb5f2e4dc795610149095d1a4_0_1.pt	8x6	0.015301	373.22171	Hold key at its notches.	24
1bd7f178a4551a2c125b33576a5e61b71083d86289f34b002be171de307787dd_2_0	1bd7f178a4551a2c125b33576a5e61b71083d86289f34b002be171de307787dd	2	0	/mnt/data/grasp-anything-lgd/data/processed/grasp-anything-pp/grasp_instructions/grasp_instructions/1bd7f178a4551a2c125b33576a5e61b71083d86289f34b002be171de307787dd_2_0.pkl	/mnt/data/grasp-anything-lgd/data/processed/grasp-anything-pp/grasp_label_positive/grasp_label_positive/1bd7f178a4551a2c125b33576a5e61b71083d86289f34b002be171de307787dd_2_0.pt	1x6	0.037088	202.551941	Grip notebook on its cover.	27
0c619cdae4c8bf365456196cba0b3adffc5ad0c50faea4747209bd74225019ff_0_1	0c619cdae4c8bf365456196cba0b3adffc5ad0c50faea4747209bd74225019ff	0	1	/mnt/data/grasp-anything-lgd/data/processed/grasp-anything-pp/grasp_instructions/grasp_instructions/0c619cdae4c8bf365456196cba0b3adffc5ad0c50faea4747209bd74225019ff_0_1.pkl	/mnt/data/grasp-anything-lgd/data/processed/grasp-anything-pp/grasp_label_positive/grasp_label_positive/0c619cdae4c8bf365456196cba0b3adffc5ad0c50faea4747209bd74225019ff_0_1.pt	1x6	0.009871	294.133148	Take hold of mug on its rim.	28
a58ab57503918f46592dd6272f8910a369dffac4ab3e51dd2ee30469c7b6e65b_0_2	a58ab57503918f46592dd6272f8910a369dffac4ab3e51dd2ee30469c7b6e65b	0	2	/mnt/data/grasp-anything-lgd/data/processed/grasp-anything-pp/grasp_instructions/grasp_instructions/a58ab57503918f46592dd6272f8910a369dffac4ab3e51dd2ee30469c7b6e65b_0_2.pkl	/mnt/data/grasp-anything-lgd/data/processed/grasp-anything-pp/grasp_label_positive/grasp_label_positive/a58ab57503918f46592dd6272f8910a369dffac4ab3e51dd2ee30469c7b6e65b_0_2.pt	8x6	0.010931	368.735596	Hold mug at its interior.	25
0252265afb66d5f8760872d7121c65b9fc70e771d4f32905a9586c4a76be66f9_1_1	0252265afb66d5f8760872d7121c65b9fc70e771d4f32905a9586c4a76be66f9	1	1	/mnt/data/grasp-anything-lgd/data/processed/grasp-anything-pp/grasp_instructions/grasp_instructions/0252265afb66d5f8760872d7121c65b9fc70e771d4f32905a9586c4a76be66f9_1_1.pkl	/mnt/data/grasp-anything-lgd/data/processed/grasp-anything-pp/grasp_label_positive/grasp_label_positive/0252265afb66d5f8760872d7121c65b9fc70e771d4f32905a9586c4a76be66f9_1_1.pt	1x6	0.037299	213.006973	Lift bottle by its neck.	24
48afe2bf402b6084ea0899e6926e8b9245fcbb045d67c0db567eb354364c9a74_0_1	48afe2bf402b6084ea0899e6926e8b9245fcbb045d67c0db567eb354364c9a74	0	1	/mnt/data/grasp-anything-lgd/data/processed/grasp-anything-pp/grasp_instructions/grasp_instructions/48afe2bf402b6084ea0899e6926e8b9245fcbb045d67c0db567eb354364c9a74_0_1.pkl	/mnt/data/grasp-anything-lgd/data/processed/grasp-anything-pp/grasp_label_positive/grasp_label_positive/48afe2bf402b6084ea0899e6926e8b9245fcbb045d67c0db567eb354364c9a74_0_1.pt	10x6	0.108872	300.835052	Pick up apple by its flesh.	27
ad4d9425fc67e97b744c53b628255f61104ecd854639fac46a0090d84a84a750_1_0	ad4d9425fc67e97b744c53b628255f61104ecd854639fac46a0090d84a84a750	1	0	/mnt/data/grasp-anything-lgd/data/processed/grasp-anything-pp/grasp_instructions/grasp_instructions/ad4d9425fc67e97b744c53b628255f61104ecd854639fac46a0090d84a84a750_1_0.pkl	/mnt/data/grasp-anything-lgd/data/processed/grasp-anything-pp/grasp_label_positive/grasp_label_positive/ad4d9425fc67e97b744c53b628255f61104ecd854639fac46a0090d84a84a750_1_0.pt	24x6	0.012283	385.379333	Fetch pen by its barrel.	24
01c4fefce06030d22911d04f62cb16fe12243889128e81664f4284364b104ed0_1_2	01c4fefce06030d22911d04f62cb16fe12243889128e81664f4284364b104ed0	1	2	/mnt/data/grasp-anything-lgd/data/processed/grasp-anything-pp/grasp_instructions/grasp_instructions/01c4fefce06030d22911d04f62cb16fe12243889128e81664f4284364b104ed0_1_2.pkl	/mnt/data/grasp-anything-lgd/data/processed/grasp-anything-pp/grasp_label_positive/grasp_label_positive/01c4fefce06030d22911d04f62cb16fe12243889128e81664f4284364b104ed0_1_2.pt	6x6	0.024946	373.77536	Pick up highlighter by its cap.	31
c8920286cd4b2472569d353ef6ffd521754f5817ce848259306836297a508431_1_3	c8920286cd4b2472569d353ef6ffd521754f5817ce848259306836297a508431	1	3	/mnt/data/grasp-anything-lgd/data/processed/grasp-anything-pp/grasp_instructions/grasp_instructions/c8920286cd4b2472569d353ef6ffd521754f5817ce848259306836297a508431_1_3.pkl	/mnt/data/grasp-anything-lgd/data/processed/grasp-anything-pp/grasp_label_positive/grasp_label_positive/c8920286cd4b2472569d353ef6ffd521754f5817ce848259306836297a508431_1_3.pt	3x6	0.037792	263.598785	Grip apple on its stem.	23
cce9356b1504973698e0a7dfbeb30375b6a56cdfe27d1da3fc12378af7cb67e3_0_2	cce9356b1504973698e0a7dfbeb30375b6a56cdfe27d1da3fc12378af7cb67e3	0	2	/mnt/data/grasp-anything-lgd/data/processed/grasp-anything-pp/grasp_instructions/grasp_instructions/cce9356b1504973698e0a7dfbeb30375b6a56cdfe27d1da3fc12378af7cb67e3_0_2.pkl	/mnt/data/grasp-anything-lgd/data/processed/grasp-anything-pp/grasp_label_positive/grasp_label_positive/cce9356b1504973698e0a7dfbeb30375b6a56cdfe27d1da3fc12378af7cb67e3_0_2.pt	2x6	0.049758	186.947174	Hold eraser at its texture.	27
272631007f3dc7245c537fb898a1e4c597c31116149b74065538f97a80c35a27_0_2	272631007f3dc7245c537fb898a1e4c597c31116149b74065538f97a80c35a27	0	2	/mnt/data/grasp-anything-lgd/data/processed/grasp-anything-pp/grasp_instructions/grasp_instructions/272631007f3dc7245c537fb898a1e4c597c31116149b74065538f97a80c35a27_0_2.pkl	/mnt/data/grasp-anything-lgd/data/processed/grasp-anything-pp/grasp_label_positive/grasp_label_positive/272631007f3dc7245c537fb898a1e4c597c31116149b74065538f97a80c35a27_0_2.pt	10x6	0.017579	381.657715	Grab knife on its sharp edge.	29
52a3422e3e1a0b6af022a2ee4809c5115b6ac7514fbd37a3cb17864f3b8f912e_1_1	52a3422e3e1a0b6af022a2ee4809c5115b6ac7514fbd37a3cb17864f3b8f912e	1	1	/mnt/data/grasp-anything-lgd/data/processed/grasp-anything-pp/grasp_instructions/grasp_instructions/52a3422e3e1a0b6af022a2ee4809c5115b6ac7514fbd37a3cb17864f3b8f912e_1_1.pkl	/mnt/data/grasp-anything-lgd/data/processed/grasp-anything-pp/grasp_label_positive/grasp_label_positive/52a3422e3e1a0b6af022a2ee4809c5115b6ac7514fbd37a3cb17864f3b8f912e_1_1.pt	4x6	0.122851	234.87149	Grip stapler on its metal clasp.	32
f84e4214908c78b4d13d8ddbb9e63d248f4d2743efd772e2f4b11fcd983024da_0_2	f84e4214908c78b4d13d8ddbb9e63d248f4d2743efd772e2f4b11fcd983024da	0	2	/mnt/data/grasp-anything-lgd/data/processed/grasp-anything-pp/grasp_instructions/grasp_instructions/f84e4214908c78b4d13d8ddbb9e63d248f4d2743efd772e2f4b11fcd983024da_0_2.pkl	/mnt/data/grasp-anything-lgd/data/processed/grasp-anything-pp/grasp_label_positive/grasp_label_positive/f84e4214908c78b4d13d8ddbb9e63d248f4d2743efd772e2f4b11fcd983024da_0_2.pt	15x6	0.021743	391.095642	Grab pencil on its eraser.	26
611c949969b958ab178a1771a857a6e02be4e024abd69855f75e62ae3b8d10c9_1_1	611c949969b958ab178a1771a857a6e02be4e024abd69855f75e62ae3b8d10c9	1	1	/mnt/data/grasp-anything-lgd/data/processed/grasp-anything-pp/grasp_instructions/grasp_instructions/611c949969b958ab178a1771a857a6e02be4e024abd69855f75e62ae3b8d10c9_1_1.pkl	/mnt/data/grasp-anything-lgd/data/processed/grasp-anything-pp/grasp_label_positive/grasp_label_positive/611c949969b958ab178a1771a857a6e02be4e024abd69855f75e62ae3b8d10c9_1_1.pt	6x6	0.013901	375.984192	Take highlighter by its bright color.	37
9f1a77a2f0dffa0463c25cfb08286b8fe6db85247d02fa6d569406b6307163eb_0_2	9f1a77a2f0dffa0463c25cfb08286b8fe6db85247d02fa6d569406b6307163eb	0	2	/mnt/data/grasp-anything-lgd/data/processed/grasp-anything-pp/grasp_instructions/grasp_instructions/9f1a77a2f0dffa0463c25cfb08286b8fe6db85247d02fa6d569406b6307163eb_0_2.pkl	/mnt/data/grasp-anything-lgd/data/processed/grasp-anything-pp/grasp_label_positive/grasp_label_positive/9f1a77a2f0dffa0463c25cfb08286b8fe6db85247d02fa6d569406b6307163eb_0_2.pt	16x6	0.020841	358.481415	Hold spoon at its handle.	25
cf40fdf7ba5172f77d68b410b590c14d835cb2f3866ba61ab806507eb542d779_0_2	cf40fdf7ba5172f77d68b410b590c14d835cb2f3866ba61ab806507eb542d779	0	2	/mnt/data/grasp-anything-lgd/data/processed/grasp-anything-pp/grasp_instructions/grasp_instructions/cf40fdf7ba5172f77d68b410b590c14d835cb2f3866ba61ab806507eb542d779_0_2.pkl	/mnt/data/grasp-anything-lgd/data/processed/grasp-anything-pp/grasp_label_positive/grasp_label_positive/cf40fdf7ba5172f77d68b410b590c14d835cb2f3866ba61ab806507eb542d779_0_2.pt	1x6	0.008149	367.9198	Hold wallet at its closure.	27
47d54d4f8837bbbafcf1df1c96424ed60ba431f2b8d5e099cbd7b4488e8e68b3_1_1	47d54d4f8837bbbafcf1df1c96424ed60ba431f2b8d5e099cbd7b4488e8e68b3	1	1	/mnt/data/grasp-anything-lgd/data/processed/grasp-anything-pp/grasp_instructions/grasp_instructions/47d54d4f8837bbbafcf1df1c96424ed60ba431f2b8d5e099cbd7b4488e8e68b3_1_1.pkl	/mnt/data/grasp-anything-lgd/data/processed/grasp-anything-pp/grasp_label_positive/grasp_label_positive/47d54d4f8837bbbafcf1df1c96424ed60ba431f2b8d5e099cbd7b4488e8e68b3_1_1.pt	6x6	0.025973	275.39502	Take hold of toothbrush on its bristles.	40
b2d2c829f568f0b020ae9dd72efa295d81ac4ac1e86a5577a1b79da3cbe5c3ca_0_2	b2d2c829f568f0b020ae9dd72efa295d81ac4ac1e86a5577a1b79da3cbe5c3ca	0	2	/mnt/data/grasp-anything-lgd/data/processed/grasp-anything-pp/grasp_instructions/grasp_instructions/b2d2c829f568f0b020ae9dd72efa295d81ac4ac1e86a5577a1b79da3cbe5c3ca_0_2.pkl	/mnt/data/grasp-anything-lgd/data/processed/grasp-anything-pp/grasp_label_positive/grasp_label_positive/b2d2c829f568f0b020ae9dd72efa295d81ac4ac1e86a5577a1b79da3cbe5c3ca_0_2.pt	17x6	0.015845	306.428986	Hold spoon at its handle.	25
bd74c4322b4f9b41c2a23e2b44f2a44d431cecb186eec39e767055f1de4161c7_0_1	bd74c4322b4f9b41c2a23e2b44f2a44d431cecb186eec39e767055f1de4161c7	0	1	/mnt/data/grasp-anything-lgd/data/processed/grasp-anything-pp/grasp_instructions/grasp_instructions/bd74c4322b4f9b41c2a23e2b44f2a44d431cecb186eec39e767055f1de4161c7_0_1.pkl	/mnt/data/grasp-anything-lgd/data/processed/grasp-anything-pp/grasp_label_positive/grasp_label_positive/bd74c4322b4f9b41c2a23e2b44f2a44d431cecb186eec39e767055f1de4161c7_0_1.pt	6x6	0.023551	257.682068	Pick up remote by its buttons.	30
b6caf0a084570cdb5e515c856fb01d15742e487de78c3dc693601cacc43e17e0_0_0	b6caf0a084570cdb5e515c856fb01d15742e487de78c3dc693601cacc43e17e0	0	0	/mnt/data/grasp-anything-lgd/data/processed/grasp-anything-pp/grasp_instructions/grasp_instructions/b6caf0a084570cdb5e515c856fb01d15742e487de78c3dc693601cacc43e17e0_0_0.pkl	/mnt/data/grasp-anything-lgd/data/processed/grasp-anything-pp/grasp_label_positive/grasp_label_positive/b6caf0a084570cdb5e515c856fb01d15742e487de78c3dc693601cacc43e17e0_0_0.pt	1x6	0.014064	0.964916	Grip notebook on its cover.	27
94c5009c80f45d3d8f3cfcb6dc05c20e1f529fb0bd22d89e46f7bf75de94d35a_1_1	94c5009c80f45d3d8f3cfcb6dc05c20e1f529fb0bd22d89e46f7bf75de94d35a	1	1	/mnt/data/grasp-anything-lgd/data/processed/grasp-anything-pp/grasp_instructions/grasp_instructions/94c5009c80f45d3d8f3cfcb6dc05c20e1f529fb0bd22d89e46f7bf75de94d35a_1_1.pkl	/mnt/data/grasp-anything-lgd/data/processed/grasp-anything-pp/grasp_label_positive/grasp_label_positive/94c5009c80f45d3d8f3cfcb6dc05c20e1f529fb0bd22d89e46f7bf75de94d35a_1_1.pt	8x6	0.02599	378.207458	Pick up lime by its flesh.	26
1839c327341981b3d0eea5f6632b506afba0978e3b91441420ead2d6b2a1fcf4_0_1	1839c327341981b3d0eea5f6632b506afba0978e3b91441420ead2d6b2a1fcf4	0	1	/mnt/data/grasp-anything-lgd/data/processed/grasp-anything-pp/grasp_instructions/grasp_instructions/1839c327341981b3d0eea5f6632b506afba0978e3b91441420ead2d6b2a1fcf4_0_1.pkl	/mnt/data/grasp-anything-lgd/data/processed/grasp-anything-pp/grasp_label_positive/grasp_label_positive/1839c327341981b3d0eea5f6632b506afba0978e3b91441420ead2d6b2a1fcf4_0_1.pt	6x6	0.03327	176.630402	Grasp key at its notches.	25
6a2e0e1b48e3a8a0390474e79a2c5b925564edb3590a80ff95e2794a5238d01c_0_2	6a2e0e1b48e3a8a0390474e79a2c5b925564edb3590a80ff95e2794a5238d01c	0	2	/mnt/data/grasp-anything-lgd/data/processed/grasp-anything-pp/grasp_instructions/grasp_instructions/6a2e0e1b48e3a8a0390474e79a2c5b925564edb3590a80ff95e2794a5238d01c_0_2.pkl	/mnt/data/grasp-anything-lgd/data/processed/grasp-anything-pp/grasp_label_positive/grasp_label_positive/6a2e0e1b48e3a8a0390474e79a2c5b925564edb3590a80ff95e2794a5238d01c_0_2.pt	6x6	0.118223	293.27475	Fetch key by its ring.	22
d5eeac153e270916e5dc203bff94829d4bc70c441d418b5652be9b4c89bb9ab3_2_0	d5eeac153e270916e5dc203bff94829d4bc70c441d418b5652be9b4c89bb9ab3	2	0	/mnt/data/grasp-anything-lgd/data/processed/grasp-anything-pp/grasp_instructions/grasp_instructions/d5eeac153e270916e5dc203bff94829d4bc70c441d418b5652be9b4c89bb9ab3_2_0.pkl	/mnt/data/grasp-anything-lgd/data/processed/grasp-anything-pp/grasp_label_positive/grasp_label_positive/d5eeac153e270916e5dc203bff94829d4bc70c441d418b5652be9b4c89bb9ab3_2_0.pt	2x6	0.014042	159.931335	Fetch bottle by its container.	30
5a640c118c56c77dd66d3841330623ebabe102b7252639c57686eb72c9b4691b_1_1	5a640c118c56c77dd66d3841330623ebabe102b7252639c57686eb72c9b4691b	1	1	/mnt/data/grasp-anything-lgd/data/processed/grasp-anything-pp/grasp_instructions/grasp_instructions/5a640c118c56c77dd66d3841330623ebabe102b7252639c57686eb72c9b4691b_1_1.pkl	/mnt/data/grasp-anything-lgd/data/processed/grasp-anything-pp/grasp_label_positive/grasp_label_positive/5a640c118c56c77dd66d3841330623ebabe102b7252639c57686eb72c9b4691b_1_1.pt	1x6	0.273576	273.461853	Hold marker at its tip.	23
ce7dec3c476c6821eee24495fcc6fd185d8c1de3515c24f9245d2f4102f7c222_0_0	ce7dec3c476c6821eee24495fcc6fd185d8c1de3515c24f9245d2f4102f7c222	0	0	/mnt/data/grasp-anything-lgd/data/processed/grasp-anything-pp/grasp_instructions/grasp_instructions/ce7dec3c476c6821eee24495fcc6fd185d8c1de3515c24f9245d2f4102f7c222_0_0.pkl	/mnt/data/grasp-anything-lgd/data/processed/grasp-anything-pp/grasp_label_positive/grasp_label_positive/ce7dec3c476c6821eee24495fcc6fd185d8c1de3515c24f9245d2f4102f7c222_0_0.pt	6x6	0.016913	295.922729	Take hold of key on its metal or plastic.	41
8beb3079dca5b70d2ba29c95426a8af35803aac4a1b695a05c065bfc63444e13_0_2	8beb3079dca5b70d2ba29c95426a8af35803aac4a1b695a05c065bfc63444e13	0	2	/mnt/data/grasp-anything-lgd/data/processed/grasp-anything-pp/grasp_instructions/grasp_instructions/8beb3079dca5b70d2ba29c95426a8af35803aac4a1b695a05c065bfc63444e13_0_2.pkl	/mnt/data/grasp-anything-lgd/data/processed/grasp-anything-pp/grasp_label_positive/grasp_label_positive/8beb3079dca5b70d2ba29c95426a8af35803aac4a1b695a05c065bfc63444e13_0_2.pt	4x6	0.010606	322.756866	Hold pen at its cap.	20
4a751108ea48fbc51d4f12f56dff25e7e3766a4ce41763e95029fea34bab1877_1_0	4a751108ea48fbc51d4f12f56dff25e7e3766a4ce41763e95029fea34bab1877	1	0	/mnt/data/grasp-anything-lgd/data/processed/grasp-anything-pp/grasp_instructions/grasp_instructions/4a751108ea48fbc51d4f12f56dff25e7e3766a4ce41763e95029fea34bab1877_1_0.pkl	/mnt/data/grasp-anything-lgd/data/processed/grasp-anything-pp/grasp_label_positive/grasp_label_positive/4a751108ea48fbc51d4f12f56dff25e7e3766a4ce41763e95029fea34bab1877_1_0.pt	8x6	0.023027	386.025208	Hold highlighter at its marker.	31
a43e8c8905ba53aedbf4265476c5467d294dda6f518f5d66a43e24ea3232f1b7_2_1	a43e8c8905ba53aedbf4265476c5467d294dda6f518f5d66a43e24ea3232f1b7	2	1	/mnt/data/grasp-anything-lgd/data/processed/grasp-anything-pp/grasp_instructions/grasp_instructions/a43e8c8905ba53aedbf4265476c5467d294dda6f518f5d66a43e24ea3232f1b7_2_1.pkl	/mnt/data/grasp-anything-lgd/data/processed/grasp-anything-pp/grasp_label_positive/grasp_label_positive/a43e8c8905ba53aedbf4265476c5467d294dda6f518f5d66a43e24ea3232f1b7_2_1.pt	7x6	0.025062	377.150604	Hold spoon at its bowl-shaped.	30
ffb8e2f691a8fb172ee0fe405753512b106ff20ab7eb8263b26f4e0f54fd3d13_0_2	ffb8e2f691a8fb172ee0fe405753512b106ff20ab7eb8263b26f4e0f54fd3d13	0	2	/mnt/data/grasp-anything-lgd/data/processed/grasp-anything-pp/grasp_instructions/grasp_instructions/ffb8e2f691a8fb172ee0fe405753512b106ff20ab7eb8263b26f4e0f54fd3d13_0_2.pkl	/mnt/data/grasp-anything-lgd/data/processed/grasp-anything-pp/grasp_label_positive/grasp_label_positive/ffb8e2f691a8fb172ee0fe405753512b106ff20ab7eb8263b26f4e0f54fd3d13_0_2.pt	9x6	0.052346	264.750244	Grasp stapler at its base.	26
1ff0530a0214ed0b39dea030d90f8164afbf490932e8715aaee439513291f441_1_0	1ff0530a0214ed0b39dea030d90f8164afbf490932e8715aaee439513291f441	1	0	/mnt/data/grasp-anything-lgd/data/processed/grasp-anything-pp/grasp_instructions/grasp_instructions/1ff0530a0214ed0b39dea030d90f8164afbf490932e8715aaee439513291f441_1_0.pkl	/mnt/data/grasp-anything-lgd/data/processed/grasp-anything-pp/grasp_label_positive/grasp_label_positive/1ff0530a0214ed0b39dea030d90f8164afbf490932e8715aaee439513291f441_1_0.pt	1x6	0.021057	380.394073	Take note by its paper.	23
529fcf5e80a35a1cb8e9b9f14cf71faaa90c06a8759ab2f7c2e97a7be7cc5a53_1_0	529fcf5e80a35a1cb8e9b9f14cf71faaa90c06a8759ab2f7c2e97a7be7cc5a53	1	0	/mnt/data/grasp-anything-lgd/data/processed/grasp-anything-pp/grasp_instructions/grasp_instructions/529fcf5e80a35a1cb8e9b9f14cf71faaa90c06a8759ab2f7c2e97a7be7cc5a53_1_0.pkl	/mnt/data/grasp-anything-lgd/data/processed/grasp-anything-pp/grasp_label_positive/grasp_label_positive/529fcf5e80a35a1cb8e9b9f14cf71faaa90c06a8759ab2f7c2e97a7be7cc5a53_1_0.pt	1x6	0.029194	339.481903	Lift highlighter by its marker.	31
1bc06928da01080eacd29d35d6a299c9657d1aea9b92b6ababdecccbd45e93c0_1_2	1bc06928da01080eacd29d35d6a299c9657d1aea9b92b6ababdecccbd45e93c0	1	2	/mnt/data/grasp-anything-lgd/data/processed/grasp-anything-pp/grasp_instructions/grasp_instructions/1bc06928da01080eacd29d35d6a299c9657d1aea9b92b6ababdecccbd45e93c0_1_2.pkl	/mnt/data/grasp-anything-lgd/data/processed/grasp-anything-pp/grasp_label_positive/grasp_label_positive/1bc06928da01080eacd29d35d6a299c9657d1aea9b92b6ababdecccbd45e93c0_1_2.pt	1x6	0.01037	323.302521	Grab smartphone on its apps.	28
3f59f5b00bbf5e4cbcda921502d1b068697cfc85000f4ec503c8f552fde9d6f4_1_1	3f59f5b00bbf5e4cbcda921502d1b068697cfc85000f4ec503c8f552fde9d6f4	1	1	/mnt/data/grasp-anything-lgd/data/processed/grasp-anything-pp/grasp_instructions/grasp_instructions/3f59f5b00bbf5e4cbcda921502d1b068697cfc85000f4ec503c8f552fde9d6f4_1_1.pkl	/mnt/data/grasp-anything-lgd/data/processed/grasp-anything-pp/grasp_label_positive/grasp_label_positive/3f59f5b00bbf5e4cbcda921502d1b068697cfc85000f4ec503c8f552fde9d6f4_1_1.pt	10x6	0.016648	376.126129	Take notebook by its pages.	27
7d591f7155a08eaf65b46030a8adf329c202cc458eb5821d3dadae3abc07afd5_0_1	7d591f7155a08eaf65b46030a8adf329c202cc458eb5821d3dadae3abc07afd5	0	1	/mnt/data/grasp-anything-lgd/data/processed/grasp-anything-pp/grasp_instructions/grasp_instructions/7d591f7155a08eaf65b46030a8adf329c202cc458eb5821d3dadae3abc07afd5_0_1.pkl	/mnt/data/grasp-anything-lgd/data/processed/grasp-anything-pp/grasp_label_positive/grasp_label_positive/7d591f7155a08eaf65b46030a8adf329c202cc458eb5821d3dadae3abc07afd5_0_1.pt	2x6	0.046151	238.628281	Pick up mug by its rim.	23
01a9ee060025b6a8f1e0146fcbb621cb5aebffbbf626195b7898be98d0f0d9de_0_1	01a9ee060025b6a8f1e0146fcbb621cb5aebffbbf626195b7898be98d0f0d9de	0	1	/mnt/data/grasp-anything-lgd/data/processed/grasp-anything-pp/grasp_instructions/grasp_instructions/01a9ee060025b6a8f1e0146fcbb621cb5aebffbbf626195b7898be98d0f0d9de_0_1.pkl	/mnt/data/grasp-anything-lgd/data/processed/grasp-anything-pp/grasp_label_positive/grasp_label_positive/01a9ee060025b6a8f1e0146fcbb621cb5aebffbbf626195b7898be98d0f0d9de_0_1.pt	19x6	0.015025	303.542206	Take hold of crayon on its color.	33
4e0b96ff66f28a96d100e46f21b6185102b080c344ea7e5ce946b2de396f6f47_0_0	4e0b96ff66f28a96d100e46f21b6185102b080c344ea7e5ce946b2de396f6f47	0	0	/mnt/data/grasp-anything-lgd/data/processed/grasp-anything-pp/grasp_instructions/grasp_instructions/4e0b96ff66f28a96d100e46f21b6185102b080c344ea7e5ce946b2de396f6f47_0_0.pkl	/mnt/data/grasp-anything-lgd/data/processed/grasp-anything-pp/grasp_label_positive/grasp_label_positive/4e0b96ff66f28a96d100e46f21b6185102b080c344ea7e5ce946b2de396f6f47_0_0.pt	1x6	0.407175	274.850189	Lift marker by its body.	24
8b0c1374c2cb72c23bab9a5ba716ed168f4b801bc8060e8d960ac08f2a1c8ada_0_2	8b0c1374c2cb72c23bab9a5ba716ed168f4b801bc8060e8d960ac08f2a1c8ada	0	2	/mnt/data/grasp-anything-lgd/data/processed/grasp-anything-pp/grasp_instructions/grasp_instructions/8b0c1374c2cb72c23bab9a5ba716ed168f4b801bc8060e8d960ac08f2a1c8ada_0_2.pkl	/mnt/data/grasp-anything-lgd/data/processed/grasp-anything-pp/grasp_label_positive/grasp_label_positive/8b0c1374c2cb72c23bab9a5ba716ed168f4b801bc8060e8d960ac08f2a1c8ada_0_2.pt	1x6	0.040116	211.015213	Take highlighter by its cap.	28
6625827c2e09cb83876c1bf5a556332f2de2b0591ff200657d1886114752d8f2_0_2	6625827c2e09cb83876c1bf5a556332f2de2b0591ff200657d1886114752d8f2	0	2	/mnt/data/grasp-anything-lgd/data/processed/grasp-anything-pp/grasp_instructions/grasp_instructions/6625827c2e09cb83876c1bf5a556332f2de2b0591ff200657d1886114752d8f2_0_2.pkl	/mnt/data/grasp-anything-lgd/data/processed/grasp-anything-pp/grasp_label_positive/grasp_label_positive/6625827c2e09cb83876c1bf5a556332f2de2b0591ff200657d1886114752d8f2_0_2.pt	1x6	0.045	277.826843	Pick up highlighter by its cap.	31
b8260e0e2dc0ca122cbaa9e3c0f1fa01c430889310d33e34c9e4301158ee9345_0_0	b8260e0e2dc0ca122cbaa9e3c0f1fa01c430889310d33e34c9e4301158ee9345	0	0	/mnt/data/grasp-anything-lgd/data/processed/grasp-anything-pp/grasp_instructions/grasp_instructions/b8260e0e2dc0ca122cbaa9e3c0f1fa01c430889310d33e34c9e4301158ee9345_0_0.pkl	/mnt/data/grasp-anything-lgd/data/processed/grasp-anything-pp/grasp_label_positive/grasp_label_positive/b8260e0e2dc0ca122cbaa9e3c0f1fa01c430889310d33e34c9e4301158ee9345_0_0.pt	15x6	0.032179	304.778442	Pick up stapler by its office tool.	35
153d7ddb3de86f59a2f3c74ebcbf469a72d5c24d121c8a4d049156c46b98d90a_0_1	153d7ddb3de86f59a2f3c74ebcbf469a72d5c24d121c8a4d049156c46b98d90a	0	1	/mnt/data/grasp-anything-lgd/data/processed/grasp-anything-pp/grasp_instructions/grasp_instructions/153d7ddb3de86f59a2f3c74ebcbf469a72d5c24d121c8a4d049156c46b98d90a_0_1.pkl	/mnt/data/grasp-anything-lgd/data/processed/grasp-anything-pp/grasp_label_positive/grasp_label_positive/153d7ddb3de86f59a2f3c74ebcbf469a72d5c24d121c8a4d049156c46b98d90a_0_1.pt	1x6	0.086003	341.958008	Grip spoon on its bowl-shaped.	30
79f5cd3199b866a12ab8d1efa73993f27a9021e8b804338c6c2ede43ef7bac2e_1_0	79f5cd3199b866a12ab8d1efa73993f27a9021e8b804338c6c2ede43ef7bac2e	1	0	/mnt/data/grasp-anything-lgd/data/processed/grasp-anything-pp/grasp_instructions/grasp_instructions/79f5cd3199b866a12ab8d1efa73993f27a9021e8b804338c6c2ede43ef7bac2e_1_0.pkl	/mnt/data/grasp-anything-lgd/data/processed/grasp-anything-pp/grasp_label_positive/grasp_label_positive/79f5cd3199b866a12ab8d1efa73993f27a9021e8b804338c6c2ede43ef7bac2e_1_0.pt	27x6	0.015712	353.202026	Pick up sharpener by its tool.	30
d6e59bb9859f8bb9c61205ad062a89c3d5d1e882171ab42cfc36a9c51b3cc56e_0_2	d6e59bb9859f8bb9c61205ad062a89c3d5d1e882171ab42cfc36a9c51b3cc56e	0	2	/mnt/data/grasp-anything-lgd/data/processed/grasp-anything-pp/grasp_instructions/grasp_instructions/d6e59bb9859f8bb9c61205ad062a89c3d5d1e882171ab42cfc36a9c51b3cc56e_0_2.pkl	/mnt/data/grasp-anything-lgd/data/processed/grasp-anything-pp/grasp_label_positive/grasp_label_positive/d6e59bb9859f8bb9c61205ad062a89c3d5d1e882171ab42cfc36a9c51b3cc56e_0_2.pt	2x6	0.007904	371.452728	Grip toy on its function.	25
8bb539d5b0eb13b5701cda78c1ed13b3a38161274e6cc226766aff1014b09d28_0_2	8bb539d5b0eb13b5701cda78c1ed13b3a38161274e6cc226766aff1014b09d28	0	2	/mnt/data/grasp-anything-lgd/data/processed/grasp-anything-pp/grasp_instructions/grasp_instructions/8bb539d5b0eb13b5701cda78c1ed13b3a38161274e6cc226766aff1014b09d28_0_2.pkl	/mnt/data/grasp-anything-lgd/data/processed/grasp-anything-pp/grasp_label_positive/grasp_label_positive/8bb539d5b0eb13b5701cda78c1ed13b3a38161274e6cc226766aff1014b09d28_0_2.pt	1x6	0.030819	298.66864	Fetch spoon by its handle.	26
c0e61c728ceeda2e3741ba98cda69a2261e95557e15ac78be2bbde65aee7ed97_0_0	c0e61c728ceeda2e3741ba98cda69a2261e95557e15ac78be2bbde65aee7ed97	0	0	/mnt/data/grasp-anything-lgd/data/processed/grasp-anything-pp/grasp_instructions/grasp_instructions/c0e61c728ceeda2e3741ba98cda69a2261e95557e15ac78be2bbde65aee7ed97_0_0.pkl	/mnt/data/grasp-anything-lgd/data/processed/grasp-anything-pp/grasp_label_positive/grasp_label_positive/c0e61c728ceeda2e3741ba98cda69a2261e95557e15ac78be2bbde65aee7ed97_0_0.pt	9x6	0.041651	323.470184	Grasp notebook at its cover.	28
124ae9d9dbdb75d3dd9e844773a02cb0ec8c59442cb5cb8af61e7faf284fffeb_1_2	124ae9d9dbdb75d3dd9e844773a02cb0ec8c59442cb5cb8af61e7faf284fffeb	1	2	/mnt/data/grasp-anything-lgd/data/processed/grasp-anything-pp/grasp_instructions/grasp_instructions/124ae9d9dbdb75d3dd9e844773a02cb0ec8c59442cb5cb8af61e7faf284fffeb_1_2.pkl	/mnt/data/grasp-anything-lgd/data/processed/grasp-anything-pp/grasp_label_positive/grasp_label_positive/124ae9d9dbdb75d3dd9e844773a02cb0ec8c59442cb5cb8af61e7faf284fffeb_1_2.pt	5x6	0.070476	375.875458	Hold coin at its value.	23
1b4549cb25231fc4732c064e0b02d8bdfd1d4bd5a72a6cdc5094588430348f3f_0_2	1b4549cb25231fc4732c064e0b02d8bdfd1d4bd5a72a6cdc5094588430348f3f	0	2	/mnt/data/grasp-anything-lgd/data/processed/grasp-anything-pp/grasp_instructions/grasp_instructions/1b4549cb25231fc4732c064e0b02d8bdfd1d4bd5a72a6cdc5094588430348f3f_0_2.pkl	/mnt/data/grasp-anything-lgd/data/processed/grasp-anything-pp/grasp_label_positive/grasp_label_positive/1b4549cb25231fc4732c064e0b02d8bdfd1d4bd5a72a6cdc5094588430348f3f_0_2.pt	6x6	0.040332	372.980927	Fetch lime by its seeds.	24
7267cca0c09107be4576afe05a59c1fe1e3041e0288975484742cbd5c5c7279e_0_2	7267cca0c09107be4576afe05a59c1fe1e3041e0288975484742cbd5c5c7279e	0	2	/mnt/data/grasp-anything-lgd/data/processed/grasp-anything-pp/grasp_instructions/grasp_instructions/7267cca0c09107be4576afe05a59c1fe1e3041e0288975484742cbd5c5c7279e_0_2.pkl	/mnt/data/grasp-anything-lgd/data/processed/grasp-anything-pp/grasp_label_positive/grasp_label_positive/7267cca0c09107be4576afe05a59c1fe1e3041e0288975484742cbd5c5c7279e_0_2.pt	15x6	0.023423	385.368286	Take hold of spoon on its handle.	33
7aabff891baf2532943f00523a2843a2b5f1688e8c0c3c7efb63b4d5a4849f25_0_0	7aabff891baf2532943f00523a2843a2b5f1688e8c0c3c7efb63b4d5a4849f25	0	0	/mnt/data/grasp-anything-lgd/data/processed/grasp-anything-pp/grasp_instructions/grasp_instructions/7aabff891baf2532943f00523a2843a2b5f1688e8c0c3c7efb63b4d5a4849f25_0_0.pkl	/mnt/data/grasp-anything-lgd/data/processed/grasp-anything-pp/grasp_label_positive/grasp_label_positive/7aabff891baf2532943f00523a2843a2b5f1688e8c0c3c7efb63b4d5a4849f25_0_0.pt	19x6	0.013975	380.889954	Grip spoon on its utensil.	26
f1b9618d9af25beb1cda4d05536e0d5afc366ac1cc0e6756f1bcd5b200e45885_2_2	f1b9618d9af25beb1cda4d05536e0d5afc366ac1cc0e6756f1bcd5b200e45885	2	2	/mnt/data/grasp-anything-lgd/data/processed/grasp-anything-pp/grasp_instructions/grasp_instructions/f1b9618d9af25beb1cda4d05536e0d5afc366ac1cc0e6756f1bcd5b200e45885_2_2.pkl	/mnt/data/grasp-anything-lgd/data/processed/grasp-anything-pp/grasp_label_positive/grasp_label_positive/f1b9618d9af25beb1cda4d05536e0d5afc366ac1cc0e6756f1bcd5b200e45885_2_2.pt	6x6	0.011461	373.180817	Pick up dinosaur by its legs.	29
4473632ba1cc20f498d46c93ae7c34aca2c80c7651186c2ce3c0ee2e414a176d_0_2	4473632ba1cc20f498d46c93ae7c34aca2c80c7651186c2ce3c0ee2e414a176d	0	2	/mnt/data/grasp-anything-lgd/data/processed/grasp-anything-pp/grasp_instructions/grasp_instructions/4473632ba1cc20f498d46c93ae7c34aca2c80c7651186c2ce3c0ee2e414a176d_0_2.pkl	/mnt/data/grasp-anything-lgd/data/processed/grasp-anything-pp/grasp_label_positive/grasp_label_positive/4473632ba1cc20f498d46c93ae7c34aca2c80c7651186c2ce3c0ee2e414a176d_0_2.pt	1x6	-0.004926	251.433609	Take banana by its peel.	24
73e2ad88415c3cfc41b25a331940e8e00278b72f409cc10879a9b5a7e3a8a902_1_0	73e2ad88415c3cfc41b25a331940e8e00278b72f409cc10879a9b5a7e3a8a902	1	0	/mnt/data/grasp-anything-lgd/data/processed/grasp-anything-pp/grasp_instructions/grasp_instructions/73e2ad88415c3cfc41b25a331940e8e00278b72f409cc10879a9b5a7e3a8a902_1_0.pkl	/mnt/data/grasp-anything-lgd/data/processed/grasp-anything-pp/grasp_label_positive/grasp_label_positive/73e2ad88415c3cfc41b25a331940e8e00278b72f409cc10879a9b5a7e3a8a902_1_0.pt	11x6	0.029595	179.242661	Fetch flashlight by its body.	29
8775a9be8666e0f0bb69cd825c5a5bcd5aaf77291ef80738362d10f0655f02f1_1_1	8775a9be8666e0f0bb69cd825c5a5bcd5aaf77291ef80738362d10f0655f02f1	1	1	/mnt/data/grasp-anything-lgd/data/processed/grasp-anything-pp/grasp_instructions/grasp_instructions/8775a9be8666e0f0bb69cd825c5a5bcd5aaf77291ef80738362d10f0655f02f1_1_1.pkl	/mnt/data/grasp-anything-lgd/data/processed/grasp-anything-pp/grasp_label_positive/grasp_label_positive/8775a9be8666e0f0bb69cd825c5a5bcd5aaf77291ef80738362d10f0655f02f1_1_1.pt	1x6	0.030066	358.276367	Grip coaster on its material.	29
3e177c724e16ffe4d4bd0cb96372fcd96b6dfb6bd9d2cc67726159a88ca4fda5_0_0	3e177c724e16ffe4d4bd0cb96372fcd96b6dfb6bd9d2cc67726159a88ca4fda5	0	0	/mnt/data/grasp-anything-lgd/data/processed/grasp-anything-pp/grasp_instructions/grasp_instructions/3e177c724e16ffe4d4bd0cb96372fcd96b6dfb6bd9d2cc67726159a88ca4fda5_0_0.pkl	/mnt/data/grasp-anything-lgd/data/processed/grasp-anything-pp/grasp_label_positive/grasp_label_positive/3e177c724e16ffe4d4bd0cb96372fcd96b6dfb6bd9d2cc67726159a88ca4fda5_0_0.pt	4x6	0.01292	249.132812	Take scissors by its cutting blades.	36
51578b386e065156c4bf56482718bf2c430c1c5293881c44ccea8477cea5af45_0_2	51578b386e065156c4bf56482718bf2c430c1c5293881c44ccea8477cea5af45	0	2	/mnt/data/grasp-anything-lgd/data/processed/grasp-anything-pp/grasp_instructions/grasp_instructions/51578b386e065156c4bf56482718bf2c430c1c5293881c44ccea8477cea5af45_0_2.pkl	/mnt/data/grasp-anything-lgd/data/processed/grasp-anything-pp/grasp_label_positive/grasp_label_positive/51578b386e065156c4bf56482718bf2c430c1c5293881c44ccea8477cea5af45_0_2.pt	3x6	0.064113	365.95282	Grasp apple at its seeds.	25
ce43d05bbfcb53106f631ae4793eae6ba18f7c5ebe0cb263ca650409bdec1840_2_1	ce43d05bbfcb53106f631ae4793eae6ba18f7c5ebe0cb263ca650409bdec1840	2	1	/mnt/data/grasp-anything-lgd/data/processed/grasp-anything-pp/grasp_instructions/grasp_instructions/ce43d05bbfcb53106f631ae4793eae6ba18f7c5ebe0cb263ca650409bdec1840_2_1.pkl	/mnt/data/grasp-anything-lgd/data/processed/grasp-anything-pp/grasp_label_positive/grasp_label_positive/ce43d05bbfcb53106f631ae4793eae6ba18f7c5ebe0cb263ca650409bdec1840_2_1.pt	6x6	0.012334	219.878601	Grab book on its pages.	23
e73e1ad13c5f0b8f05e0251a696f816f3acf7351025d66235ee9ed3c45034e36_0_2	e73e1ad13c5f0b8f05e0251a696f816f3acf7351025d66235ee9ed3c45034e36	0	2	/mnt/data/grasp-anything-lgd/data/processed/grasp-anything-pp/grasp_instructions/grasp_instructions/e73e1ad13c5f0b8f05e0251a696f816f3acf7351025d66235ee9ed3c45034e36_0_2.pkl	/mnt/data/grasp-anything-lgd/data/processed/grasp-anything-pp/grasp_label_positive/grasp_label_positive/e73e1ad13c5f0b8f05e0251a696f816f3acf7351025d66235ee9ed3c45034e36_0_2.pt	3x6	0.056462	374.533813	Hold headphones at its connectors.	34
a946341e775eb2841f30e8960c818ee514f160c1770586cd9b8d8879c1d9399e_0_0	a946341e775eb2841f30e8960c818ee514f160c1770586cd9b8d8879c1d9399e	0	0	/mnt/data/grasp-anything-lgd/data/processed/grasp-anything-pp/grasp_instructions/grasp_instructions/a946341e775eb2841f30e8960c818ee514f160c1770586cd9b8d8879c1d9399e_0_0.pkl	/mnt/data/grasp-anything-lgd/data/processed/grasp-anything-pp/grasp_label_positive/grasp_label_positive/a946341e775eb2841f30e8960c818ee514f160c1770586cd9b8d8879c1d9399e_0_0.pt	21x6	0.013203	289.299042	Hold pen at its barrel.	23
5cd39ac4388d512a39389ae23daa7883a37710eb01c021063da6524826d32fe4_0_2	5cd39ac4388d512a39389ae23daa7883a37710eb01c021063da6524826d32fe4	0	2	/mnt/data/grasp-anything-lgd/data/processed/grasp-anything-pp/grasp_instructions/grasp_instructions/5cd39ac4388d512a39389ae23daa7883a37710eb01c021063da6524826d32fe4_0_2.pkl	/mnt/data/grasp-anything-lgd/data/processed/grasp-anything-pp/grasp_label_positive/grasp_label_positive/5cd39ac4388d512a39389ae23daa7883a37710eb01c021063da6524826d32fe4_0_2.pt	4x6	0.061401	202.896317	Hold apple at its seeds.	24
442eff712c1ac70f1e9a0ded30a858efb40bd36b012f2feff8f09f6591ec958e_1_0	442eff712c1ac70f1e9a0ded30a858efb40bd36b012f2feff8f09f6591ec958e	1	0	/mnt/data/grasp-anything-lgd/data/processed/grasp-anything-pp/grasp_instructions/grasp_instructions/442eff712c1ac70f1e9a0ded30a858efb40bd36b012f2feff8f09f6591ec958e_1_0.pkl	/mnt/data/grasp-anything-lgd/data/processed/grasp-anything-pp/grasp_label_positive/grasp_label_positive/442eff712c1ac70f1e9a0ded30a858efb40bd36b012f2feff8f09f6591ec958e_1_0.pt	1x6	0.153678	332.761658	Take hold of spoon on its utensil.	34
f50d66531512baca718ef84af01258d60952ec7f49d21059842e7d603825d25f_0_1	f50d66531512baca718ef84af01258d60952ec7f49d21059842e7d603825d25f	0	1	/mnt/data/grasp-anything-lgd/data/processed/grasp-anything-pp/grasp_instructions/grasp_instructions/f50d66531512baca718ef84af01258d60952ec7f49d21059842e7d603825d25f_0_1.pkl	/mnt/data/grasp-anything-lgd/data/processed/grasp-anything-pp/grasp_label_positive/grasp_label_positive/f50d66531512baca718ef84af01258d60952ec7f49d21059842e7d603825d25f_0_1.pt	4x6	0.013434	380.9711	Pick up pencil by its lead.	27
3de3d562a2b17cea9866a8e82f70e5e59348042c18119adb8d71de3afc81f95e_1_0	3de3d562a2b17cea9866a8e82f70e5e59348042c18119adb8d71de3afc81f95e	1	0	/mnt/data/grasp-anything-lgd/data/processed/grasp-anything-pp/grasp_instructions/grasp_instructions/3de3d562a2b17cea9866a8e82f70e5e59348042c18119adb8d71de3afc81f95e_1_0.pkl	/mnt/data/grasp-anything-lgd/data/processed/grasp-anything-pp/grasp_label_positive/grasp_label_positive/3de3d562a2b17cea9866a8e82f70e5e59348042c18119adb8d71de3afc81f95e_1_0.pt	19x6	0.010633	384.695618	Fetch fork by its tines.	24
94fc4aa6cae009ac816f44a5c69dc90e2a5e7543f5e5628a926c772d65d7f5eb_1_0	94fc4aa6cae009ac816f44a5c69dc90e2a5e7543f5e5628a926c772d65d7f5eb	1	0	/mnt/data/grasp-anything-lgd/data/processed/grasp-anything-pp/grasp_instructions/grasp_instructions/94fc4aa6cae009ac816f44a5c69dc90e2a5e7543f5e5628a926c772d65d7f5eb_1_0.pkl	/mnt/data/grasp-anything-lgd/data/processed/grasp-anything-pp/grasp_label_positive/grasp_label_positive/94fc4aa6cae009ac816f44a5c69dc90e2a5e7543f5e5628a926c772d65d7f5eb_1_0.pt	26x6	0.008042	374.915741	Grip marker on its body.	24
bb8f54ed3d22ddd61b2d1b874e09af9d56aed75cda6c0f1d0cf32618a04dd4ea_2_0	bb8f54ed3d22ddd61b2d1b874e09af9d56aed75cda6c0f1d0cf32618a04dd4ea	2	0	/mnt/data/grasp-anything-lgd/data/processed/grasp-anything-pp/grasp_instructions/grasp_instructions/bb8f54ed3d22ddd61b2d1b874e09af9d56aed75cda6c0f1d0cf32618a04dd4ea_2_0.pkl	/mnt/data/grasp-anything-lgd/data/processed/grasp-anything-pp/grasp_label_positive/grasp_label_positive/bb8f54ed3d22ddd61b2d1b874e09af9d56aed75cda6c0f1d0cf32618a04dd4ea_2_0.pt	13x6	0.017319	375.212952	Lift plant by its leaves.	25
1873b58081f6c59b9c8b13f1677fd0b26592f2636f096ef7868af145191fd1ea_0_1	1873b58081f6c59b9c8b13f1677fd0b26592f2636f096ef7868af145191fd1ea	0	1	/mnt/data/grasp-anything-lgd/data/processed/grasp-anything-pp/grasp_instructions/grasp_instructions/1873b58081f6c59b9c8b13f1677fd0b26592f2636f096ef7868af145191fd1ea_0_1.pkl	/mnt/data/grasp-anything-lgd/data/processed/grasp-anything-pp/grasp_label_positive/grasp_label_positive/1873b58081f6c59b9c8b13f1677fd0b26592f2636f096ef7868af145191fd1ea_0_1.pt	4x6	0.015084	377.929626	Grasp book at its pages.	24
9f260d1a1747985ce2c94121547090919919495124b64d6dbb95db04b12a224f_2_2	9f260d1a1747985ce2c94121547090919919495124b64d6dbb95db04b12a224f	2	2	/mnt/data/grasp-anything-lgd/data/processed/grasp-anything-pp/grasp_instructions/grasp_instructions/9f260d1a1747985ce2c94121547090919919495124b64d6dbb95db04b12a224f_2_2.pkl	/mnt/data/grasp-anything-lgd/data/processed/grasp-anything-pp/grasp_label_positive/grasp_label_positive/9f260d1a1747985ce2c94121547090919919495124b64d6dbb95db04b12a224f_2_2.pt	10x6	0.018878	257.884979	Pick up vase by its shape.	26
df7396ab91d0e804a448ad0400271e506af7867c1d325635fc3822c0ee3c32a1_1_1	df7396ab91d0e804a448ad0400271e506af7867c1d325635fc3822c0ee3c32a1	1	1	/mnt/data/grasp-anything-lgd/data/processed/grasp-anything-pp/grasp_instructions/grasp_instructions/df7396ab91d0e804a448ad0400271e506af7867c1d325635fc3822c0ee3c32a1_1_1.pkl	/mnt/data/grasp-anything-lgd/data/processed/grasp-anything-pp/grasp_label_positive/grasp_label_positive/df7396ab91d0e804a448ad0400271e506af7867c1d325635fc3822c0ee3c32a1_1_1.pt	1x6	0.00886	249.45787	Grip placemat on its size.	26
a3434020ecafc48adef13624172bd5d51e5cfa3b6c0980a033b01fec40c7502d_0_1	a3434020ecafc48adef13624172bd5d51e5cfa3b6c0980a033b01fec40c7502d	0	1	/mnt/data/grasp-anything-lgd/data/processed/grasp-anything-pp/grasp_instructions/grasp_instructions/a3434020ecafc48adef13624172bd5d51e5cfa3b6c0980a033b01fec40c7502d_0_1.pkl	/mnt/data/grasp-anything-lgd/data/processed/grasp-anything-pp/grasp_label_positive/grasp_label_positive/a3434020ecafc48adef13624172bd5d51e5cfa3b6c0980a033b01fec40c7502d_0_1.pt	3x6	0.065681	267.92511	Grip smartphone on its screen.	30
87e19dee9adec576db156e558347e471d2a445d11b8be3e59e22506062e65a0d_0_2	87e19dee9adec576db156e558347e471d2a445d11b8be3e59e22506062e65a0d	0	2	/mnt/data/grasp-anything-lgd/data/processed/grasp-anything-pp/grasp_instructions/grasp_instructions/87e19dee9adec576db156e558347e471d2a445d11b8be3e59e22506062e65a0d_0_2.pkl	/mnt/data/grasp-anything-lgd/data/processed/grasp-anything-pp/grasp_label_positive/grasp_label_positive/87e19dee9adec576db156e558347e471d2a445d11b8be3e59e22506062e65a0d_0_2.pt	4x6	0.011178	385.629181	Lift lime by its seeds.	23
ebeb1116f75639842d41af303798b0a8a0c27b95fbd4cb21d642fa67f483ada3_1_2	ebeb1116f75639842d41af303798b0a8a0c27b95fbd4cb21d642fa67f483ada3	1	2	/mnt/data/grasp-anything-lgd/data/processed/grasp-anything-pp/grasp_instructions/grasp_instructions/ebeb1116f75639842d41af303798b0a8a0c27b95fbd4cb21d642fa67f483ada3_1_2.pkl	/mnt/data/grasp-anything-lgd/data/processed/grasp-anything-pp/grasp_label_positive/grasp_label_positive/ebeb1116f75639842d41af303798b0a8a0c27b95fbd4cb21d642fa67f483ada3_1_2.pt	1x6	1.718098	329.507477	Pick up apple by its seeds.	27
10ff8c0b0f359b797bdaed6f696656e14b4446f8c9807878035e8ae6a3b4280e_2_0	10ff8c0b0f359b797bdaed6f696656e14b4446f8c9807878035e8ae6a3b4280e	2	0	/mnt/data/grasp-anything-lgd/data/processed/grasp-anything-pp/grasp_instructions/grasp_instructions/10ff8c0b0f359b797bdaed6f696656e14b4446f8c9807878035e8ae6a3b4280e_2_0.pkl	/mnt/data/grasp-anything-lgd/data/processed/grasp-anything-pp/grasp_label_positive/grasp_label_positive/10ff8c0b0f359b797bdaed6f696656e14b4446f8c9807878035e8ae6a3b4280e_2_0.pt	2x6	0.025288	379.941833	Fetch book by its cover.	24
183f936b03ae28403709990a85e3bd6986e666773a56063c1a7d857bf463a8fd_2_1	183f936b03ae28403709990a85e3bd6986e666773a56063c1a7d857bf463a8fd	2	1	/mnt/data/grasp-anything-lgd/data/processed/grasp-anything-pp/grasp_instructions/grasp_instructions/183f936b03ae28403709990a85e3bd6986e666773a56063c1a7d857bf463a8fd_2_1.pkl	/mnt/data/grasp-anything-lgd/data/processed/grasp-anything-pp/grasp_label_positive/grasp_label_positive/183f936b03ae28403709990a85e3bd6986e666773a56063c1a7d857bf463a8fd_2_1.pt	17x6	0.009293	374.341614	Grip pen on its ink or lead.	28
23c0de03a67fa5e92e95fbc4faf14c1fdbac1be3e26e3ab8cb72bbc0e00d6cb2_0_3	23c0de03a67fa5e92e95fbc4faf14c1fdbac1be3e26e3ab8cb72bbc0e00d6cb2	0	3	/mnt/data/grasp-anything-lgd/data/processed/grasp-anything-pp/grasp_instructions/grasp_instructions/23c0de03a67fa5e92e95fbc4faf14c1fdbac1be3e26e3ab8cb72bbc0e00d6cb2_0_3.pkl	/mnt/data/grasp-anything-lgd/data/processed/grasp-anything-pp/grasp_label_positive/grasp_label_positive/23c0de03a67fa5e92e95fbc4faf14c1fdbac1be3e26e3ab8cb72bbc0e00d6cb2_0_3.pt	3x6	0.008535	230.336716	Lift apple by its stem.	23
d6ed09354e2126b54facc3cb4bdcd93725f3993dcfde6b176b2799334d233a8a_0_0	d6ed09354e2126b54facc3cb4bdcd93725f3993dcfde6b176b2799334d233a8a	0	0	/mnt/data/grasp-anything-lgd/data/processed/grasp-anything-pp/grasp_instructions/grasp_instructions/d6ed09354e2126b54facc3cb4bdcd93725f3993dcfde6b176b2799334d233a8a_0_0.pkl	/mnt/data/grasp-anything-lgd/data/processed/grasp-anything-pp/grasp_label_positive/grasp_label_positive/d6ed09354e2126b54facc3cb4bdcd93725f3993dcfde6b176b2799334d233a8a_0_0.pt	2x6	0.017058	368.646637	Grasp highlighter at its marker.	32
93ef9a73b16943c6b43db3c32d46c5715ba3e82bb75a1313af05f507153b39db_1_0	93ef9a73b16943c6b43db3c32d46c5715ba3e82bb75a1313af05f507153b39db	1	0	/mnt/data/grasp-anything-lgd/data/processed/grasp-anything-pp/grasp_instructions/grasp_instructions/93ef9a73b16943c6b43db3c32d46c5715ba3e82bb75a1313af05f507153b39db_1_0.pkl	/mnt/data/grasp-anything-lgd/data/processed/grasp-anything-pp/grasp_label_positive/grasp_label_positive/93ef9a73b16943c6b43db3c32d46c5715ba3e82bb75a1313af05f507153b39db_1_0.pt	8x6	0.016641	324.389465	Grab eraser on its rubber or material.	38
dfe09542ab99cf1ac9dd7a301e435ad0b36ab3ff9efd030623581934c8499228_1_2	dfe09542ab99cf1ac9dd7a301e435ad0b36ab3ff9efd030623581934c8499228	1	2	/mnt/data/grasp-anything-lgd/data/processed/grasp-anything-pp/grasp_instructions/grasp_instructions/dfe09542ab99cf1ac9dd7a301e435ad0b36ab3ff9efd030623581934c8499228_1_2.pkl	/mnt/data/grasp-anything-lgd/data/processed/grasp-anything-pp/grasp_label_positive/grasp_label_positive/dfe09542ab99cf1ac9dd7a301e435ad0b36ab3ff9efd030623581934c8499228_1_2.pt	19x6	0.010516	385.278992	Hold fork at its prongs.	24
c86f7b5584eeed9c7361787ee7cdd63372cef97f2e0d601e35dfac4f770eab9d_1_2	c86f7b5584eeed9c7361787ee7cdd63372cef97f2e0d601e35dfac4f770eab9d	1	2	/mnt/data/grasp-anything-lgd/data/processed/grasp-anything-pp/grasp_instructions/grasp_instructions/c86f7b5584eeed9c7361787ee7cdd63372cef97f2e0d601e35dfac4f770eab9d_1_2.pkl	/mnt/data/grasp-anything-lgd/data/processed/grasp-anything-pp/grasp_label_positive/grasp_label_positive/c86f7b5584eeed9c7361787ee7cdd63372cef97f2e0d601e35dfac4f770eab9d_1_2.pt	13x6	0.010802	381.641205	Take hold of fork on its prongs.	32
ce5cd45d4a697910e2ce9cfa040cc5d7e1d39fcd10beed4b5f20441713d6e33d_2_2	ce5cd45d4a697910e2ce9cfa040cc5d7e1d39fcd10beed4b5f20441713d6e33d	2	2	/mnt/data/grasp-anything-lgd/data/processed/grasp-anything-pp/grasp_instructions/grasp_instructions/ce5cd45d4a697910e2ce9cfa040cc5d7e1d39fcd10beed4b5f20441713d6e33d_2_2.pkl	/mnt/data/grasp-anything-lgd/data/processed/grasp-anything-pp/grasp_label_positive/grasp_label_positive/ce5cd45d4a697910e2ce9cfa040cc5d7e1d39fcd10beed4b5f20441713d6e33d_2_2.pt	5x6	0.015088	234.248642	Grab stapler on its base.	25
789584743b14f6f60133ef2433f9506f8f2c5e0530cdf78624dd4b46118ca912_0_0	789584743b14f6f60133ef2433f9506f8f2c5e0530cdf78624dd4b46118ca912	0	0	/mnt/data/grasp-anything-lgd/data/processed/grasp-anything-pp/grasp_instructions/grasp_instructions/789584743b14f6f60133ef2433f9506f8f2c5e0530cdf78624dd4b46118ca912_0_0.pkl	/mnt/data/grasp-anything-lgd/data/processed/grasp-anything-pp/grasp_label_positive/grasp_label_positive/789584743b14f6f60133ef2433f9506f8f2c5e0530cdf78624dd4b46118ca912_0_0.pt	7x6	0.071504	257.874969	Grasp apple at its skin.	24
c9396d91c23ff8a6f82c69fbb70a885ebf3efbf2595d45a6da5efc7e7fe7edb5_0_2	c9396d91c23ff8a6f82c69fbb70a885ebf3efbf2595d45a6da5efc7e7fe7edb5	0	2	/mnt/data/grasp-anything-lgd/data/processed/grasp-anything-pp/grasp_instructions/grasp_instructions/c9396d91c23ff8a6f82c69fbb70a885ebf3efbf2595d45a6da5efc7e7fe7edb5_0_2.pkl	/mnt/data/grasp-anything-lgd/data/processed/grasp-anything-pp/grasp_label_positive/grasp_label_positive/c9396d91c23ff8a6f82c69fbb70a885ebf3efbf2595d45a6da5efc7e7fe7edb5_0_2.pt	15x6	0.04034	231.569809	Grip key on its ring.	21
144426ad567bcabb07081f5f6299c9d5d1be204bf015c8e000e0987c9c61cd35_0_3	144426ad567bcabb07081f5f6299c9d5d1be204bf015c8e000e0987c9c61cd35	0	3	/mnt/data/grasp-anything-lgd/data/processed/grasp-anything-pp/grasp_instructions/grasp_instructions/144426ad567bcabb07081f5f6299c9d5d1be204bf015c8e000e0987c9c61cd35_0_3.pkl	/mnt/data/grasp-anything-lgd/data/processed/grasp-anything-pp/grasp_label_positive/grasp_label_positive/144426ad567bcabb07081f5f6299c9d5d1be204bf015c8e000e0987c9c61cd35_0_3.pt	1x6	-0.004402	190.088348	Pick up apple by its stem.	26
dfc60d058f6a8519e74c4af6f865021f2bb5e9a718176e801ffa0c79ad834cb3_1_2	dfc60d058f6a8519e74c4af6f865021f2bb5e9a718176e801ffa0c79ad834cb3	1	2	/mnt/data/grasp-anything-lgd/data/processed/grasp-anything-pp/grasp_instructions/grasp_instructions/dfc60d058f6a8519e74c4af6f865021f2bb5e9a718176e801ffa0c79ad834cb3_1_2.pkl	/mnt/data/grasp-anything-lgd/data/processed/grasp-anything-pp/grasp_label_positive/grasp_label_positive/dfc60d058f6a8519e74c4af6f865021f2bb5e9a718176e801ffa0c79ad834cb3_1_2.pt	1x6	-0.004686	82.28743	Hold banana at its peel.	24
525bc5936469f8b62b2f19c7de0c8dc5200c575bdf646ea2c7923753eae2842c_0_1	525bc5936469f8b62b2f19c7de0c8dc5200c575bdf646ea2c7923753eae2842c	0	1	/mnt/data/grasp-anything-lgd/data/processed/grasp-anything-pp/grasp_instructions/grasp_instructions/525bc5936469f8b62b2f19c7de0c8dc5200c575bdf646ea2c7923753eae2842c_0_1.pkl	/mnt/data/grasp-anything-lgd/data/processed/grasp-anything-pp/grasp_label_positive/grasp_label_positive/525bc5936469f8b62b2f19c7de0c8dc5200c575bdf646ea2c7923753eae2842c_0_1.pt	13x6	0.033461	299.235992	Grab keychain on its attachments.	33
01c9c74d44789d8a10a938027393432e30cd41d97e69a199fc5bd6ab03d5f626_0_1	01c9c74d44789d8a10a938027393432e30cd41d97e69a199fc5bd6ab03d5f626	0	1	/mnt/data/grasp-anything-lgd/data/processed/grasp-anything-pp/grasp_instructions/grasp_instructions/01c9c74d44789d8a10a938027393432e30cd41d97e69a199fc5bd6ab03d5f626_0_1.pkl	/mnt/data/grasp-anything-lgd/data/processed/grasp-anything-pp/grasp_label_positive/grasp_label_positive/01c9c74d44789d8a10a938027393432e30cd41d97e69a199fc5bd6ab03d5f626_0_1.pt	5x6	0.044202	229.504333	Take hold of apple on its flesh.	32
a946c5d20843b949435b6ad2fcaf983db09806af0bf37475febb28064e53d488_1_0	a946c5d20843b949435b6ad2fcaf983db09806af0bf37475febb28064e53d488	1	0	/mnt/data/grasp-anything-lgd/data/processed/grasp-anything-pp/grasp_instructions/grasp_instructions/a946c5d20843b949435b6ad2fcaf983db09806af0bf37475febb28064e53d488_1_0.pkl	/mnt/data/grasp-anything-lgd/data/processed/grasp-anything-pp/grasp_label_positive/grasp_label_positive/a946c5d20843b949435b6ad2fcaf983db09806af0bf37475febb28064e53d488_1_0.pt	2x6	0.016751	368.839752	Pick up hairbrush by its bristles.	34
5f0d49e3fcd67016eb4e70c31dd24b1952a3bb7149d0e301c99ad77be47f0e35_1_1	5f0d49e3fcd67016eb4e70c31dd24b1952a3bb7149d0e301c99ad77be47f0e35	1	1	/mnt/data/grasp-anything-lgd/data/processed/grasp-anything-pp/grasp_instructions/grasp_instructions/5f0d49e3fcd67016eb4e70c31dd24b1952a3bb7149d0e301c99ad77be47f0e35_1_1.pkl	/mnt/data/grasp-anything-lgd/data/processed/grasp-anything-pp/grasp_label_positive/grasp_label_positive/5f0d49e3fcd67016eb4e70c31dd24b1952a3bb7149d0e301c99ad77be47f0e35_1_1.pt	18x6	0.012833	360.441986	Hold pen at its ink or lead.	28
34f0170b187b104df6f945f7259892b968aaf3d4dfc18d75f44468623d01f4ef_1_2	34f0170b187b104df6f945f7259892b968aaf3d4dfc18d75f44468623d01f4ef	1	2	/mnt/data/grasp-anything-lgd/data/processed/grasp-anything-pp/grasp_instructions/grasp_instructions/34f0170b187b104df6f945f7259892b968aaf3d4dfc18d75f44468623d01f4ef_1_2.pkl	/mnt/data/grasp-anything-lgd/data/processed/grasp-anything-pp/grasp_label_positive/grasp_label_positive/34f0170b187b104df6f945f7259892b968aaf3d4dfc18d75f44468623d01f4ef_1_2.pt	8x6	0.028007	174.74736	Take hold of note on its information.	37
864fe6c31b32a30c35fff40664fe8f447bb490c2fc7ba06aa1c0d71a31535608_0_0	864fe6c31b32a30c35fff40664fe8f447bb490c2fc7ba06aa1c0d71a31535608	0	0	/mnt/data/grasp-anything-lgd/data/processed/grasp-anything-pp/grasp_instructions/grasp_instructions/864fe6c31b32a30c35fff40664fe8f447bb490c2fc7ba06aa1c0d71a31535608_0_0.pkl	/mnt/data/grasp-anything-lgd/data/processed/grasp-anything-pp/grasp_label_positive/grasp_label_positive/864fe6c31b32a30c35fff40664fe8f447bb490c2fc7ba06aa1c0d71a31535608_0_0.pt	1x6	0.006311	360.544159	Hold walnut at its nut.	23
d8b1226bb951c90cf0e50a0487dc5ce4f404d5d83b611a7ad15042199b033f81_1_1	d8b1226bb951c90cf0e50a0487dc5ce4f404d5d83b611a7ad15042199b033f81	1	1	/mnt/data/grasp-anything-lgd/data/processed/grasp-anything-pp/grasp_instructions/grasp_instructions/d8b1226bb951c90cf0e50a0487dc5ce4f404d5d83b611a7ad15042199b033f81_1_1.pkl	/mnt/data/grasp-anything-lgd/data/processed/grasp-anything-pp/grasp_label_positive/grasp_label_positive/d8b1226bb951c90cf0e50a0487dc5ce4f404d5d83b611a7ad15042199b033f81_1_1.pt	1x6	0.109552	0.97258	Fetch notebook by its pages.	28
c485fa0040c57a30129aadbd9e1286131f1c7cd5971be2e101aac82ed9311a67_1_2	c485fa0040c57a30129aadbd9e1286131f1c7cd5971be2e101aac82ed9311a67	1	2	/mnt/data/grasp-anything-lgd/data/processed/grasp-anything-pp/grasp_instructions/grasp_instructions/c485fa0040c57a30129aadbd9e1286131f1c7cd5971be2e101aac82ed9311a67_1_2.pkl	/mnt/data/grasp-anything-lgd/data/processed/grasp-anything-pp/grasp_label_positive/grasp_label_positive/c485fa0040c57a30129aadbd9e1286131f1c7cd5971be2e101aac82ed9311a67_1_2.pt	5x6	0.056276	364.886597	Grasp lemon at its seeds.	25
37bf4d8c57e9fce9edba5c247d6da8a540823c9437411160b71100ec8b7823c6_0_1	37bf4d8c57e9fce9edba5c247d6da8a540823c9437411160b71100ec8b7823c6	0	1	/mnt/data/grasp-anything-lgd/data/processed/grasp-anything-pp/grasp_instructions/grasp_instructions/37bf4d8c57e9fce9edba5c247d6da8a540823c9437411160b71100ec8b7823c6_0_1.pkl	/mnt/data/grasp-anything-lgd/data/processed/grasp-anything-pp/grasp_label_positive/grasp_label_positive/37bf4d8c57e9fce9edba5c247d6da8a540823c9437411160b71100ec8b7823c6_0_1.pt	2x6	0.031095	292.831787	Hold rubber at its eraser.	26
92ab9192d596b42c1d13155c6ae47c5dfc5a2b47975ee4663921cf9ed0cf16a3_1_2	92ab9192d596b42c1d13155c6ae47c5dfc5a2b47975ee4663921cf9ed0cf16a3	1	2	/mnt/data/grasp-anything-lgd/data/processed/grasp-anything-pp/grasp_instructions/grasp_instructions/92ab9192d596b42c1d13155c6ae47c5dfc5a2b47975ee4663921cf9ed0cf16a3_1_2.pkl	/mnt/data/grasp-anything-lgd/data/processed/grasp-anything-pp/grasp_label_positive/grasp_label_positive/92ab9192d596b42c1d13155c6ae47c5dfc5a2b47975ee4663921cf9ed0cf16a3_1_2.pt	1x6	-0.005332	176.267242	Take hold of banana on its peel.	32
5fb1427c78a22c709a967ffe66bbfa6566344a267d22645fe7a7714b36bd6366_0_2	5fb1427c78a22c709a967ffe66bbfa6566344a267d22645fe7a7714b36bd6366	0	2	/mnt/data/grasp-anything-lgd/data/processed/grasp-anything-pp/grasp_instructions/grasp_instructions/5fb1427c78a22c709a967ffe66bbfa6566344a267d22645fe7a7714b36bd6366_0_2.pkl	/mnt/data/grasp-anything-lgd/data/processed/grasp-anything-pp/grasp_label_positive/grasp_label_positive/5fb1427c78a22c709a967ffe66bbfa6566344a267d22645fe7a7714b36bd6366_0_2.pt	8x6	0.027033	379.068359	Take hold of stapler on its base.	33
9dde2b98341ade5247c0a694e0101e0c5cd4a6c61430e3a2839d0081415fe429_0_0	9dde2b98341ade5247c0a694e0101e0c5cd4a6c61430e3a2839d0081415fe429	0	0	/mnt/data/grasp-anything-lgd/data/processed/grasp-anything-pp/grasp_instructions/grasp_instructions/9dde2b98341ade5247c0a694e0101e0c5cd4a6c61430e3a2839d0081415fe429_0_0.pkl	/mnt/data/grasp-anything-lgd/data/processed/grasp-anything-pp/grasp_label_positive/grasp_label_positive/9dde2b98341ade5247c0a694e0101e0c5cd4a6c61430e3a2839d0081415fe429_0_0.pt	6x6	0.099419	356.654633	Pick up duck by its feathers.	29
acc5db150d35f58ad818a447f3d9a710fb9a7f4990b68e283c24511d9f8e70fe_0_0	acc5db150d35f58ad818a447f3d9a710fb9a7f4990b68e283c24511d9f8e70fe	0	0	/mnt/data/grasp-anything-lgd/data/processed/grasp-anything-pp/grasp_instructions/grasp_instructions/acc5db150d35f58ad818a447f3d9a710fb9a7f4990b68e283c24511d9f8e70fe_0_0.pkl	/mnt/data/grasp-anything-lgd/data/processed/grasp-anything-pp/grasp_label_positive/grasp_label_positive/acc5db150d35f58ad818a447f3d9a710fb9a7f4990b68e283c24511d9f8e70fe_0_0.pt	5x6	0.035357	327.027954	Lift highlighter by its marker.	31
b76b4ee2cb523d415de14d3e285532c2de5335d3c23edaac16628607e31b1dde_1_2	b76b4ee2cb523d415de14d3e285532c2de5335d3c23edaac16628607e31b1dde	1	2	/mnt/data/grasp-anything-lgd/data/processed/grasp-anything-pp/grasp_instructions/grasp_instructions/b76b4ee2cb523d415de14d3e285532c2de5335d3c23edaac16628607e31b1dde_1_2.pkl	/mnt/data/grasp-anything-lgd/data/processed/grasp-anything-pp/grasp_label_positive/grasp_label_positive/b76b4ee2cb523d415de14d3e285532c2de5335d3c23edaac16628607e31b1dde_1_2.pt	1x6	0.0425	377.113647	Take toothbrush by its handle.	30
c964b4dfac91465dd83cb5e2876509918501638acbd644146e8cae125c4ddae2_1_0	c964b4dfac91465dd83cb5e2876509918501638acbd644146e8cae125c4ddae2	1	0	/mnt/data/grasp-anything-lgd/data/processed/grasp-anything-pp/grasp_instructions/grasp_instructions/c964b4dfac91465dd83cb5e2876509918501638acbd644146e8cae125c4ddae2_1_0.pkl	/mnt/data/grasp-anything-lgd/data/processed/grasp-anything-pp/grasp_label_positive/grasp_label_positive/c964b4dfac91465dd83cb5e2876509918501638acbd644146e8cae125c4ddae2_1_0.pt	15x6	0.026839	199.231903	Take hold of key on its metal or plastic.	41
228269751fe93f6c3bdcd2ab3baed89367770c829d3bb2676f317bd654e637a4_0_2	228269751fe93f6c3bdcd2ab3baed89367770c829d3bb2676f317bd654e637a4	0	2	/mnt/data/grasp-anything-lgd/data/processed/grasp-anything-pp/grasp_instructions/grasp_instructions/228269751fe93f6c3bdcd2ab3baed89367770c829d3bb2676f317bd654e637a4_0_2.pkl	/mnt/data/grasp-anything-lgd/data/processed/grasp-anything-pp/grasp_label_positive/grasp_label_positive/228269751fe93f6c3bdcd2ab3baed89367770c829d3bb2676f317bd654e637a4_0_2.pt	1x6	0.0	150.591843	Fetch banana by its peel.	25
4b38685390067508e8f97f12db436f5d08dbfde52b454cf6254b85640b6f5a1f_1_0	4b38685390067508e8f97f12db436f5d08dbfde52b454cf6254b85640b6f5a1f	1	0	/mnt/data/grasp-anything-lgd/data/processed/grasp-anything-pp/grasp_instructions/grasp_instructions/4b38685390067508e8f97f12db436f5d08dbfde52b454cf6254b85640b6f5a1f_1_0.pkl	/mnt/data/grasp-anything-lgd/data/processed/grasp-anything-pp/grasp_label_positive/grasp_label_positive/4b38685390067508e8f97f12db436f5d08dbfde52b454cf6254b85640b6f5a1f_1_0.pt	3x6	0.02877	341.102539	Grab wallet on its money holder.	32
56dbefc3b678be0f71b3d2edf12059674568161d5b7f5c25b44abf433dcefaef_0_1	56dbefc3b678be0f71b3d2edf12059674568161d5b7f5c25b44abf433dcefaef	0	1	/mnt/data/grasp-anything-lgd/data/processed/grasp-anything-pp/grasp_instructions/grasp_instructions/56dbefc3b678be0f71b3d2edf12059674568161d5b7f5c25b44abf433dcefaef_0_1.pkl	/mnt/data/grasp-anything-lgd/data/processed/grasp-anything-pp/grasp_label_positive/grasp_label_positive/56dbefc3b678be0f71b3d2edf12059674568161d5b7f5c25b44abf433dcefaef_0_1.pt	1x6	0.759766	270.285583	Fetch lemon by its flesh.	25
37168002e90cfcafff040345f9837545e69401a53d87e4ddd3cbcb7d52753d1a_1_2	37168002e90cfcafff040345f9837545e69401a53d87e4ddd3cbcb7d52753d1a	1	2	/mnt/data/grasp-anything-lgd/data/processed/grasp-anything-pp/grasp_instructions/grasp_instructions/37168002e90cfcafff040345f9837545e69401a53d87e4ddd3cbcb7d52753d1a_1_2.pkl	/mnt/data/grasp-anything-lgd/data/processed/grasp-anything-pp/grasp_label_positive/grasp_label_positive/37168002e90cfcafff040345f9837545e69401a53d87e4ddd3cbcb7d52753d1a_1_2.pt	2x6	0.127882	232.775574	Lift spoon by its handle.	25
4b346cafa9e8447996e5be32546339cbe51cffde351783202dc608fd3540a50a_1_1	4b346cafa9e8447996e5be32546339cbe51cffde351783202dc608fd3540a50a	1	1	/mnt/data/grasp-anything-lgd/data/processed/grasp-anything-pp/grasp_instructions/grasp_instructions/4b346cafa9e8447996e5be32546339cbe51cffde351783202dc608fd3540a50a_1_1.pkl	/mnt/data/grasp-anything-lgd/data/processed/grasp-anything-pp/grasp_label_positive/grasp_label_positive/4b346cafa9e8447996e5be32546339cbe51cffde351783202dc608fd3540a50a_1_1.pt	4x6	0.031704	353.390198	Grasp wallet at its compartments.	33
be87bfd95d88387795a1bb27147bb68dee0233464b0cf0ff8ceb4e15e40fd260_1_2	be87bfd95d88387795a1bb27147bb68dee0233464b0cf0ff8ceb4e15e40fd260	1	2	/mnt/data/grasp-anything-lgd/data/processed/grasp-anything-pp/grasp_instructions/grasp_instructions/be87bfd95d88387795a1bb27147bb68dee0233464b0cf0ff8ceb4e15e40fd260_1_2.pkl	/mnt/data/grasp-anything-lgd/data/processed/grasp-anything-pp/grasp_label_positive/grasp_label_positive/be87bfd95d88387795a1bb27147bb68dee0233464b0cf0ff8ceb4e15e40fd260_1_2.pt	7x6	0.010718	260.36203	Hold pepper at its shaker or container.	39
95fd17364651d5cc2fe7b7d41fcb68c4b9de3ac4d3c85c345c9f2a9a3cb37229_0_0	95fd17364651d5cc2fe7b7d41fcb68c4b9de3ac4d3c85c345c9f2a9a3cb37229	0	0	/mnt/data/grasp-anything-lgd/data/processed/grasp-anything-pp/grasp_instructions/grasp_instructions/95fd17364651d5cc2fe7b7d41fcb68c4b9de3ac4d3c85c345c9f2a9a3cb37229_0_0.pkl	/mnt/data/grasp-anything-lgd/data/processed/grasp-anything-pp/grasp_label_positive/grasp_label_positive/95fd17364651d5cc2fe7b7d41fcb68c4b9de3ac4d3c85c345c9f2a9a3cb37229_0_0.pt	3x6	0.075382	234.100311	Grasp cup at its rim.	21
aca024b8b18697c4a1a4d2562bc8dd331a861342f9b8c997d5bf37d148e651b5_1_2	aca024b8b18697c4a1a4d2562bc8dd331a861342f9b8c997d5bf37d148e651b5	1	2	/mnt/data/grasp-anything-lgd/data/processed/grasp-anything-pp/grasp_instructions/grasp_instructions/aca024b8b18697c4a1a4d2562bc8dd331a861342f9b8c997d5bf37d148e651b5_1_2.pkl	/mnt/data/grasp-anything-lgd/data/processed/grasp-anything-pp/grasp_label_positive/grasp_label_positive/aca024b8b18697c4a1a4d2562bc8dd331a861342f9b8c997d5bf37d148e651b5_1_2.pt	7x6	0.017347	226.132507	Take hold of highlighter on its cap.	36
2daf3148ca32515e8490c85ac69f2d67b73769e871d5ad29de5840e0f43a51a5_2_1	2daf3148ca32515e8490c85ac69f2d67b73769e871d5ad29de5840e0f43a51a5	2	1	/mnt/data/grasp-anything-lgd/data/processed/grasp-anything-pp/grasp_instructions/grasp_instructions/2daf3148ca32515e8490c85ac69f2d67b73769e871d5ad29de5840e0f43a51a5_2_1.pkl	/mnt/data/grasp-anything-lgd/data/processed/grasp-anything-pp/grasp_label_positive/grasp_label_positive/2daf3148ca32515e8490c85ac69f2d67b73769e871d5ad29de5840e0f43a51a5_2_1.pt	1x6	-0.003262	173.6651	Grab notebook on its pages.	27
444b4028cf2e9660b45f181d845b3d18287c9b730d483addd50088a6e931260b_0_1	444b4028cf2e9660b45f181d845b3d18287c9b730d483addd50088a6e931260b	0	1	/mnt/data/grasp-anything-lgd/data/processed/grasp-anything-pp/grasp_instructions/grasp_instructions/444b4028cf2e9660b45f181d845b3d18287c9b730d483addd50088a6e931260b_0_1.pkl	/mnt/data/grasp-anything-lgd/data/processed/grasp-anything-pp/grasp_label_positive/grasp_label_positive/444b4028cf2e9660b45f181d845b3d18287c9b730d483addd50088a6e931260b_0_1.pt	5x6	0.0211	242.566254	Fetch hairbrush by its handle.	30
a50c510a4e45dc8ca713b2460ae1ad7222570585c7d6708f6d7c688097678a84_1_3	a50c510a4e45dc8ca713b2460ae1ad7222570585c7d6708f6d7c688097678a84	1	3	/mnt/data/grasp-anything-lgd/data/processed/grasp-anything-pp/grasp_instructions/grasp_instructions/a50c510a4e45dc8ca713b2460ae1ad7222570585c7d6708f6d7c688097678a84_1_3.pkl	/mnt/data/grasp-anything-lgd/data/processed/grasp-anything-pp/grasp_label_positive/grasp_label_positive/a50c510a4e45dc8ca713b2460ae1ad7222570585c7d6708f6d7c688097678a84_1_3.pt	2x6	0.040255	334.63913	Hold apple at its stem.	23
99cba35d76a140821f3704ae63d2484651e27649d316d475778362b41e560bd0_0_1	99cba35d76a140821f3704ae63d2484651e27649d316d475778362b41e560bd0	0	1	/mnt/data/grasp-anything-lgd/data/processed/grasp-anything-pp/grasp_instructions/grasp_instructions/99cba35d76a140821f3704ae63d2484651e27649d316d475778362b41e560bd0_0_1.pkl	/mnt/data/grasp-anything-lgd/data/processed/grasp-anything-pp/grasp_label_positive/grasp_label_positive/99cba35d76a140821f3704ae63d2484651e27649d316d475778362b41e560bd0_0_1.pt	3x6	0.045513	243.452301	Hold eraser at its shape.	25
539c0d2174da8cbe9b990013faeb15bac1535f47a0066753f9b975800e628c04_0_1	539c0d2174da8cbe9b990013faeb15bac1535f47a0066753f9b975800e628c04	0	1	/mnt/data/grasp-anything-lgd/data/processed/grasp-anything-pp/grasp_instructions/grasp_instructions/539c0d2174da8cbe9b990013faeb15bac1535f47a0066753f9b975800e628c04_0_1.pkl	/mnt/data/grasp-anything-lgd/data/processed/grasp-anything-pp/grasp_label_positive/grasp_label_positive/539c0d2174da8cbe9b990013faeb15bac1535f47a0066753f9b975800e628c04_0_1.pt	2x6	0.007602	309.322235	Pick up smartphone by its screen.	33
15fdc33387b15c65d7a20aeaaf73fd60a83a27c3080d2106cd22b39740035c07_0_1	15fdc33387b15c65d7a20aeaaf73fd60a83a27c3080d2106cd22b39740035c07	0	1	/mnt/data/grasp-anything-lgd/data/processed/grasp-anything-pp/grasp_instructions/grasp_instructions/15fdc33387b15c65d7a20aeaaf73fd60a83a27c3080d2106cd22b39740035c07_0_1.pkl	/mnt/data/grasp-anything-lgd/data/processed/grasp-anything-pp/grasp_label_positive/grasp_label_positive/15fdc33387b15c65d7a20aeaaf73fd60a83a27c3080d2106cd22b39740035c07_0_1.pt	1x6	0.008466	306.912231	Grab spoon on its bowl-shaped.	30
34ead6b9ce318f146df072fe3307b190e2cb05e039977f91bf1d164469062cb3_1_0	34ead6b9ce318f146df072fe3307b190e2cb05e039977f91bf1d164469062cb3	1	0	/mnt/data/grasp-anything-lgd/data/processed/grasp-anything-pp/grasp_instructions/grasp_instructions/34ead6b9ce318f146df072fe3307b190e2cb05e039977f91bf1d164469062cb3_1_0.pkl	/mnt/data/grasp-anything-lgd/data/processed/grasp-anything-pp/grasp_label_positive/grasp_label_positive/34ead6b9ce318f146df072fe3307b190e2cb05e039977f91bf1d164469062cb3_1_0.pt	5x6	0.016386	371.061005	Hold banana at its skin.	24
a0025c1b1bc791e755bdd9b7d2c7b9f4f2cbf6644920451b979b00c02bf54da7_1_0	a0025c1b1bc791e755bdd9b7d2c7b9f4f2cbf6644920451b979b00c02bf54da7	1	0	/mnt/data/grasp-anything-lgd/data/processed/grasp-anything-pp/grasp_instructions/grasp_instructions/a0025c1b1bc791e755bdd9b7d2c7b9f4f2cbf6644920451b979b00c02bf54da7_1_0.pkl	/mnt/data/grasp-anything-lgd/data/processed/grasp-anything-pp/grasp_label_positive/grasp_label_positive/a0025c1b1bc791e755bdd9b7d2c7b9f4f2cbf6644920451b979b00c02bf54da7_1_0.pt	9x6	0.007707	353.990295	Take hold of pen on its barrel.	31
02266f3050758178c55ef2fdab93420efd2aee0bbd68ead1d2b43e2f1a11bcca_1_0	02266f3050758178c55ef2fdab93420efd2aee0bbd68ead1d2b43e2f1a11bcca	1	0	/mnt/data/grasp-anything-lgd/data/processed/grasp-anything-pp/grasp_instructions/grasp_instructions/02266f3050758178c55ef2fdab93420efd2aee0bbd68ead1d2b43e2f1a11bcca_1_0.pkl	/mnt/data/grasp-anything-lgd/data/processed/grasp-anything-pp/grasp_label_positive/grasp_label_positive/02266f3050758178c55ef2fdab93420efd2aee0bbd68ead1d2b43e2f1a11bcca_1_0.pt	15x6	0.011874	289.564331	Pick up eraser by its rubber or material.	41
d0dfb20b7fe5c6b6086bea286469d4e2caae18a47bbdde056c0ebbb5fff10734_0_0	d0dfb20b7fe5c6b6086bea286469d4e2caae18a47bbdde056c0ebbb5fff10734	0	0	/mnt/data/grasp-anything-lgd/data/processed/grasp-anything-pp/grasp_instructions/grasp_instructions/d0dfb20b7fe5c6b6086bea286469d4e2caae18a47bbdde056c0ebbb5fff10734_0_0.pkl	/mnt/data/grasp-anything-lgd/data/processed/grasp-anything-pp/grasp_label_positive/grasp_label_positive/d0dfb20b7fe5c6b6086bea286469d4e2caae18a47bbdde056c0ebbb5fff10734_0_0.pt	7x6	0.015101	272.5224	Take hold of banana on its skin.	32
90926b0d4aee746184e5c7e4018dd6f07512226dd32ecce9b05802b526a014fa_1_1	90926b0d4aee746184e5c7e4018dd6f07512226dd32ecce9b05802b526a014fa	1	1	/mnt/data/grasp-anything-lgd/data/processed/grasp-anything-pp/grasp_instructions/grasp_instructions/90926b0d4aee746184e5c7e4018dd6f07512226dd32ecce9b05802b526a014fa_1_1.pkl	/mnt/data/grasp-anything-lgd/data/processed/grasp-anything-pp/grasp_label_positive/grasp_label_positive/90926b0d4aee746184e5c7e4018dd6f07512226dd32ecce9b05802b526a014fa_1_1.pt	9x6	0.049816	262.264862	Grab band on its size.	22
7dfd43ec0c232038c6a56ca64505177ebe1141afefe21b8c5aed68eadeb0aa74_2_1	7dfd43ec0c232038c6a56ca64505177ebe1141afefe21b8c5aed68eadeb0aa74	2	1	/mnt/data/grasp-anything-lgd/data/processed/grasp-anything-pp/grasp_instructions/grasp_instructions/7dfd43ec0c232038c6a56ca64505177ebe1141afefe21b8c5aed68eadeb0aa74_2_1.pkl	/mnt/data/grasp-anything-lgd/data/processed/grasp-anything-pp/grasp_label_positive/grasp_label_positive/7dfd43ec0c232038c6a56ca64505177ebe1141afefe21b8c5aed68eadeb0aa74_2_1.pt	3x6	0.005723	355.861725	Grip mug on its rim.	20
8f6468c76fbde42c177d55f43c9dd2ac43a7bda67acbaca47b2810ecd499d604_0_2	8f6468c76fbde42c177d55f43c9dd2ac43a7bda67acbaca47b2810ecd499d604	0	2	/mnt/data/grasp-anything-lgd/data/processed/grasp-anything-pp/grasp_instructions/grasp_instructions/8f6468c76fbde42c177d55f43c9dd2ac43a7bda67acbaca47b2810ecd499d604_0_2.pkl	/mnt/data/grasp-anything-lgd/data/processed/grasp-anything-pp/grasp_label_positive/grasp_label_positive/8f6468c76fbde42c177d55f43c9dd2ac43a7bda67acbaca47b2810ecd499d604_0_2.pt	2x6	0.042027	231.321686	Hold spoon at its handle.	25
2e8157f3d55ba17ca4ba48fe017dce55a316d824789c32440664a2dc727d8412_0_3	2e8157f3d55ba17ca4ba48fe017dce55a316d824789c32440664a2dc727d8412	0	3	/mnt/data/grasp-anything-lgd/data/processed/grasp-anything-pp/grasp_instructions/grasp_instructions/2e8157f3d55ba17ca4ba48fe017dce55a316d824789c32440664a2dc727d8412_0_3.pkl	/mnt/data/grasp-anything-lgd/data/processed/grasp-anything-pp/grasp_label_positive/grasp_label_positive/2e8157f3d55ba17ca4ba48fe017dce55a316d824789c32440664a2dc727d8412_0_3.pt	8x6	0.093479	229.953278	Fetch apple by its stem.	24
bfcd8a84cd2c3e559eb6e1590a587e90c5112aca84e87ae78af1b80be4fe593f_1_0	bfcd8a84cd2c3e559eb6e1590a587e90c5112aca84e87ae78af1b80be4fe593f	1	0	/mnt/data/grasp-anything-lgd/data/processed/grasp-anything-pp/grasp_instructions/grasp_instructions/bfcd8a84cd2c3e559eb6e1590a587e90c5112aca84e87ae78af1b80be4fe593f_1_0.pkl	/mnt/data/grasp-anything-lgd/data/processed/grasp-anything-pp/grasp_label_positive/grasp_label_positive/bfcd8a84cd2c3e559eb6e1590a587e90c5112aca84e87ae78af1b80be4fe593f_1_0.pt	1x6	0.056048	244.803192	Take toothbrush by its oral care tool.	38
c4ee519091524ae443fd46556809446384a8d406acbe9e60a0055b96e53b6bd5_0_0	c4ee519091524ae443fd46556809446384a8d406acbe9e60a0055b96e53b6bd5	0	0	/mnt/data/grasp-anything-lgd/data/processed/grasp-anything-pp/grasp_instructions/grasp_instructions/c4ee519091524ae443fd46556809446384a8d406acbe9e60a0055b96e53b6bd5_0_0.pkl	/mnt/data/grasp-anything-lgd/data/processed/grasp-anything-pp/grasp_label_positive/grasp_label_positive/c4ee519091524ae443fd46556809446384a8d406acbe9e60a0055b96e53b6bd5_0_0.pt	11x6	0.060402	229.14653	Grab ball on its round shape.	29
6c859ec6199025319324599c8116a74d7de1c52de1ad161f2ad59fdd72f59aa8_3_0	6c859ec6199025319324599c8116a74d7de1c52de1ad161f2ad59fdd72f59aa8	3	0	/mnt/data/grasp-anything-lgd/data/processed/grasp-anything-pp/grasp_instructions/grasp_instructions/6c859ec6199025319324599c8116a74d7de1c52de1ad161f2ad59fdd72f59aa8_3_0.pkl	/mnt/data/grasp-anything-lgd/data/processed/grasp-anything-pp/grasp_label_positive/grasp_label_positive/6c859ec6199025319324599c8116a74d7de1c52de1ad161f2ad59fdd72f59aa8_3_0.pt	4x6	0.019599	196.06105	Grasp fork at its tines.	24
c6c0f5cc7ec15c3e4e18173e76f5e278f1874e8e487838fe6446c8936cecb486_2_0	c6c0f5cc7ec15c3e4e18173e76f5e278f1874e8e487838fe6446c8936cecb486	2	0	/mnt/data/grasp-anything-lgd/data/processed/grasp-anything-pp/grasp_instructions/grasp_instructions/c6c0f5cc7ec15c3e4e18173e76f5e278f1874e8e487838fe6446c8936cecb486_2_0.pkl	/mnt/data/grasp-anything-lgd/data/processed/grasp-anything-pp/grasp_label_positive/grasp_label_positive/c6c0f5cc7ec15c3e4e18173e76f5e278f1874e8e487838fe6446c8936cecb486_2_0.pt	12x6	0.029386	301.615448	Grasp key at its metal or plastic.	34
da9120cd60106e14b7f4b913dfa518ecf4bceeb2e859bc97f2a927d218e1c26e_1_0	da9120cd60106e14b7f4b913dfa518ecf4bceeb2e859bc97f2a927d218e1c26e	1	0	/mnt/data/grasp-anything-lgd/data/processed/grasp-anything-pp/grasp_instructions/grasp_instructions/da9120cd60106e14b7f4b913dfa518ecf4bceeb2e859bc97f2a927d218e1c26e_1_0.pkl	/mnt/data/grasp-anything-lgd/data/processed/grasp-anything-pp/grasp_label_positive/grasp_label_positive/da9120cd60106e14b7f4b913dfa518ecf4bceeb2e859bc97f2a927d218e1c26e_1_0.pt	12x6	0.01299	334.946564	Fetch keychain by its ring.	27
944f961aad700765d4485027c002e51708ddd5d4a44a2d9b6e575c7bb093a50f_1_0	944f961aad700765d4485027c002e51708ddd5d4a44a2d9b6e575c7bb093a50f	1	0	/mnt/data/grasp-anything-lgd/data/processed/grasp-anything-pp/grasp_instructions/grasp_instructions/944f961aad700765d4485027c002e51708ddd5d4a44a2d9b6e575c7bb093a50f_1_0.pkl	/mnt/data/grasp-anything-lgd/data/processed/grasp-anything-pp/grasp_label_positive/grasp_label_positive/944f961aad700765d4485027c002e51708ddd5d4a44a2d9b6e575c7bb093a50f_1_0.pt	3x6	0.053001	340.360992	Take note by its paper.	23
97ea33826a683d4d91d362819312e349015c8edcb61243c8a76dcaa40c3768fc_0_1	97ea33826a683d4d91d362819312e349015c8edcb61243c8a76dcaa40c3768fc	0	1	/mnt/data/grasp-anything-lgd/data/processed/grasp-anything-pp/grasp_instructions/grasp_instructions/97ea33826a683d4d91d362819312e349015c8edcb61243c8a76dcaa40c3768fc_0_1.pkl	/mnt/data/grasp-anything-lgd/data/processed/grasp-anything-pp/grasp_label_positive/grasp_label_positive/97ea33826a683d4d91d362819312e349015c8edcb61243c8a76dcaa40c3768fc_0_1.pt	10x6	0.106634	263.009216	Grab apple on its flesh.	24
6d427ba9e755c8e01755a6add4c499c2798b861fa2e30bbc6ca5b3ce580940f5_0_2	6d427ba9e755c8e01755a6add4c499c2798b861fa2e30bbc6ca5b3ce580940f5	0	2	/mnt/data/grasp-anything-lgd/data/processed/grasp-anything-pp/grasp_instructions/grasp_instructions/6d427ba9e755c8e01755a6add4c499c2798b861fa2e30bbc6ca5b3ce580940f5_0_2.pkl	/mnt/data/grasp-anything-lgd/data/processed/grasp-anything-pp/grasp_label_positive/grasp_label_positive/6d427ba9e755c8e01755a6add4c499c2798b861fa2e30bbc6ca5b3ce580940f5_0_2.pt	6x6	0.164537	233.783066	Pick up pen by its cap.	23
956c3f8ca9899fcb5e7d39a1ec9674ac3becb19ec22617959ba405c5397d0fc6_0_0	956c3f8ca9899fcb5e7d39a1ec9674ac3becb19ec22617959ba405c5397d0fc6	0	0	/mnt/data/grasp-anything-lgd/data/processed/grasp-anything-pp/grasp_instructions/grasp_instructions/956c3f8ca9899fcb5e7d39a1ec9674ac3becb19ec22617959ba405c5397d0fc6_0_0.pkl	/mnt/data/grasp-anything-lgd/data/processed/grasp-anything-pp/grasp_label_positive/grasp_label_positive/956c3f8ca9899fcb5e7d39a1ec9674ac3becb19ec22617959ba405c5397d0fc6_0_0.pt	15x6	0.020756	266.833099	Grasp marker at its body.	25
eb36a87ecc44cb611c7e24d9088684f2f4d220a2f5f5ccda51297b2fee4be79c_1_2	eb36a87ecc44cb611c7e24d9088684f2f4d220a2f5f5ccda51297b2fee4be79c	1	2	/mnt/data/grasp-anything-lgd/data/processed/grasp-anything-pp/grasp_instructions/grasp_instructions/eb36a87ecc44cb611c7e24d9088684f2f4d220a2f5f5ccda51297b2fee4be79c_1_2.pkl	/mnt/data/grasp-anything-lgd/data/processed/grasp-anything-pp/grasp_label_positive/grasp_label_positive/eb36a87ecc44cb611c7e24d9088684f2f4d220a2f5f5ccda51297b2fee4be79c_1_2.pt	4x6	0.077572	232.334747	Grab highlighter on its cap.	28
0d21381371bc71fbb2d5af9f765b645bfa426fe291b007fd72e46c90a94816d5_0_1	0d21381371bc71fbb2d5af9f765b645bfa426fe291b007fd72e46c90a94816d5	0	1	/mnt/data/grasp-anything-lgd/data/processed/grasp-anything-pp/grasp_instructions/grasp_instructions/0d21381371bc71fbb2d5af9f765b645bfa426fe291b007fd72e46c90a94816d5_0_1.pkl	/mnt/data/grasp-anything-lgd/data/processed/grasp-anything-pp/grasp_label_positive/grasp_label_positive/0d21381371bc71fbb2d5af9f765b645bfa426fe291b007fd72e46c90a94816d5_0_1.pt	1x6	0.044451	307.276794	Grip lemon on its flesh.	24
5c754ef9e2485221dbeb4c3287fe4542b6664e2692dc96d5e8acd290f86575db_1_0	5c754ef9e2485221dbeb4c3287fe4542b6664e2692dc96d5e8acd290f86575db	1	0	/mnt/data/grasp-anything-lgd/data/processed/grasp-anything-pp/grasp_instructions/grasp_instructions/5c754ef9e2485221dbeb4c3287fe4542b6664e2692dc96d5e8acd290f86575db_1_0.pkl	/mnt/data/grasp-anything-lgd/data/processed/grasp-anything-pp/grasp_label_positive/grasp_label_positive/5c754ef9e2485221dbeb4c3287fe4542b6664e2692dc96d5e8acd290f86575db_1_0.pt	1x6	0.015032	364.820496	Take hold of highlighter on its marker.	39
ff584b8d541fc9b071bb31b2532e97f76611b7feecff4e1630f7eff08d930ae7_2_0	ff584b8d541fc9b071bb31b2532e97f76611b7feecff4e1630f7eff08d930ae7	2	0	/mnt/data/grasp-anything-lgd/data/processed/grasp-anything-pp/grasp_instructions/grasp_instructions/ff584b8d541fc9b071bb31b2532e97f76611b7feecff4e1630f7eff08d930ae7_2_0.pkl	/mnt/data/grasp-anything-lgd/data/processed/grasp-anything-pp/grasp_label_positive/grasp_label_positive/ff584b8d541fc9b071bb31b2532e97f76611b7feecff4e1630f7eff08d930ae7_2_0.pt	6x6	0.003204	300.954681	Fetch cup by its rim.	21
8681f5965900e3c7eed2037c7fc9f95ae681a40f2c3f91aa3852decfffb41118_1_0	8681f5965900e3c7eed2037c7fc9f95ae681a40f2c3f91aa3852decfffb41118	1	0	/mnt/data/grasp-anything-lgd/data/processed/grasp-anything-pp/grasp_instructions/grasp_instructions/8681f5965900e3c7eed2037c7fc9f95ae681a40f2c3f91aa3852decfffb41118_1_0.pkl	/mnt/data/grasp-anything-lgd/data/processed/grasp-anything-pp/grasp_label_positive/grasp_label_positive/8681f5965900e3c7eed2037c7fc9f95ae681a40f2c3f91aa3852decfffb41118_1_0.pt	2x6	0.023634	375.027954	Fetch pepper by its spice.	26
e5f3637edde91fb2fd53998bfde1b939d7a6540d4fcb8f91abea9a662fd82f28_1_2	e5f3637edde91fb2fd53998bfde1b939d7a6540d4fcb8f91abea9a662fd82f28	1	2	/mnt/data/grasp-anything-lgd/data/processed/grasp-anything-pp/grasp_instructions/grasp_instructions/e5f3637edde91fb2fd53998bfde1b939d7a6540d4fcb8f91abea9a662fd82f28_1_2.pkl	/mnt/data/grasp-anything-lgd/data/processed/grasp-anything-pp/grasp_label_positive/grasp_label_positive/e5f3637edde91fb2fd53998bfde1b939d7a6540d4fcb8f91abea9a662fd82f28_1_2.pt	1x6	0.036814	239.076355	Take hold of duck on its webbed feet.	37
8c4a12d5c4fcb70c291e74b588e2aa9d70fb2d485d301734aef5970ddb6e25ca_0_2	8c4a12d5c4fcb70c291e74b588e2aa9d70fb2d485d301734aef5970ddb6e25ca	0	2	/mnt/data/grasp-anything-lgd/data/processed/grasp-anything-pp/grasp_instructions/grasp_instructions/8c4a12d5c4fcb70c291e74b588e2aa9d70fb2d485d301734aef5970ddb6e25ca_0_2.pkl	/mnt/data/grasp-anything-lgd/data/processed/grasp-anything-pp/grasp_label_positive/grasp_label_positive/8c4a12d5c4fcb70c291e74b588e2aa9d70fb2d485d301734aef5970ddb6e25ca_0_2.pt	3x6	0.113535	243.174011	Grab apple on its seeds.	24
38c49ef60d67fe9af0ac2a85e22ec1ee9d75a48ec7dff2e94a7a189a4c39d25b_0_0	38c49ef60d67fe9af0ac2a85e22ec1ee9d75a48ec7dff2e94a7a189a4c39d25b	0	0	/mnt/data/grasp-anything-lgd/data/processed/grasp-anything-pp/grasp_instructions/grasp_instructions/38c49ef60d67fe9af0ac2a85e22ec1ee9d75a48ec7dff2e94a7a189a4c39d25b_0_0.pkl	/mnt/data/grasp-anything-lgd/data/processed/grasp-anything-pp/grasp_label_positive/grasp_label_positive/38c49ef60d67fe9af0ac2a85e22ec1ee9d75a48ec7dff2e94a7a189a4c39d25b_0_0.pt	8x6	0.048123	230.111755	Grab duck on its feathers.	26
2b3f88f0221fa91db2369c8effdcb15fd19590cbbed1608bf46bb43b5c86559d_0_3	2b3f88f0221fa91db2369c8effdcb15fd19590cbbed1608bf46bb43b5c86559d	0	3	/mnt/data/grasp-anything-lgd/data/processed/grasp-anything-pp/grasp_instructions/grasp_instructions/2b3f88f0221fa91db2369c8effdcb15fd19590cbbed1608bf46bb43b5c86559d_0_3.pkl	/mnt/data/grasp-anything-lgd/data/processed/grasp-anything-pp/grasp_label_positive/grasp_label_positive/2b3f88f0221fa91db2369c8effdcb15fd19590cbbed1608bf46bb43b5c86559d_0_3.pt	1x6	-0.005673	126.984604	Fetch apple by its stem.	24
7695465cd24a7f9462af091b16bb1fff135d765981e749c44c777cdf5f102a8d_0_2	7695465cd24a7f9462af091b16bb1fff135d765981e749c44c777cdf5f102a8d	0	2	/mnt/data/grasp-anything-lgd/data/processed/grasp-anything-pp/grasp_instructions/grasp_instructions/7695465cd24a7f9462af091b16bb1fff135d765981e749c44c777cdf5f102a8d_0_2.pkl	/mnt/data/grasp-anything-lgd/data/processed/grasp-anything-pp/grasp_label_positive/grasp_label_positive/7695465cd24a7f9462af091b16bb1fff135d765981e749c44c777cdf5f102a8d_0_2.pt	1x6	0.013539	227.134186	Grip calculator on its solar panel.	35
c1573772f1869e1bb58129835888f9ccba3fb29c11d431d54217df2a18909e05_0_0	c1573772f1869e1bb58129835888f9ccba3fb29c11d431d54217df2a18909e05	0	0	/mnt/data/grasp-anything-lgd/data/processed/grasp-anything-pp/grasp_instructions/grasp_instructions/c1573772f1869e1bb58129835888f9ccba3fb29c11d431d54217df2a18909e05_0_0.pkl	/mnt/data/grasp-anything-lgd/data/processed/grasp-anything-pp/grasp_label_positive/grasp_label_positive/c1573772f1869e1bb58129835888f9ccba3fb29c11d431d54217df2a18909e05_0_0.pt	6x6	0.032562	364.067291	Lift blueberry by its skin.	27
b17c7e1728c7ccfa62aa2b39b0aa8c1ffe107228958c85d6f11289d2cb13d5d8_0_0	b17c7e1728c7ccfa62aa2b39b0aa8c1ffe107228958c85d6f11289d2cb13d5d8	0	0	/mnt/data/grasp-anything-lgd/data/processed/grasp-anything-pp/grasp_instructions/grasp_instructions/b17c7e1728c7ccfa62aa2b39b0aa8c1ffe107228958c85d6f11289d2cb13d5d8_0_0.pkl	/mnt/data/grasp-anything-lgd/data/processed/grasp-anything-pp/grasp_label_positive/grasp_label_positive/b17c7e1728c7ccfa62aa2b39b0aa8c1ffe107228958c85d6f11289d2cb13d5d8_0_0.pt	10x6	0.047608	377.894684	Pick up mug by its handle.	26
4792f71c2d727a52e7b3d744d65882f0e3d3ff487781e65c3c4dcfaabbbaa768_1_0	4792f71c2d727a52e7b3d744d65882f0e3d3ff487781e65c3c4dcfaabbbaa768	1	0	/mnt/data/grasp-anything-lgd/data/processed/grasp-anything-pp/grasp_instructions/grasp_instructions/4792f71c2d727a52e7b3d744d65882f0e3d3ff487781e65c3c4dcfaabbbaa768_1_0.pkl	/mnt/data/grasp-anything-lgd/data/processed/grasp-anything-pp/grasp_label_positive/grasp_label_positive/4792f71c2d727a52e7b3d744d65882f0e3d3ff487781e65c3c4dcfaabbbaa768_1_0.pt	4x6	0.020903	300.901703	Grab spoon on its utensil.	26
490805fe6ed1e5e182dd6229eeeedf6624b0ecfcc3482a177d3cf664a2c4877d_0_2	490805fe6ed1e5e182dd6229eeeedf6624b0ecfcc3482a177d3cf664a2c4877d	0	2	/mnt/data/grasp-anything-lgd/data/processed/grasp-anything-pp/grasp_instructions/grasp_instructions/490805fe6ed1e5e182dd6229eeeedf6624b0ecfcc3482a177d3cf664a2c4877d_0_2.pkl	/mnt/data/grasp-anything-lgd/data/processed/grasp-anything-pp/grasp_label_positive/grasp_label_positive/490805fe6ed1e5e182dd6229eeeedf6624b0ecfcc3482a177d3cf664a2c4877d_0_2.pt	4x6	0.044994	295.938232	Hold eraser at its texture.	27
21302ce92d6741bb387ab9fc8b3110578083fda53efe6f3e3c5629441f849188_0_1	21302ce92d6741bb387ab9fc8b3110578083fda53efe6f3e3c5629441f849188	0	1	/mnt/data/grasp-anything-lgd/data/processed/grasp-anything-pp/grasp_instructions/grasp_instructions/21302ce92d6741bb387ab9fc8b3110578083fda53efe6f3e3c5629441f849188_0_1.pkl	/mnt/data/grasp-anything-lgd/data/processed/grasp-anything-pp/grasp_label_positive/grasp_label_positive/21302ce92d6741bb387ab9fc8b3110578083fda53efe6f3e3c5629441f849188_0_1.pt	11x6	0.066217	385.061035	Take stapler by its metal clasp.	32
c25bb9c387b07b49e2c997b9981c994d9f3c91776de18f016a872b6d5d6ed980_0_2	c25bb9c387b07b49e2c997b9981c994d9f3c91776de18f016a872b6d5d6ed980	0	2	/mnt/data/grasp-anything-lgd/data/processed/grasp-anything-pp/grasp_instructions/grasp_instructions/c25bb9c387b07b49e2c997b9981c994d9f3c91776de18f016a872b6d5d6ed980_0_2.pkl	/mnt/data/grasp-anything-lgd/data/processed/grasp-anything-pp/grasp_label_positive/grasp_label_positive/c25bb9c387b07b49e2c997b9981c994d9f3c91776de18f016a872b6d5d6ed980_0_2.pt	3x6	0.005483	334.714905	Take hold of stapler on its base.	33
8c9846049281f20abbb9015bbfd46fe19b68e31e635ce9372287236a6346233b_1_0	8c9846049281f20abbb9015bbfd46fe19b68e31e635ce9372287236a6346233b	1	0	/mnt/data/grasp-anything-lgd/data/processed/grasp-anything-pp/grasp_instructions/grasp_instructions/8c9846049281f20abbb9015bbfd46fe19b68e31e635ce9372287236a6346233b_1_0.pkl	/mnt/data/grasp-anything-lgd/data/processed/grasp-anything-pp/grasp_label_positive/grasp_label_positive/8c9846049281f20abbb9015bbfd46fe19b68e31e635ce9372287236a6346233b_1_0.pt	3x6	0.018699	341.903198	Fetch notebook by its cover.	28
ce59318ecd00e488a5f6d00ea233191b46624712bf648e92e06e22d465378865_0_0	ce59318ecd00e488a5f6d00ea233191b46624712bf648e92e06e22d465378865	0	0	/mnt/data/grasp-anything-lgd/data/processed/grasp-anything-pp/grasp_instructions/grasp_instructions/ce59318ecd00e488a5f6d00ea233191b46624712bf648e92e06e22d465378865_0_0.pkl	/mnt/data/grasp-anything-lgd/data/processed/grasp-anything-pp/grasp_label_positive/grasp_label_positive/ce59318ecd00e488a5f6d00ea233191b46624712bf648e92e06e22d465378865_0_0.pt	1x6	0.00438	378.009491	Fetch flashlight by its body.	29
a6df12b5b6aaa9047f9ff9686ce96f586b2f77d8e24e6d0744fd43be2de9d792_0_1	a6df12b5b6aaa9047f9ff9686ce96f586b2f77d8e24e6d0744fd43be2de9d792	0	1	/mnt/data/grasp-anything-lgd/data/processed/grasp-anything-pp/grasp_instructions/grasp_instructions/a6df12b5b6aaa9047f9ff9686ce96f586b2f77d8e24e6d0744fd43be2de9d792_0_1.pkl	/mnt/data/grasp-anything-lgd/data/processed/grasp-anything-pp/grasp_label_positive/grasp_label_positive/a6df12b5b6aaa9047f9ff9686ce96f586b2f77d8e24e6d0744fd43be2de9d792_0_1.pt	7x6	0.041449	295.033691	Fetch duck by its bill.	23
efff6eb2f2481f7334e89f64fd55c9b3a14fc2d19753ea6d6c9079aa87a1183d_0_0	efff6eb2f2481f7334e89f64fd55c9b3a14fc2d19753ea6d6c9079aa87a1183d	0	0	/mnt/data/grasp-anything-lgd/data/processed/grasp-anything-pp/grasp_instructions/grasp_instructions/efff6eb2f2481f7334e89f64fd55c9b3a14fc2d19753ea6d6c9079aa87a1183d_0_0.pkl	/mnt/data/grasp-anything-lgd/data/processed/grasp-anything-pp/grasp_label_positive/grasp_label_positive/efff6eb2f2481f7334e89f64fd55c9b3a14fc2d19753ea6d6c9079aa87a1183d_0_0.pt	1x6	0.025936	173.59903	Grip spoon on its utensil.	26
c3c34abc39c4ff20044aa1d62ec61e40677ff11f4286dc0c5d04719aa869e2e5_0_2	c3c34abc39c4ff20044aa1d62ec61e40677ff11f4286dc0c5d04719aa869e2e5	0	2	/mnt/data/grasp-anything-lgd/data/processed/grasp-anything-pp/grasp_instructions/grasp_instructions/c3c34abc39c4ff20044aa1d62ec61e40677ff11f4286dc0c5d04719aa869e2e5_0_2.pkl	/mnt/data/grasp-anything-lgd/data/processed/grasp-anything-pp/grasp_label_positive/grasp_label_positive/c3c34abc39c4ff20044aa1d62ec61e40677ff11f4286dc0c5d04719aa869e2e5_0_2.pt	13x6	0.019187	366.787964	Hold spoon at its handle.	25
4e4fedb8717f4cef4e0a843f76bd7e60e4e77dc71957af6f8c4e31655491992e_2_0	4e4fedb8717f4cef4e0a843f76bd7e60e4e77dc71957af6f8c4e31655491992e	2	0	/mnt/data/grasp-anything-lgd/data/processed/grasp-anything-pp/grasp_instructions/grasp_instructions/4e4fedb8717f4cef4e0a843f76bd7e60e4e77dc71957af6f8c4e31655491992e_2_0.pkl	/mnt/data/grasp-anything-lgd/data/processed/grasp-anything-pp/grasp_label_positive/grasp_label_positive/4e4fedb8717f4cef4e0a843f76bd7e60e4e77dc71957af6f8c4e31655491992e_2_0.pt	6x6	0.010634	198.493866	Hold vase at its container.	27
d9ef41676f61c8496cff686b0e4db4a1fcf04e08ef7411222348f07007179aef_0_2	d9ef41676f61c8496cff686b0e4db4a1fcf04e08ef7411222348f07007179aef	0	2	/mnt/data/grasp-anything-lgd/data/processed/grasp-anything-pp/grasp_instructions/grasp_instructions/d9ef41676f61c8496cff686b0e4db4a1fcf04e08ef7411222348f07007179aef_0_2.pkl	/mnt/data/grasp-anything-lgd/data/processed/grasp-anything-pp/grasp_label_positive/grasp_label_positive/d9ef41676f61c8496cff686b0e4db4a1fcf04e08ef7411222348f07007179aef_0_2.pt	2x6	0.04655	354.985321	Take hold of apple on its seeds.	32
410992ac4da8e522bd1bb391715850e15b6a7661adc8c1cd3930288cd02c1869_1_3	410992ac4da8e522bd1bb391715850e15b6a7661adc8c1cd3930288cd02c1869	1	3	/mnt/data/grasp-anything-lgd/data/processed/grasp-anything-pp/grasp_instructions/grasp_instructions/410992ac4da8e522bd1bb391715850e15b6a7661adc8c1cd3930288cd02c1869_1_3.pkl	/mnt/data/grasp-anything-lgd/data/processed/grasp-anything-pp/grasp_label_positive/grasp_label_positive/410992ac4da8e522bd1bb391715850e15b6a7661adc8c1cd3930288cd02c1869_1_3.pt	1x6	-0.004851	177.082336	Grab apple on its stem.	23
c15a2ba3afb93bb0451f1adfaeca5b4eb58c35985fe1046e7b92bcc550d219a0_0_2	c15a2ba3afb93bb0451f1adfaeca5b4eb58c35985fe1046e7b92bcc550d219a0	0	2	/mnt/data/grasp-anything-lgd/data/processed/grasp-anything-pp/grasp_instructions/grasp_instructions/c15a2ba3afb93bb0451f1adfaeca5b4eb58c35985fe1046e7b92bcc550d219a0_0_2.pkl	/mnt/data/grasp-anything-lgd/data/processed/grasp-anything-pp/grasp_label_positive/grasp_label_positive/c15a2ba3afb93bb0451f1adfaeca5b4eb58c35985fe1046e7b92bcc550d219a0_0_2.pt	11x6	0.067733	291.749146	Grasp apple at its seeds.	25
45648168ff494c473f03d67487c1638a2a31fb8a38ef60ae3f83263ef30893e6_2_2	45648168ff494c473f03d67487c1638a2a31fb8a38ef60ae3f83263ef30893e6	2	2	/mnt/data/grasp-anything-lgd/data/processed/grasp-anything-pp/grasp_instructions/grasp_instructions/45648168ff494c473f03d67487c1638a2a31fb8a38ef60ae3f83263ef30893e6_2_2.pkl	/mnt/data/grasp-anything-lgd/data/processed/grasp-anything-pp/grasp_label_positive/grasp_label_positive/45648168ff494c473f03d67487c1638a2a31fb8a38ef60ae3f83263ef30893e6_2_2.pt	10x6	0.009842	330.608185	Lift pen by its cap.	20
bab4aff73e00bf953db2bd8069ff53b0cd856639b40b559bdcf8c15c81f9858a_2_1	bab4aff73e00bf953db2bd8069ff53b0cd856639b40b559bdcf8c15c81f9858a	2	1	/mnt/data/grasp-anything-lgd/data/processed/grasp-anything-pp/grasp_instructions/grasp_instructions/bab4aff73e00bf953db2bd8069ff53b0cd856639b40b559bdcf8c15c81f9858a_2_1.pkl	/mnt/data/grasp-anything-lgd/data/processed/grasp-anything-pp/grasp_label_positive/grasp_label_positive/bab4aff73e00bf953db2bd8069ff53b0cd856639b40b559bdcf8c15c81f9858a_2_1.pt	5x6	0.079781	361.835724	Grasp ball at its material.	27
aa039affa92a2843e68d74696f67729bff77203d902f677a31a5dd860109431b_2_2	aa039affa92a2843e68d74696f67729bff77203d902f677a31a5dd860109431b	2	2	/mnt/data/grasp-anything-lgd/data/processed/grasp-anything-pp/grasp_instructions/grasp_instructions/aa039affa92a2843e68d74696f67729bff77203d902f677a31a5dd860109431b_2_2.pkl	/mnt/data/grasp-anything-lgd/data/processed/grasp-anything-pp/grasp_label_positive/grasp_label_positive/aa039affa92a2843e68d74696f67729bff77203d902f677a31a5dd860109431b_2_2.pt	4x6	0.035545	372.985962	Lift sharpener by its handle.	29
6eeaba51e3427441134729e0f4b7f792b838b7b811d58b55b49034f9d1d5aadf_1_2	6eeaba51e3427441134729e0f4b7f792b838b7b811d58b55b49034f9d1d5aadf	1	2	/mnt/data/grasp-anything-lgd/data/processed/grasp-anything-pp/grasp_instructions/grasp_instructions/6eeaba51e3427441134729e0f4b7f792b838b7b811d58b55b49034f9d1d5aadf_1_2.pkl	/mnt/data/grasp-anything-lgd/data/processed/grasp-anything-pp/grasp_label_positive/grasp_label_positive/6eeaba51e3427441134729e0f4b7f792b838b7b811d58b55b49034f9d1d5aadf_1_2.pt	7x6	0.026225	371.687286	Grasp note at its information.	30
eefa199e8a95e1241348f561024bc6e2fde3b5f58dc2e0272ea09313a59d6a68_0_0	eefa199e8a95e1241348f561024bc6e2fde3b5f58dc2e0272ea09313a59d6a68	0	0	/mnt/data/grasp-anything-lgd/data/processed/grasp-anything-pp/grasp_instructions/grasp_instructions/eefa199e8a95e1241348f561024bc6e2fde3b5f58dc2e0272ea09313a59d6a68_0_0.pkl	/mnt/data/grasp-anything-lgd/data/processed/grasp-anything-pp/grasp_label_positive/grasp_label_positive/eefa199e8a95e1241348f561024bc6e2fde3b5f58dc2e0272ea09313a59d6a68_0_0.pt	5x6	0.085875	172.07373	Grab stapler on its office tool.	32
5abfc22920dfd885883ec80a03e341f118cd39c330b60f18cdce2bb9acc33a88_0_2	5abfc22920dfd885883ec80a03e341f118cd39c330b60f18cdce2bb9acc33a88	0	2	/mnt/data/grasp-anything-lgd/data/processed/grasp-anything-pp/grasp_instructions/grasp_instructions/5abfc22920dfd885883ec80a03e341f118cd39c330b60f18cdce2bb9acc33a88_0_2.pkl	/mnt/data/grasp-anything-lgd/data/processed/grasp-anything-pp/grasp_label_positive/grasp_label_positive/5abfc22920dfd885883ec80a03e341f118cd39c330b60f18cdce2bb9acc33a88_0_2.pt	1x6	0.425327	0.946114	Grip notebook on its binding.	29
75a60feafd8b9738d755cacef6e14f682f7a0219f4c1bbd630eab4efea296341_0_0	75a60feafd8b9738d755cacef6e14f682f7a0219f4c1bbd630eab4efea296341	0	0	/mnt/data/grasp-anything-lgd/data/processed/grasp-anything-pp/grasp_instructions/grasp_instructions/75a60feafd8b9738d755cacef6e14f682f7a0219f4c1bbd630eab4efea296341_0_0.pkl	/mnt/data/grasp-anything-lgd/data/processed/grasp-anything-pp/grasp_label_positive/grasp_label_positive/75a60feafd8b9738d755cacef6e14f682f7a0219f4c1bbd630eab4efea296341_0_0.pt	7x6	0.009914	378.318878	Take spoon by its utensil.	26
6de6bf806c56ba982edae8381fdfcfebef04aaa56338d77580b5ec3fd342679e_0_1	6de6bf806c56ba982edae8381fdfcfebef04aaa56338d77580b5ec3fd342679e	0	1	/mnt/data/grasp-anything-lgd/data/processed/grasp-anything-pp/grasp_instructions/grasp_instructions/6de6bf806c56ba982edae8381fdfcfebef04aaa56338d77580b5ec3fd342679e_0_1.pkl	/mnt/data/grasp-anything-lgd/data/processed/grasp-anything-pp/grasp_label_positive/grasp_label_positive/6de6bf806c56ba982edae8381fdfcfebef04aaa56338d77580b5ec3fd342679e_0_1.pt	21x6	0.023747	325.626495	Grip key on its notches.	24
a5f7e99759be5f38bff4d05fd4c833455ecc6567273641a91dee9ac6dbc45b25_0_3	a5f7e99759be5f38bff4d05fd4c833455ecc6567273641a91dee9ac6dbc45b25	0	3	/mnt/data/grasp-anything-lgd/data/processed/grasp-anything-pp/grasp_instructions/grasp_instructions/a5f7e99759be5f38bff4d05fd4c833455ecc6567273641a91dee9ac6dbc45b25_0_3.pkl	/mnt/data/grasp-anything-lgd/data/processed/grasp-anything-pp/grasp_label_positive/grasp_label_positive/a5f7e99759be5f38bff4d05fd4c833455ecc6567273641a91dee9ac6dbc45b25_0_3.pt	2x6	0.059101	268.195007	Grasp apple at its stem.	24
8d8290b3f602cd47c16382db81f1433ed8b7aee5136d0c746fe2c685e1fdf881_0_2	8d8290b3f602cd47c16382db81f1433ed8b7aee5136d0c746fe2c685e1fdf881	0	2	/mnt/data/grasp-anything-lgd/data/processed/grasp-anything-pp/grasp_instructions/grasp_instructions/8d8290b3f602cd47c16382db81f1433ed8b7aee5136d0c746fe2c685e1fdf881_0_2.pkl	/mnt/data/grasp-anything-lgd/data/processed/grasp-anything-pp/grasp_label_positive/grasp_label_positive/8d8290b3f602cd47c16382db81f1433ed8b7aee5136d0c746fe2c685e1fdf881_0_2.pt	15x6	0.038166	385.966705	Fetch spoon by its handle.	26
43da5e603a3169c5280374b194ec48e52c3453e3ff8dd7b416e5c9328f44df9d_1_1	43da5e603a3169c5280374b194ec48e52c3453e3ff8dd7b416e5c9328f44df9d	1	1	/mnt/data/grasp-anything-lgd/data/processed/grasp-anything-pp/grasp_instructions/grasp_instructions/43da5e603a3169c5280374b194ec48e52c3453e3ff8dd7b416e5c9328f44df9d_1_1.pkl	/mnt/data/grasp-anything-lgd/data/processed/grasp-anything-pp/grasp_label_positive/grasp_label_positive/43da5e603a3169c5280374b194ec48e52c3453e3ff8dd7b416e5c9328f44df9d_1_1.pt	14x6	0.015974	291.528046	Pick up pen by its ink or lead.	31
79e223069a1ff1610c3b189d48fcecae0882fd2f395c876b08f977fda50b4a16_0_0	79e223069a1ff1610c3b189d48fcecae0882fd2f395c876b08f977fda50b4a16	0	0	/mnt/data/grasp-anything-lgd/data/processed/grasp-anything-pp/grasp_instructions/grasp_instructions/79e223069a1ff1610c3b189d48fcecae0882fd2f395c876b08f977fda50b4a16_0_0.pkl	/mnt/data/grasp-anything-lgd/data/processed/grasp-anything-pp/grasp_label_positive/grasp_label_positive/79e223069a1ff1610c3b189d48fcecae0882fd2f395c876b08f977fda50b4a16_0_0.pt	4x6	0.024004	373.907379	Take spoon by its utensil.	26
75975f4c9629b193e8d07c0daa0314a96c2a69dca84c662b632935e8cb1ced75_0_0	75975f4c9629b193e8d07c0daa0314a96c2a69dca84c662b632935e8cb1ced75	0	0	/mnt/data/grasp-anything-lgd/data/processed/grasp-anything-pp/grasp_instructions/grasp_instructions/75975f4c9629b193e8d07c0daa0314a96c2a69dca84c662b632935e8cb1ced75_0_0.pkl	/mnt/data/grasp-anything-lgd/data/processed/grasp-anything-pp/grasp_label_positive/grasp_label_positive/75975f4c9629b193e8d07c0daa0314a96c2a69dca84c662b632935e8cb1ced75_0_0.pt	13x6	0.040142	304.946716	Take smartphone by its mobile device.	37
ea3845f756d6d66f87a7242cf75d870da0ef15b2271495830f10bec18bdd5f06_0_2	ea3845f756d6d66f87a7242cf75d870da0ef15b2271495830f10bec18bdd5f06	0	2	/mnt/data/grasp-anything-lgd/data/processed/grasp-anything-pp/grasp_instructions/grasp_instructions/ea3845f756d6d66f87a7242cf75d870da0ef15b2271495830f10bec18bdd5f06_0_2.pkl	/mnt/data/grasp-anything-lgd/data/processed/grasp-anything-pp/grasp_label_positive/grasp_label_positive/ea3845f756d6d66f87a7242cf75d870da0ef15b2271495830f10bec18bdd5f06_0_2.pt	2x6	0.185141	236.741684	Lift spoon by its handle.	25
6c6b480bfb5a32a7d6794d4be139d95b7287449fde5b5fbb612b4f39010e2e65_1_0	6c6b480bfb5a32a7d6794d4be139d95b7287449fde5b5fbb612b4f39010e2e65	1	0	/mnt/data/grasp-anything-lgd/data/processed/grasp-anything-pp/grasp_instructions/grasp_instructions/6c6b480bfb5a32a7d6794d4be139d95b7287449fde5b5fbb612b4f39010e2e65_1_0.pkl	/mnt/data/grasp-anything-lgd/data/processed/grasp-anything-pp/grasp_label_positive/grasp_label_positive/6c6b480bfb5a32a7d6794d4be139d95b7287449fde5b5fbb612b4f39010e2e65_1_0.pt	2x6	0.011301	329.351105	Take hold of tie on its neckwear.	33
bb4db3b538c551d2f9ea31ac6e158806595e711c85191798bec086a91874d44e_0_2	bb4db3b538c551d2f9ea31ac6e158806595e711c85191798bec086a91874d44e	0	2	/mnt/data/grasp-anything-lgd/data/processed/grasp-anything-pp/grasp_instructions/grasp_instructions/bb4db3b538c551d2f9ea31ac6e158806595e711c85191798bec086a91874d44e_0_2.pkl	/mnt/data/grasp-anything-lgd/data/processed/grasp-anything-pp/grasp_label_positive/grasp_label_positive/bb4db3b538c551d2f9ea31ac6e158806595e711c85191798bec086a91874d44e_0_2.pt	7x6	0.048543	324.465179	Pick up stapler by its base.	28
aae2a1cb393b67956814926729bb3514ad15d0b6e014e646e569e2f7ae4ef612_1_1	aae2a1cb393b67956814926729bb3514ad15d0b6e014e646e569e2f7ae4ef612	1	1	/mnt/data/grasp-anything-lgd/data/processed/grasp-anything-pp/grasp_instructions/grasp_instructions/aae2a1cb393b67956814926729bb3514ad15d0b6e014e646e569e2f7ae4ef612_1_1.pkl	/mnt/data/grasp-anything-lgd/data/processed/grasp-anything-pp/grasp_label_positive/grasp_label_positive/aae2a1cb393b67956814926729bb3514ad15d0b6e014e646e569e2f7ae4ef612_1_1.pt	1x6	1.480512	272.859528	Pick up kiwi by its flesh.	26
38cf2486d4608b8999a24e5cbe9577718797a5b39afc67509b43b1f942214c65_0_1	38cf2486d4608b8999a24e5cbe9577718797a5b39afc67509b43b1f942214c65	0	1	/mnt/data/grasp-anything-lgd/data/processed/grasp-anything-pp/grasp_instructions/grasp_instructions/38cf2486d4608b8999a24e5cbe9577718797a5b39afc67509b43b1f942214c65_0_1.pkl	/mnt/data/grasp-anything-lgd/data/processed/grasp-anything-pp/grasp_label_positive/grasp_label_positive/38cf2486d4608b8999a24e5cbe9577718797a5b39afc67509b43b1f942214c65_0_1.pt	6x6	0.022143	354.444977	Pick up hair by its scalp.	26
a36d5f909b8ce4bc2810532a333237d7e0e04739b8e1a09e8d20c399794856aa_1_0	a36d5f909b8ce4bc2810532a333237d7e0e04739b8e1a09e8d20c399794856aa	1	0	/mnt/data/grasp-anything-lgd/data/processed/grasp-anything-pp/grasp_instructions/grasp_instructions/a36d5f909b8ce4bc2810532a333237d7e0e04739b8e1a09e8d20c399794856aa_1_0.pkl	/mnt/data/grasp-anything-lgd/data/processed/grasp-anything-pp/grasp_label_positive/grasp_label_positive/a36d5f909b8ce4bc2810532a333237d7e0e04739b8e1a09e8d20c399794856aa_1_0.pt	11x6	0.021771	264.491089	Take hold of banana on its skin.	32
f365705d9ae0f86554de85b6cbd1b3d36165a006755d3bdc2ac93c2c6f68bc3a_1_1	f365705d9ae0f86554de85b6cbd1b3d36165a006755d3bdc2ac93c2c6f68bc3a	1	1	/mnt/data/grasp-anything-lgd/data/processed/grasp-anything-pp/grasp_instructions/grasp_instructions/f365705d9ae0f86554de85b6cbd1b3d36165a006755d3bdc2ac93c2c6f68bc3a_1_1.pkl	/mnt/data/grasp-anything-lgd/data/processed/grasp-anything-pp/grasp_label_positive/grasp_label_positive/f365705d9ae0f86554de85b6cbd1b3d36165a006755d3bdc2ac93c2c6f68bc3a_1_1.pt	3x6	0.122505	374.648315	Take hold of laptop on its keyboard.	36
19e33f0d5ba5a15cc2697148bcbc90e421eddf3b6d65e23303bee9b01d45dede_2_2	19e33f0d5ba5a15cc2697148bcbc90e421eddf3b6d65e23303bee9b01d45dede	2	2	/mnt/data/grasp-anything-lgd/data/processed/grasp-anything-pp/grasp_instructions/grasp_instructions/19e33f0d5ba5a15cc2697148bcbc90e421eddf3b6d65e23303bee9b01d45dede_2_2.pkl	/mnt/data/grasp-anything-lgd/data/processed/grasp-anything-pp/grasp_label_positive/grasp_label_positive/19e33f0d5ba5a15cc2697148bcbc90e421eddf3b6d65e23303bee9b01d45dede_2_2.pt	7x6	0.037786	172.276169	Grasp stapler at its base.	26
e7719f70adcd3c00b8e2de8ed0cc6796facd191d0098e98205291ebebef85d36_2_1	e7719f70adcd3c00b8e2de8ed0cc6796facd191d0098e98205291ebebef85d36	2	1	/mnt/data/grasp-anything-lgd/data/processed/grasp-anything-pp/grasp_instructions/grasp_instructions/e7719f70adcd3c00b8e2de8ed0cc6796facd191d0098e98205291ebebef85d36_2_1.pkl	/mnt/data/grasp-anything-lgd/data/processed/grasp-anything-pp/grasp_label_positive/grasp_label_positive/e7719f70adcd3c00b8e2de8ed0cc6796facd191d0098e98205291ebebef85d36_2_1.pt	22x6	0.015941	379.795288	Take pen by its ink or lead.	28
fd64c50cac7620928b155dc8deed1ee676bad34d2a5b97fbc1d0f7994f66cf55_2_0	fd64c50cac7620928b155dc8deed1ee676bad34d2a5b97fbc1d0f7994f66cf55	2	0	/mnt/data/grasp-anything-lgd/data/processed/grasp-anything-pp/grasp_instructions/grasp_instructions/fd64c50cac7620928b155dc8deed1ee676bad34d2a5b97fbc1d0f7994f66cf55_2_0.pkl	/mnt/data/grasp-anything-lgd/data/processed/grasp-anything-pp/grasp_label_positive/grasp_label_positive/fd64c50cac7620928b155dc8deed1ee676bad34d2a5b97fbc1d0f7994f66cf55_2_0.pt	3x6	0.02597	378.480804	Grab notepad on its paper.	26
bf833f8122fc226513e06943a166b86e42e235ccb62a2c148980dcf62995e3f4_0_2	bf833f8122fc226513e06943a166b86e42e235ccb62a2c148980dcf62995e3f4	0	2	/mnt/data/grasp-anything-lgd/data/processed/grasp-anything-pp/grasp_instructions/grasp_instructions/bf833f8122fc226513e06943a166b86e42e235ccb62a2c148980dcf62995e3f4_0_2.pkl	/mnt/data/grasp-anything-lgd/data/processed/grasp-anything-pp/grasp_label_positive/grasp_label_positive/bf833f8122fc226513e06943a166b86e42e235ccb62a2c148980dcf62995e3f4_0_2.pt	11x6	0.008509	289.867889	Lift spoon by its handle.	25
c2bce2e7a545d8c14d2d2d0b7c55c6fdc274eac5ddd23fcdba7c0c76c1aa0fde_0_0	c2bce2e7a545d8c14d2d2d0b7c55c6fdc274eac5ddd23fcdba7c0c76c1aa0fde	0	0	/mnt/data/grasp-anything-lgd/data/processed/grasp-anything-pp/grasp_instructions/grasp_instructions/c2bce2e7a545d8c14d2d2d0b7c55c6fdc274eac5ddd23fcdba7c0c76c1aa0fde_0_0.pkl	/mnt/data/grasp-anything-lgd/data/processed/grasp-anything-pp/grasp_label_positive/grasp_label_positive/c2bce2e7a545d8c14d2d2d0b7c55c6fdc274eac5ddd23fcdba7c0c76c1aa0fde_0_0.pt	3x6	0.112022	277.155396	Lift key by its metal or plastic.	33
f4023d2561ce18ac9009ac3ddcd484e022f5e7bb3d371e1ec0a484ef7cc7dada_0_2	f4023d2561ce18ac9009ac3ddcd484e022f5e7bb3d371e1ec0a484ef7cc7dada	0	2	/mnt/data/grasp-anything-lgd/data/processed/grasp-anything-pp/grasp_instructions/grasp_instructions/f4023d2561ce18ac9009ac3ddcd484e022f5e7bb3d371e1ec0a484ef7cc7dada_0_2.pkl	/mnt/data/grasp-anything-lgd/data/processed/grasp-anything-pp/grasp_label_positive/grasp_label_positive/f4023d2561ce18ac9009ac3ddcd484e022f5e7bb3d371e1ec0a484ef7cc7dada_0_2.pt	6x6	0.245108	293.632233	Pick up pen by its cap.	23
18851ff30de0a2bd51e04a1b22a444b31385104a6c3f02ad219273347d509947_0_1	18851ff30de0a2bd51e04a1b22a444b31385104a6c3f02ad219273347d509947	0	1	/mnt/data/grasp-anything-lgd/data/processed/grasp-anything-pp/grasp_instructions/grasp_instructions/18851ff30de0a2bd51e04a1b22a444b31385104a6c3f02ad219273347d509947_0_1.pkl	/mnt/data/grasp-anything-lgd/data/processed/grasp-anything-pp/grasp_label_positive/grasp_label_positive/18851ff30de0a2bd51e04a1b22a444b31385104a6c3f02ad219273347d509947_0_1.pt	1x6	0.022041	344.68811	Fetch apple by its flesh.	25
434fa36ec5b9071cd2929de4f1a9405e47fecbd2f7f64da6a7a62cb5f56ce4e9_0_2	434fa36ec5b9071cd2929de4f1a9405e47fecbd2f7f64da6a7a62cb5f56ce4e9	0	2	/mnt/data/grasp-anything-lgd/data/processed/grasp-anything-pp/grasp_instructions/grasp_instructions/434fa36ec5b9071cd2929de4f1a9405e47fecbd2f7f64da6a7a62cb5f56ce4e9_0_2.pkl	/mnt/data/grasp-anything-lgd/data/processed/grasp-anything-pp/grasp_label_positive/grasp_label_positive/434fa36ec5b9071cd2929de4f1a9405e47fecbd2f7f64da6a7a62cb5f56ce4e9_0_2.pt	15x6	0.02948	386.592468	Pick up spoon by its handle.	28
efb5c2df1ea39dda8c639c5a90086cf961d5106970c4a9176f6187ba962585aa_0_2	efb5c2df1ea39dda8c639c5a90086cf961d5106970c4a9176f6187ba962585aa	0	2	/mnt/data/grasp-anything-lgd/data/processed/grasp-anything-pp/grasp_instructions/grasp_instructions/efb5c2df1ea39dda8c639c5a90086cf961d5106970c4a9176f6187ba962585aa_0_2.pkl	/mnt/data/grasp-anything-lgd/data/processed/grasp-anything-pp/grasp_label_positive/grasp_label_positive/efb5c2df1ea39dda8c639c5a90086cf961d5106970c4a9176f6187ba962585aa_0_2.pt	5x6	0.163406	373.830109	Lift apple by its seeds.	24
ee3a4e2a7a4b912b7004a415da376673801ff453801dff143312c184f8fefc94_1_0	ee3a4e2a7a4b912b7004a415da376673801ff453801dff143312c184f8fefc94	1	0	/mnt/data/grasp-anything-lgd/data/processed/grasp-anything-pp/grasp_instructions/grasp_instructions/ee3a4e2a7a4b912b7004a415da376673801ff453801dff143312c184f8fefc94_1_0.pkl	/mnt/data/grasp-anything-lgd/data/processed/grasp-anything-pp/grasp_label_positive/grasp_label_positive/ee3a4e2a7a4b912b7004a415da376673801ff453801dff143312c184f8fefc94_1_0.pt	15x6	0.015837	393.066345	Grasp comb at its teeth.	24
48c83abac8f01eb14d62e4b74d76420ecd96502481db88503f908760c2b64bf7_1_2	48c83abac8f01eb14d62e4b74d76420ecd96502481db88503f908760c2b64bf7	1	2	/mnt/data/grasp-anything-lgd/data/processed/grasp-anything-pp/grasp_instructions/grasp_instructions/48c83abac8f01eb14d62e4b74d76420ecd96502481db88503f908760c2b64bf7_1_2.pkl	/mnt/data/grasp-anything-lgd/data/processed/grasp-anything-pp/grasp_label_positive/grasp_label_positive/48c83abac8f01eb14d62e4b74d76420ecd96502481db88503f908760c2b64bf7_1_2.pt	6x6	0.011526	363.574951	Lift scissors by its pivot.	27
b0cf997dbcaf81aa7cf6a117884d4433dde409b0ba149eec567f8a3a053db2a1_0_3	b0cf997dbcaf81aa7cf6a117884d4433dde409b0ba149eec567f8a3a053db2a1	0	3	/mnt/data/grasp-anything-lgd/data/processed/grasp-anything-pp/grasp_instructions/grasp_instructions/b0cf997dbcaf81aa7cf6a117884d4433dde409b0ba149eec567f8a3a053db2a1_0_3.pkl	/mnt/data/grasp-anything-lgd/data/processed/grasp-anything-pp/grasp_label_positive/grasp_label_positive/b0cf997dbcaf81aa7cf6a117884d4433dde409b0ba149eec567f8a3a053db2a1_0_3.pt	5x6	0.0555	373.910553	Take apple by its stem.	23
32b04f9cb2c652a3ac9d61bbce8e44fb17f28f0962a7ea9428b0b685a7b4edcc_0_1	32b04f9cb2c652a3ac9d61bbce8e44fb17f28f0962a7ea9428b0b685a7b4edcc	0	1	/mnt/data/grasp-anything-lgd/data/processed/grasp-anything-pp/grasp_instructions/grasp_instructions/32b04f9cb2c652a3ac9d61bbce8e44fb17f28f0962a7ea9428b0b685a7b4edcc_0_1.pkl	/mnt/data/grasp-anything-lgd/data/processed/grasp-anything-pp/grasp_label_positive/grasp_label_positive/32b04f9cb2c652a3ac9d61bbce8e44fb17f28f0962a7ea9428b0b685a7b4edcc_0_1.pt	6x6	0.017913	373.48764	Pick up banana by its flesh.	28
